gene_name,mean_raw_counts
ERCC-00130,306.2398
ERCC-00004,92.233475
ERCC-00136,42.32876
ERCC-00108,47.160954
ERCC-00116,0.22298849
ERCC-00092,22.877039
ERCC-00095,3.6563215
ERCC-00131,1.5597692
ERCC-00062,1.0149423
ERCC-00019,0.6827586
ERCC-00144,0.49540225
ERCC-00170,0.3160919
ERCC-00154,0.044827584
ERCC-00085,0.11034483
ERCC-00028,0.091954015
ERCC-00033,0.15747125
ERCC-00134,0.018390805
ERCC-00147,0.042528734
ERCC-00097,0.0034482758
ERCC-00156,0.016091954
ERCC-00123,0.0
ERCC-00017,0.004597701
ERCC-00083,0.0011494253
ERCC-00096,295.556
ERCC-00171,36.685104
ERCC-00009,33.6023
ERCC-00042,20.465515
ERCC-00060,3.9137914
ERCC-00035,1.275862
ERCC-00025,2.0666664
ERCC-00051,0.2114943
ERCC-00053,1.494253
ERCC-00148,0.08965516
ERCC-00126,0.085057475
ERCC-00034,0.5781609
ERCC-00150,0.07586207
ERCC-00067,0.029885057
ERCC-00031,0.07126437
ERCC-00109,0.013793103
ERCC-00073,0.008045977
ERCC-00158,0.05287356
ERCC-00104,0.0034482758
ERCC-00142,0.008045977
ERCC-00138,0.050574683
ERCC-00117,0.026436782
ERCC-00075,0.0
ERCC-00074,627.1091
ERCC-00113,98.26563
ERCC-00145,9.593105
ERCC-00111,9.2896595
ERCC-00076,2.8540223
ERCC-00044,4.7253
ERCC-00162,1.1919535
ERCC-00071,1.229885
ERCC-00084,0.57471246
ERCC-00099,0.10344827
ERCC-00054,0.025287356
ERCC-00157,0.40919527
ERCC-00143,0.17126437
ERCC-00039,0.022988506
ERCC-00058,0.10114939
ERCC-00120,0.011494253
ERCC-00040,0.027586207
ERCC-00164,0.07931034
ERCC-00024,0.0057471264
ERCC-00016,0.0
ERCC-00012,0.0
ERCC-00098,0.013793103
ERCC-00057,0.0
ERCC-00002,342.61996
ERCC-00046,85.000145
ERCC-00003,31.202314
ERCC-00043,17.091969
ERCC-00022,4.114943
ERCC-00112,2.870114
ERCC-00165,1.9735633
ERCC-00079,0.9494253
ERCC-00078,1.0862066
ERCC-00163,0.13908048
ERCC-00059,0.31609192
ERCC-00160,0.7034479
ERCC-00014,0.027586207
ERCC-00077,0.1448276
ERCC-00069,0.0068965517
ERCC-00137,0.06321835
ERCC-00013,0.0022988506
ERCC-00168,0.0
ERCC-00041,0.0
ERCC-00081,0.0011494253
ERCC-00086,0.0034482758
ERCC-00061,0.01954023
ERCC-00048,0.0034482758
Adora1,0.68390787
Sntg1,0.009195402
Prim2,15.409196
Bai3,5.445978
Cflar,4.871266
Gpr39,0.026436782
Obsl1,17.085062
Syt14,2.0114937
Pld5,0.14252874
Lmx1a,0.009195402
1700112H15Rik,0.0011494253
Lactb2,2.4689646
Cpa6,0.064367816
A830018L16Rik,0.13103448
Efhc1,0.81494254
Khdrbs2,11.106903
1700066B17Rik,0.037931032
Lonrf2,8.394252
Actr1b,57.679314
Dnah7b,0.36321846
Gpr45,0.11609188
Dnah7a,0.07931034
Pgap1,14.956326
Plcl1,1.0758619
Bmpr2,34.140247
Pard3b,2.7264364
Spag16,0.47356328
Usp37,18.093111
Xrcc5,44.22988
Erbb4,0.28850573
Abca12,0.08620688
Pinc,0.0011494253
D530049I02Rik,0.0022988506
Dock10,2.4103441
Ugt1a9,0.0
Sh3bp4,9.478164
Ugt1a10,0.0
Dis3l2,26.082773
Slc16a14,0.09310345
Pask,7.411497
Cdh20,0.16896552
Serpinb12,0.028735632
Cdh7,0.031034483
Cntnap5a,0.34942526
Clasp1,92.610405
Dpp10,0.0034482758
Cdk18,2.5724127
Thsd7b,173.51157
Rab3gap1,9.957475
Mapkapk2,30.281607
Rnpep,44.67125
Camsap2,23.510353
Aspm,8.70115
Kcnt2,0.10344827
Pla2g4a,1.213793
Brinp3,0.1632184
Cdc73,9.679315
Brinp2,1.4183905
1700025G04Rik,9.213797
Nmnat2,38.096558
Stx6,33.0954
Rasal2,5.940231
Rcsd1,0.51609194
Rabgap1l,5.877012
Fcrla,0.0011494253
Rgs7,0.937931
Trp53bp2,27.20921
Itpkb,0.2804598
Akt3,25.605762
Smyd3,8.371265
Cnih3,0.14942528
Mir297c,0.0011494253
Ptpn14,1.4011488
Rps6kc1,20.85173
Tgfb2,22.24828
Esrrg,0.7356322
Ush2a,0.12873563
A330023F24Rik,0.21609195
Xkr4,0.9114942
Rp1,0.0011494253
Rgs20,0.9701147
Atp6v1h,67.98734
St18,83.165535
Mybl1,4.170116
Adhfe1,0.27011496
Sgk3,1.9264367
Tcf24,0.014942529
Arfgef1,30.32299
2610203C22Rik,0.08620689
Cspp1,15.694261
Prex2,0.5873562
Mir467e,0.0
Sulf1,4.083905
Ncoa2,24.13104
Slco5a1,29.77357
Eya1,12.696554
Kcnb2,5.440232
Stau2,7.6126466
Rdh10,2.1183903
Tceb1,37.540226
Sbspon,0.049425285
Jph1,1.9666661
Defb44-ps,0.0
Tfap2d,0.064367816
Pkhd1,0.08045977
Kcnq5,1.9942527
Rims1,0.45977008
Rims1.1,0.17356321
Smap1,11.886215
Col9a1,4.6896553
Col19a1,0.062068965
Lgsn,0.0022988506
4931428L18Rik,0.0
Dst,97.86901
Ptpn18,0.09195402
Plekhb2,14.64138
Fam178b,0.013793103
Uggt1,79.06785
Lman2l,23.132189
Inpp4a,14.73793
Cnga3,0.004597701
4930594C11Rik,0.6183899
2010300C02Rik,0.23563217
Mgat4a,1.5747126
Tmem131,18.56897
Eif5b,43.36092
Mitd1,6.6563244
Aff3,3.7402275
Npas2,0.013793103
Rfx8,0.0034482758
Tbc1d8,6.283909
Il1r1,0.26551723
Slc9a2,0.004597701
Map4k4,34.093124
Il1r2,0.026436782
Mrps9,22.478165
Uxs1,2.657469
Nck2,7.845987
Gulp1,1.3057469
Ercc5,16.424137
Col5a2,20.016102
Tmeff2,30.157486
9330175M20Rik,0.028735632
Myo1b,78.64139
Stat4,0.013793103
Gls,24.89655
Mfsd6,4.8103447
Asnsd1,36.06665
Pms1,4.871265
Ccdc150,0.46551728
Hecw2,4.4425287
Ankrd44,2.3517234
Rftn2,9.970115
Boll,0.0
9130227L01Rik,0.0
Satb2,1.1218389
9430016H08Rik,11.713792
Aox3,0.0011494253
Ndufb3,18.536776
Aox1,0.6114942
Nif3l1,52.832195
Spats2l,0.8275862
Aox2,0.0057471264
Tmem237,13.144833
Stradb,8.211498
Abi2,25.105742
Nbeal1,9.447129
Ica1l,1.7413789
Raph1,17.32184
Nrp2,38.58391
Adam23,1.3505745
Ndufs1,72.82183
Mdh1b,0.05632184
Zdbf2,9.07586
Klf7,44.033394
Plekhm3,13.1505785
Pikfyve,14.1850605
Acadl,11.755173
Map2,20.725288
Rpe,14.034486
Unc80,0.44252872
Ikzf2,2.6298842
Vwc2l,0.04942529
Bard1,1.6379309
Atic,13.66093
Smarcal1,16.071262
March4,0.10689655
Tns1,1.6678157
Pnkd,20.796566
6030407O03Rik,0.026436782
Zfp142,16.193108
Des,1.5252874
Nhej1,3.906896
Epha4,2.2563212
Mogat1,0.16896552
Pax3,18.662077
Sgpp2,15.802296
Serpine2,22.928741
Nyap2,0.84942544
Rhbdd1,6.147126
Col4a4,0.058620684
Col4a3,0.9804597
Sphkap,1.0425287
Trip12,85.39078
Dner,4.532184
Pid1,1.0333332
Sp110,0.016091954
A630001G21Rik,0.035632186
Armc9,9.593107
Psmd1,143.6299
Inpp5d,0.1862069
Usp40,14.609193
Efhd1,0.0034482758
Gigyf2,22.650581
Ngef,0.13333333
Sag,0.11264368
Ugt1a7c,0.004597701
Ugt1a6b,0.008045977
Ugt1a5,0.0011494253
Ugt1a2,0.0011494253
Ugt1a6a,0.014942529
Trpm8,0.010344828
C030007H22Rik,0.0
Agap1,25.937943
Iqca,0.0
Lrrfip1,12.945983
Rab17,0.025287356
Col6a3,0.5022989
Klhl30,0.24597701
Hdac4,12.235636
Kif1a,85.91499
Thap4,6.2344894
D2hgdh,5.6701155
Hdlbp,67.17818
Farp2,2.081608
Slco4c1,0.0011494253
Slco6c1,0.0
Slco6b1,0.0011494253
Slco6d1,0.0034482758
Gin1,4.5505743
D1Ertd622e,8.297707
Pam,8.15058
B230216N24Rik,0.5057471
Cntnap5b,0.13563219
Pign,3.8206882
Gm20753,0.0
Phlpp1,3.0563204
Bcl2,2.7160912
Gli2,5.0988536
Ptpn4,12.856321
Gm101,0.037931032
Sctr,0.2356322
Celrr,0.0022988506
Ccdc93,9.1046
Slc35f5,9.396556
Nckap5,3.1517239
Ccnt2,34.275875
Mgat5,0.854023
Tmem163,8.380461
Zranb3,3.2356317
Lct,0.34367818
R3hdm1,32.042545
Daf2,0.0
Fcamr,0.004597701
C4bp-ps1,0.0022988506
Rassf5,0.3597701
Srgap2,7.134485
Lemd1,0.026436782
Nfasc,25.003466
Lrrn2,15.08276
Tmcc2,53.970104
Cntn2,253.76569
Plekha6,29.472422
Kdm5b,151.97704
Lgr6,0.47471264
Tmem183a,65.272385
Ppp1r12b,4.014941
Syt2,7.2459774
Klhl12,23.770119
Ptpn7,0.1862069
Nav1,94.80579
Ipo9,91.38735
Gm16880,0.008045977
Atp6v1g3,0.018390805
Ptprc,0.059770115
Dennd1b,4.898852
Gm5833,0.0057471264
Nek7,6.854025
Crb1,0.04597701
Cfhr2,0.0
Cfh,0.05402299
Gm4788,0.0
4930590L20Rik,0.0
Uchl5,22.4046
2310030A07Rik,0.0
Ptgs2os,0.0
Hmcn1,4.0620666
Edem3,10.290812
Fam129a,2.4896555
Swt1,10.86552
Ncf2,0.42298847
Rgl1,8.028739
Colgalt2,0.597701
Dhx9,43.193096
Lamc1,12.93563
Cacna1e,48.517246
Xpr1,10.810353
Fam163a,0.57701147
Lhx4,0.08965517
Acbd6,16.167816
Ralgps2,24.641382
Abl2,19.835638
Sec16b,0.17701149
2810025M15Rik,17.095404
Astn1,14.187356
Rfwd2,3.5896459
Pappa2,1.6459762
Tnr,0.027586207
Rc3h1,19.651747
Suco,15.450576
Dnm3,2.6459765
2810442N19Rik,0.096551724
Mroh9,0.0
Fmo6,0.009195402
BC055324,8.256321
Kifap3,47.393112
Mettl11b,0.0
Nme7,16.924135
Dcaf6,4.5494256
Tbx19,0.0
Adcy10,0.12068964
Cd247,0.0011494253
Pou2f1,17.074715
Uck2,20.894253
Mgst3,5.3413796
Gm16701,2.2287345
Pbx1,25.1276
Nos1ap,1.7666667
Atf6,17.70345
Ddr2,2.4114935
Olfml2b,25.619543
F11r,1.137931
Pcp4l1,0.17931034
Cd48,0.0
Cd244,0.0068965517
Atp1a4,0.014942529
Igsf9,88.57813
Kcnj10,0.039080456
Copa,148.47012
Mptx2,0.0
Ifi203,0.0
Fmn2,7.341384
Spta1,0.06551724
Grem2,0.8022988
Wdr64,0.011494253
Exo1,7.4344845
Kmo,0.0057471264
Sdccag8,12.951724
Gm16432,0.011494253
1700016C15Rik,0.048275866
Kif26b,2.9126432
Cdc42bpa,13.072425
Cnst,60.280502
Acbd3,13.6724205
Ephx1,0.46206897
Nvl,17.662086
Enah,129.0414
Fbxo28,22.144827
Capn8,0.07011494
Disp1,6.939081
Susd4,2.5080457
Mark1,42.80919
Rab3gap2,29.544827
Bpnt1,29.345995
Slc30a10,0.8505747
Gpatch2,11.431037
Spata17,0.119540244
Cenpf,21.544834
Kcnk2,0.52988505
Kctd3,21.534489
Lpgat1,14.621837
Vash2,32.50689
Ppp2r5a,1.4839066
Batf3,0.1367816
Traf5,0.2413793
Hhat,3.3436766
Kcnh1,6.1114945
Lamb3,0.03333333
Traf3ip3,0.028735632
Plxna2,7.060921
Cr2,0.09425287
Sox17,0.16666669
Mrpl15,40.55861
Lypla1,82.432236
Tcea1,9.26093
Oprk1,1.8356321
Npbwr1,0.20574713
Rb1cc1,29.974709
Fam150a,0.0011494253
Pcmtd1,8.483914
Rrs1,18.727594
3110035E14Rik,4.4954014
1700034P13Rik,0.08045976
Vcpip1,20.499998
Snhg6,15.252878
Mcmdc2,0.44252864
Snord87,0.34367818
Ppp1r42,0.0034482758
Cops5,92.99083
Mir6341,0.0
Gm17644,0.0011494253
Prdm14,0.0
Tram1,28.740236
Xkr9,0.0
Gm5523,0.21264382
Msc,19.085052
Trpa1,0.0816092
Terf1,10.858626
Rpl7,108.719574
4930444P10Rik,0.0954023
Ube2w,22.011488
Tmem70,32.29195
Ly96,0.8045976
D030040B21Rik,0.05057471
Gdap1,20.934492
Pi15,0.0011494253
Crispld1,1.1839081
Crisp4,0.011494253
Defb18,0.0
Defb41,0.0
Gm15386,0.0
Tfap2b,21.695408
4930486I03Rik,0.0
Mir206,0.0
Mir133b,0.0
Mcm3,47.243687
Il17f,0.06666666
Il17a,0.0
Paqr8,2.2160912
6720483E21Rik,0.18160921
Tram2,0.21494251
Tmem14a,2.8643668
Khdc1a,0.0
Gm4956,0.0
Gsta3,0.029885057
Khdc1c,0.0
Khdc1b,0.0057471264
4933415F23Rik,0.032183908
Mir30c-2,0.0
Mir30a,0.004597701
Ogfrl1,2.2781599
B3gat2,1.8103441
Fam135a,50.193096
1110058L19Rik,8.262066
Lmbrd1,10.675866
Gm20172,0.07126437
4931408C20Rik,0.004597701
Gm597,0.0
Mir6342,0.0
Phf3,20.242535
Ptp4a1,9.443689
Gm13363,0.0
Pih1d3,0.0
Gm4850,0.0
Gm5415,0.19080465
Gm9839,0.089655176
1700001G17Rik,0.36206895
Rab23,12.163218
Zfp451,28.921837
Bag2,14.3448305
Bend6,0.3402299
Gm15455,1.1459738
Mir6896,0.06551721
Ccdc115,15.914946
Imp4,38.006897
Mir5103,0.024137931
Prss40,0.004597701
Prss39,0.0
Amer3,3.5804598
Cfc1,0.0
AA619741,0.0
Fam168b,78.88964
Arhgef4,1.1931031
Mir7669,0.0
Hs6st1,8.263221
Mir6897,0.02183908
Neurl3,0.10344827
Arid5a,0.9977011
Fer1l5,1.8574708
Kansl3,23.296558
Mir6898,0.0011494253
Ankrd39,4.8574724
Cnnm3,7.8218412
Sema4c,9.04598
Cnnm4,9.914946
Ankrd23,2.9793086
Cox5b,22.939077
Zap70,0.040229887
4933424G06Rik,0.03448276
Unc50,22.706903
Coa5,37.762062
Tsga10,1.9459759
Lipt1,1.6551722
Mrpl30,32.403446
Txndc9,37.29889
Lyg2,0.0
Lyg1,0.0
Rev1,6.3758636
Chst10,7.110348
Nms,0.0022988506
Pdcl3,32.004585
Mir6349,0.0
Rpl31,5.2264323
Snord89,0.06781607
Cnot11,10.055174
Rnf149,10.474713
Creg2,0.08390805
Gm3646,0.0
Gm16894,0.18505746
Il1rl2,0.1908046
Il18r1,0.04137931
Il1rl1,0.018390805
Slc9a4,0.0
Il18rap,0.025287356
Mfsd9,1.3218391
Tmem182,0.0
4930448I06Rik,0.0011494253
Pou3f3,0.11034483
2900092D14Rik,0.014942529
Pantr2,0.0011494253
Pantr1,0.23908047
AI597479,19.008057
Tgfbrap1,9.580467
Fhl2,2.928735
1500015O10Rik,0.031034483
Mettl21c,0.08275862
Tpp2,55.194275
Tex30,25.65519
Kdelc1,28.012657
Bivm,14.945977
Mettl21e,0.0
4930521E06Rik,0.0034482758
Col3a1,16.379309
Wdr75,36.772415
Slc40a1,0.7218391
Gm4776,0.0
Slc39a10,42.611492
Mir6350,0.0
Sdpr,0.80344826
Nabp1,2.1356316
Stat1,6.4229913
Nab1,3.8563204
Tmem194b,5.5298877
Inpp1,2.727585
1700019D03Rik,1.1988506
Hibch,9.926436
Mstn,3.8873563
1700019A02Rik,0.020689655
Ormdl1,20.825304
Osgepl1,7.1896586
Stk17b,2.0701144
Mir7681,0.0022988506
Gtf3c3,16.559776
Sf3b1,199.03572
Mob4,52.142582
Coq10b,15.016094
Hspe1,14.526448
Hspd1,65.72645
Mars2,5.166666
Hsfy2,0.0
9130024F11Rik,0.05862069
BC055402,0.025287356
Tyw5,4.7701144
1700066M21Rik,1.6241374
4930558J18Rik,0.23908047
Kctd18,7.1321845
Sgol2,6.3609214
Aox4,0.025287356
Bzw1,97.07813
Ppil3,26.266657
Clk1,87.12533
Orc2,36.56783
Fam126b,6.3666677
Als2cr12,0.0034482758
Gm20257,0.02183908
Casp8,1.4770116
Trak2,12.668965
Als2cr11,0.0068965517
Mpp4,0.09770115
Als2,8.966671
Cdk15,0.04942528
Fzd7,5.875863
Gm973,0.09195402
Snord70,0.0034482758
Sumo1,33.277035
Nop58,67.37586
Snord11,0.004597701
Fam117b,14.355175
Wdr12,22.289665
Carf,2.2356308
Cyp20a1,16.302294
Cd28,0.011494253
Ctla4,0.0
Icos,0.0022988506
9530026F06Rik,0.0
4930487H11Rik,0.23218387
Ino80dos,0.5701145
Ino80d,11.139081
Eef1b2,260.77008
Snora41,0.24827586
Gpr1,0.020689655
Dytn,0.024137931
4933402D24Rik,0.04137931
Fastkd2,14.377017
Mir1958,0.0
Gm13749,0.009195402
Mir6899,0.05172413
Creb1,27.982761
Mettl21a,9.916096
Fzd5,0.12873562
Ccnyl1,3.1793084
2810408I11Rik,1.6563214
Crygc,0.0
D630023F18Rik,0.14482759
Cryga,0.008045977
Akr1cl,0.0
Crygd,0.0
Crygb,0.0011494253
Cryge,0.0011494253
Idh1,158.91264
Pth2r,0.01724138
Crygf,0.0
Kansl1l,4.38161
Myl1,0.5413793
Lancl1,44.544815
Cps1,0.06551724
Apol7d,0.15172412
Fn1,33.26782
Gm8883,0.0022988506
4933417E11Rik,0.0
Mreg,258.76773
Pecr,8.220692
Tmem169,5.857471
Ankar,0.0034482758
Rpl37a,20.221834
Igfbp5,18.456318
Igfbp2,38.502316
Tnp1,0.0
1700027A15Rik,0.0
Rufy4,0.0068965517
Cxcr2,0.0
Aamp,82.06092
Cxcr1,0.0011494253
Arpc2,96.303444
Tmbim1,12.2252865
Gpbar1,0.077011496
Slc11a1,0.04022988
Catip,0.07471264
Vil1,0.112643674
Ctdsp1,3.1816041
Mir26b,0.010344828
Plcd4,0.291954
Rqcd1,55.872425
Bcs1l,8.252874
Stk36,10.119539
Rnf25,15.563226
Ttll4,11.479315
Prkag3,0.026436782
Cyp27a1,0.5827587
Wnt6,0.23103447
Wnt10a,0.2942529
Ihh,0.18620688
Cryba2,0.0
Ccdc108,0.0022988506
Fev,0.0
Cdk5r2,0.2356322
Mir375,0.0
Zfand2b,11.911497
Ankzf1,8.289657
Slc23a3,0.039080456
Fam134a,31.079315
Abcb6,25.595407
A630095N17Rik,0.0034482758
Cnppd1,32.712646
Stk16,45.655167
Tuba4a,20.852873
Glb1l,2.5068958
Atg9a,18.842533
Dnpep,90.695465
Ptprn,4.2482753
Resp18,0.41954023
Dnajb2,9.868967
Speg,1.609195
Gm15179,0.0
Gmppa,10.8390875
Asic4,0.09885057
Chpf,15.873563
Tmem198,6.756323
Slc4a3,4.843678
Stk11ip,21.072426
Inha,0.59770125
Gm17751,0.0022988506
Mir6343,0.0
Mir6352,0.0
Farsb,64.81035
Utp14b,6.003451
Acsl3,20.970129
Kcne4,0.03333333
Scg2,0.15862069
Ap1s3,0.011494253
Wdfy1,11.305748
Mrpl44,19.201143
Fam124b,0.06781609
Cul3,23.344831
1700016L21Rik,0.0
Mir6344,0.0
Irs1,4.2218385
Tm4sf20,0.040229887
Mff,64.2023
Agfg1,24.106915
Slc19a3,0.32873565
Daw1,0.0011494253
Ccl20,0.0022988506
Mir6353,0.0
Mir5126,0.0
Fbxo36,1.0931032
A530032D15Rik,0.0034482758
C130026I21Rik,0.011494253
Gm7609,0.0
Sp100,0.0022988506
Sp140,0.0034482758
9930111H07Rik,0.0
Cab39,37.61839
Mir8096,0.0
Gpr55,0.0
4933407L21Rik,0.008045977
Itm2c,28.988516
2810459M11Rik,0.03333333
Spata3,0.010344828
Htr2b,0.14367816
Snora75,0.083908014
Snord82,0.041379303
Ncl,209.82289
C130036L24Rik,0.4068966
B3gnt7,0.21954021
Mir3535,0.08275861
1700019O17Rik,0.0011494253
Nmur1,0.0
Pde6d,17.101158
Ptma,46.917248
Cops7b,30.554014
Nppc,0.0862069
Alppl2,0.0
Ecel1,0.3045977
Akp3,0.0
Alpi,0.0
Chrng,1.4264365
Eif4e2,55.273567
Prss56,0.031034483
Chrnd,0.03563218
Kcnj13,0.43793097
3110079O15Rik,0.0034482758
Neu2,0.0
Atg16l1,24.6184
Scarna6,0.0011494253
Dgkd,28.065529
Dnajb3,1.8896544
A730008H23Rik,0.004597701
Hjurp,1.9011478
6430706D22Rik,0.0
Mroh2a,0.12528734
Ugt1a1,0.0034482758
Spp2,0.032183908
Gm19589,0.0057471264
Glrp1,0.026436782
Arl4c,9.091953
2410088K16Rik,0.004597701
1700067G17Rik,0.0
4933400F21Rik,0.9114942
Asb18,0.0011494253
Gbx2,0.6160917
Ackr3,1.6620686
Cops8,82.76315
Prlh,0.0
Mlph,0.0022988506
Rbm44,0.025287356
Ramp1,0.099999994
Scly,2.3758588
Ube2f,17.256319
Espnl,0.20229886
Ilkap,49.141384
Fam132b,0.8666664
Hes6,353.42664
Per2,1.9068959
1700020N18Rik,0.0
Asb1,21.966661
Traf3ip1,5.2770147
Twist2,0.45517242
Olfr1416,0.0
Ndufa10,83.6276
Olfr1414,0.0
Olfr1415,0.0
Mir6900,0.008045977
Olfr1413,0.0
Olfr1410,0.0
Olfr1411,0.0
Olfr12,0.0
Olfr1412,0.0
Myeov2,42.64828
Otos,0.026436782
Ankmy1,0.044827588
Gpc1,44.54597
Rnpepl1,25.636797
Mir149,0.0
Dusp28,4.9448276
Capn10,25.705742
Gpr35,0.09885058
Aqp12,0.009195402
9430060I03Rik,0.7735633
2310007B03Rik,0.0
Agxt,0.0022988506
Sned1,0.2908046
Mterfd2,15.380457
Mir6901,0.0
Ano7,0.032183908
Ppp1r7,23.916088
Mir6902,0.15977012
Mir6345,0.020689655
Sept2,54.426483
Stk25,96.4609
Bok,8.633336
Ing5,10.596556
Dtymk,33.263203
Atg4b,56.19538
Gm9994,0.0
Gal3st2,0.0
Gm6086,0.0022988506
Neu4,0.1367816
Pdcd1,0.014942529
4930440C22Rik,0.0
Fam174a,9.428741
St8sia4,0.49999997
4930598F16Rik,0.0
1700063A18Rik,0.0034482758
4930533P14Rik,0.0
Ppip5k2,24.82989
1810006J02Rik,0.0057471264
Gm20268,0.0
Rnf152,0.43678164
2310035C23Rik,16.16322
Tnfrsf11a,0.004597701
Zcchc2,2.9528716
Vps4b,34.15748
Kdsr,6.604601
Serpinb5,0.0
Serpinb3d,0.0
Serpinb13,0.0022988506
Serpinb3a,0.004597701
Serpinb3b,0.0
Serpinb3c,0.0
Serpinb7,0.0
Serpinb11,0.004597701
Serpinb2,0.0
Serpinb8,21.005753
Serpinb10,0.008045977
D830032E09Rik,0.0
Cdh19,1.2931036
Dsel,2.3551712
Nifk,45.90343
Tsn,95.22761
2900060B14Rik,0.72413695
Tfcp2l1,0.17126435
Tmem185b,14.237931
Inhbb,0.013793103
Ralb,25.589653
Epb4.1l5,15.474717
Tmem177,10.360923
Dbi,56.293068
Tmem37,0.20919542
3110009E18Rik,0.91953975
Steap3,0.08160919
C1ql2,0.29310346
Marco,0.026436782
En1,0.09080459
Insig2,8.497701
Htr5b,0.0
Ddx18,9.034496
Actr3,39.348274
Lypd1,0.06896552
Acmsd,0.011494253
2900009J06Rik,0.22068967
Map3k19,0.08045977
Ubxn4,41.773567
Mir128-1,0.0
Dars,65.98852
Mcm6,84.81496
Cxcr4,1.6413786
Cd55,1.3080457
Zp3r,0.0068965517
C4bp,0.0011494253
AA986860,0.24597701
Pfkfb2,7.3954043
Yod1,5.3103456
Il24,0.0
Il19,0.0057471264
Faim3,0.0
Pigr,0.022988506
Il20,0.0
Il10,0.0011494253
Dyrk3,34.963226
Eif2d,25.447145
Ikbke,0.18850574
Fam72a,0.8229884
Ctse,0.010344828
5430435G22Rik,0.004597701
Avpr1b,0.0
Pm20d1,0.60804594
Slc26a9,0.0022988506
Slc41a1,6.2482777
Nucks1,37.124172
Slc45a3,7.993104
Rab29,1.6298845
Mfsd4,0.22758627
Elk4,2.466665
Mir135b,0.0
Nuak2,3.0172412
Klhdc8a,2.4321837
Rbbp5,25.870115
Dstyk,8.421843
Tmem81,2.756321
Gm10538,0.5333333
Mdm4,10.212652
Ppp1r15b,33.38047
Pik3c2b,21.339087
Gm19461,0.38735634
Etnk2,0.11034482
Kiss1,0.0011494253
Ren2,0.0
Ren1,0.0
Golt1a,0.04367816
Sox13,2.7574704
Zbed6,5.094259
Zc3h11a,39.386227
Lax1,0.010344828
Snrpe,59.216103
Atp2b4,5.52644
Mir6903,0.0011494253
Optc,4.296552
Prelp,12.959773
Btg2,97.2794
Fmod,0.5689655
Chit1,0.032183908
Mybph,0.8586206
Chil1,1.0080459
Ppfia4,1.4896549
Myog,0.92528725
Cyb5r1,37.926434
4933406M09Rik,0.0
Adipor1,49.951714
Rabif,29.372417
4931440L10Rik,0.016091954
Ube2t,4.1402297
Ptprv,0.11034483
Arl8a,22.39196
Elf3,0.3804598
Gpr37l1,0.057471264
Lmod1,0.35862076
Timm17a,26.87356
Shisa4,14.939076
Mir1231,0.011494253
Phlda3,4.226437
Csrp1,31.30804
Tnnt2,1.2747121
Lad1,0.120689645
Pkp1,0.037931032
Tnni1,1.5517238
Tmem9,23.596548
Ascl5,0.0
Igfn1,0.0011494253
Kif21b,11.254021
Cacna1s,0.055172414
Gm15850,0.0
5730559C18Rik,2.1678157
Gpr25,0.0
Ddx59,7.212646
9230116N13Rik,0.20919539
Kif14,3.7241375
Zfp281,45.310337
Gm19705,0.06091954
Nr5a2,0.0022988506
Mir181b-1,0.011494253
Mir181a-1,0.0057471264
Lhx9,0.7022988
2310009B15Rik,2.2103417
4930596I21Rik,0.042528726
Zbtb41,8.231041
4933436E23Rik,0.0011494253
Cfhr1,0.0
F13b,0.0
B3galt2,8.93219
Trove2,31.313808
Glrx2,16.636793
Rgs2,4.482759
Rgs13,0.11034483
Rgs1,0.031034483
Rgs21,0.0
Rgs18,0.047126435
Mir7652,0.0
Ptgs2,0.0022988506
Ptgs2os2,0.013793103
Pdc,0.0
BC003331,10.000008
Prg4,0.29770124
Tpr,68.93332
C730036E19Rik,0.0068965517
Ivns1abp,147.42755
Rnf2,36.801136
Trmt1l,22.333345
Mir7682,0.010344828
Tsen15,7.8356338
Apobec4,0.027586207
Arpc5,75.04142
Smg7,34.18046
Lamc2,0.17931034
Shcbp1l,0.18965515
E330020D12Rik,0.020689655
Npl,1.8103447
Rgs16,30.809183
Rgs8,2.79885
C230024C17Rik,0.10919539
Rnasel,12.18851
5830403L16Rik,0.0
Rgsl1,0.028735632
Gm5531,0.004597701
Glul,23.667812
Mir8114,0.0011494253
Teddm1,0.0022988506
4930532M18Rik,0.0
4930452N14Rik,0.012643678
Zfp648,0.0
Mr1,0.004597701
Ier5,11.531037
Qsox1,21.84944
Cep350,17.420694
Tor1aip2,77.10804
Tor1aip1,7.537936
Tdrd5,0.024137931
Nphs2,0.0034482758
Soat1,7.6298904
Fam20b,11.694257
Tor3a,0.47471273
Angptl1,0.62988496
Tex35,0.028735632
BC026585,1.1597699
Mir488,0.0022988506
Mir1843b,0.0
Scarna3a,0.009195402
Tnn,0.004597701
4930562F07Rik,0.0
4930523C07Rik,0.09655172
Mrps14,21.845966
Cacybp,55.244812
Gpr52,0.0
Cenpl,5.727589
Gas5,153.67479
Zbtb37,4.3298845
Serpinc1,0.27586213
Snord47,0.7781599
Dars2,17.48621
Klhl20,10.233338
4930469G21Rik,0.05862069
Ankrd45,2.7091942
Prdx6,186.62189
Tnfsf4,0.0011494253
Tnfsf18,0.0
Fasl,0.016091954
4930558K02Rik,0.0034482758
Pigc,13.259772
Dnm3os,0.49885055
Mir199a-2,0.0
Mir214,0.0
Myoc,0.039080463
Vamp4,11.414943
Mettl13,14.552874
7420461P10Rik,0.0034482758
Prrc2c,118.61035
Fmo1,1.7885057
Fmo2,2.4172409
Fmo4,0.0
Fmo3,0.0057471264
Prrx1,2.0494246
Gorab,8.056326
Scyl3,8.998855
Sell,0.0011494253
Sele,0.013793103
Mettl18,2.6528735
F5,0.07816092
Selp,0.0011494253
Gm16548,0.0
Ccdc181,5.6068983
Slc19a2,4.8068957
Blzf1,15.395404
Atp1b1,16.926441
Gm20743,0.0
Dpt,0.0011494253
Xcl1,0.0
4930568G15Rik,0.0011494253
Tiprl,30.8885
Sft2d2,5.0000005
Gpr161,0.26436782
Mpc2,14.88506
Mpzl1,47.685055
Creg1,5.3965516
Gpa33,0.0
Dusp27,0.05862069
Mael,0.0
Ildr2,0.36781612
Tada1,25.4862
Pogk,27.043684
Gm4846,0.0
Fmo9,0.020689655
Gm4847,0.0011494253
Fam78b,37.874733
Aldh9a1,14.011495
Tmco1,24.559776
Lrrc52,0.0
Rxrg,0.86206895
Mir6348,0.0
Nuf2,11.013795
Rgs5,0.50574714
Rgs4,350.11584
Hsd17b7,43.247158
1700084C01Rik,0.0034482758
3110045C21Rik,3.8517218
Sh2d1b2,0.0011494253
Uap1,27.021824
Uhmk1,2.3436766
1700015E13Rik,0.03678161
Gm7694,1.8908045
Sh2d1b1,0.0011494253
Dusp12,8.7747135
Fcrlb,0.01954023
Fcgr4,0.0
Fcgr2b,0.0011494253
Mpz,0.16436788
Fcgr3,0.055172414
1700009P17Rik,0.15977013
Sdhc,59.40233
Mir6546,0.0
Nr1i3,0.1551724
Fcer1g,0.17816094
B4galt3,36.54369
Apoa2,0.48160926
Ppox,14.095407
Adamts4,6.9862094
Usp21,23.018398
Ufc1,33.298847
Tomm40l,17.671263
Ndufs2,135.01959
Pvrl4,0.30229884
Pfdn2,16.257473
Nit1,10.912644
Tstd1,0.4482759
Dedd,17.19196
Klhdc9,3.204593
Usf1,37.17585
Arhgap30,0.01954023
Itln1,0.0
Alyref2,2.581607
Slamf7,0.0034482758
Ly9,0.0057471264
Slamf1,0.0068965517
Cd84,0.013793103
Slamf6,0.0
Nhlh1,38.5885
Vangl2,17.324158
Ncstn,87.98044
Pex19,91.45061
Pea15a,13.500002
Dcaf8,52.14483
Casq1,0.41609198
Igsf8,79.13564
Kcnj9,0.13793103
Atp1a2,0.9931033
Slamf9,0.020689655
Pigm,22.450605
Slamf8,0.011494253
Vsig8,0.004597701
Ccdc19,0.044827584
Tagln2,4.026436
Fcrl6,0.025287356
4933439K11Rik,0.004597701
Crp,0.3965518
Dusp23,0.8471264
Apcs,0.0034482758
Olfr16,0.0034482758
Olfr1408,0.0
Olfr418-ps1,0.0
Fcer1a,0.0011494253
Olfr1404,0.0
Olfr1406,0.0
Olfr218,0.0
Cadm3,29.705767
Ackr1,17.03448
BC094916,0.009195402
Aim2,1.2034483
Pyhin1,0.0034482758
Pydc4,0.0
Pydc3,0.0
AI607873,0.0011494253
Ifi204,0.011494253
Mnda,0.0011494253
Mndal,0.0022988506
Olfr432,0.0
Olfr433,0.0
Ifi205,0.0
Ifi202b,0.0
Olfr421-ps1,0.0
Olfr429,0.0
Olfr424,0.0022988506
Olfr427,0.0
Olfr430,0.0
Olfr426,0.0
Olfr420,0.0
Olfr231,0.0
Olfr419,0.0
Mptx1,0.0
Olfr417,0.0
Olfr220,0.0
Olfr248,0.0
Olfr414,0.0
Fh1,48.25861
Chml,6.057473
Opn3,7.5804605
Becn2,0.040229887
Cep170,79.04712
Mir350,0.008045977
Hmga2-ps1,0.43793103
Zbtb18,14.213798
2310043L19Rik,0.02183908
Adss,30.248287
Desi2,11.76092
Cox20,6.535636
Hnrnpu,301.146
Efcab2,1.3632182
Tfb2m,2.3827548
Sccpdh,39.887386
Ahctf1,26.823002
Adck3,1.708046
Psen2,1.8356315
Gm5069,0.3413791
6330403A02Rik,0.027586207
Parp1,143.66199
Mir6904,0.28735653
Mixl1,0.010344828
Lin9,6.289657
Sde2,17.483923
H3f3a,20.249409
Lefty1,0.34597704
Pycr2,47.737923
Lefty2,0.0
Tmem63a,0.73908037
9130409I23Rik,0.0034482758
Wdr26,35.770134
Cnih4,23.767815
Ccdc121,0.0
Lbr,35.182747
Srp9,26.889658
Vmn1r1,0.0
Degs1,31.625309
1700047M11Rik,0.0034482758
Capn2,34.65632
Ccdc185,0.0
Tlr5,0.027586207
Brox,16.221836
Aida,5.8000054
Mia3,26.470121
Taf1a,6.9942555
Hhipl2,0.23103449
Dusp10,2.3919532
1700056E22Rik,0.17586207
4930488B22Rik,0.0
Hlx,0.18965518
Marc1,0.089655176
C130074G19Rik,0.04827586
Mir1981,0.1735633
Marc2,19.84484
Snora36b,0.0011494253
Iars2,20.700003
Mir194-1,0.032183908
Mir664,0.0
Mir215,0.091954015
Eprs,100.610374
Gm2061,0.14252873
9630028B13Rik,0.048275866
5033404E19Rik,0.0011494253
Lyplal1,5.9908066
Rrp15,15.865514
D1Pas1,0.30804586
1700007P06Rik,0.0057471264
9330162B11Rik,0.12758622
Smyd2,18.508045
Prox1,17.689667
Angel2,30.5138
A230020J21Rik,0.072413795
Tatdn3,2.3528733
Nsl1,5.265518
Mfsd7b,6.6597724
Spata45,0.01724138
Atf3,0.2632184
Fam71a,0.0
Tmem206,29.75979
Nenf,14.102299
Ints7,27.226446
Dtl,11.48046
Nek2,8.393103
1700034H15Rik,0.0816092
Rd3,57.81838
Slc30a1,1.4747126
Mir3473c,0.0
Rcor3,7.743681
Gm10516,0.31609198
Sertad4,0.93678164
1700065J18Rik,0.0022988506
A130010J15Rik,6.896552
Irf6,1.4103445
Diexf,10.681617
Hsd11b1,0.02183908
G0s2,0.36666664
Camk1g,4.4034495
Mir205,0.0
4930503O07Rik,0.0034482758
Cd34,0.83333325
Gm16897,0.02183908
Mir29c,0.0
Cd46,0.22413795
Cr1l,10.193109
Mir29b-2,0.0
Gm13483,0.30804595
Lrp1b,0.07241379
Upp2,0.020689655
Phf21a,16.912645
Ninl,17.84137
Fam171a1,28.31381
Celf2,14.6482725
Frmd4a,20.945992
A230108P19Rik,0.07931034
Sfmbt2,0.40574718
Mir297a-3,0.0
Pfkfb3,11.84253
Cacnb2,0.059770115
Pip4k2a,2.8574705
Acbd5,13.693105
Crat,16.520695
Med27,29.459782
Qsox2,9.074721
Dab2ip,44.54596
Mapkap1,32.31379
Nr6a1,23.814945
Zeb2,50.043686
Mbd5,11.360929
Arhgap15,0.04942529
Galnt13,0.48045972
Kcnj3,1.3885056
Cacnb4,0.4505747
Kcnh7,0.516092
Rbms1,20.491964
Grb14,0.4011494
Tanc1,1.6609193
Zak,8.958626
Myo3b,0.01724138
Slc25a12,22.404594
Spc25,19.596563
Osbpl6,3.798849
Zfp385b,0.35057473
Olfr1030,0.0
Ddb2,0.6344827
Ttc17,10.957479
Lrrc4c,5.467817
Tspan18,152.82417
Immp1l,7.559773
Slc1a2,2.9298835
4930547E08Rik,0.010344828
Mir1954,0.0
4930528P14Rik,0.0
Snap23,17.616093
Exd1,0.4505748
Slc30a4,3.45862
Frmd5,3.8080444
Slc23a2,9.852878
Acoxl,0.0057471264
Zc3h6,0.73448247
Siglec1,0.037931032
Tgm3,0.004597701
Plcb1,2.0563211
Pak7,12.822993
Macrod2,5.205752
Dtd1,6.744833
Syndig1,0.13908045
Pcsk2,16.040226
BC039771,0.2977012
Itch,22.854038
Rpn2,142.96318
Phf20,20.145979
Ptprt,0.28505746
Eya2,121.65286
Tshz2,1.6942523
Rae1,47.119534
Zbtb46,6.7459793
Phactr3,5.2298856
Ucma,0.058620684
Bend7,0.7747125
Upf2,12.233342
Camk1d,0.33908045
Dhtkd1,1.2862067
Usp6nl,6.1885076
Kin,12.894256
Taf3,14.359768
Itih5,0.3402299
Prkcq,0.30574712
Il2ra,0.0068965517
Itga8,0.44597697
Rsu1,22.917252
Pter,1.8241379
Cubn,0.25747126
St8sia6,0.21034482
Mrc1,0.23448278
Slc39a12,0.0068965517
Arl5b,26.76552
Plxdc2,5.5965524
Nebl,2.552872
BC061194,0.0
Dnajc1,10.268973
Mllt10,25.964397
Armc3,0.13793103
4921504E06Rik,0.0034482758
Etl4,1.7885053
Gpr158,0.75402296
Gad2,0.101149425
Apbb1ip,0.06321839
Myo3a,0.0022988506
Pdss1,9.821838
Nxph2,0.0
Ehmt1,79.01724
Cacna1b,21.066683
Pnpla7,1.8137927
Grin1os,0.060919542
Edf1,37.462055
Camsap1,24.013794
Nacc2,0.9045977
Grin1,0.38275856
Gpsm1,36.33221
Fam163b,0.012643678
Notch1,109.069
Adamts13,0.008045977
Wdr5,40.98735
Vav2,9.689661
Col5a1,7.6287427
Gtf3c5,34.805748
Ak8,0.25057468
Ntng2,0.08505746
1700101E01Rik,0.020689655
Gtf3c4,33.62531
Phyhd1,0.7689654
Rapgef1,35.478165
Sptan1,142.59435
Tbc1d13,2.2850554
Fnbp1,10.34138
1700001O22Rik,0.43793097
Gpr107,18.573576
Ciz1,20.882769
Abl1,43.9322
Nup214,24.590816
Pomt1,10.022991
Fubp3,27.932192
Ralgps1,8.957473
Ttc16,0.36321843
Zbtb34,5.418392
Garnl3,2.0402296
Fam129b,11.327591
Mvb12b,11.803454
Pbx3,7.1057515
Hc,0.045977008
Psmd5,43.550575
4930402F06Rik,0.01724138
Gapvd1,53.6529
Cntrl,20.203445
Gsn,5.9160933
Mrrf,14.262063
Ttll11,1.2977005
Olfr344,0.0
Ndufa8,40.32414
Rabgap1,29.679317
Pdcl,38.034508
Strbp,45.86208
Dennd1a,4.585059
Nek6,50.666683
Golga1,10.787366
Scai,8.770123
Kynu,0.0057471264
Gtdc1,3.6885047
Acvr2a,19.521856
Epc2,8.66667
Kif5c,131.07817
Lypd6b,0.10229885
Lypd6,0.79080456
Gm13497,0.0011494253
Neb,0.567816
4930573O16Rik,0.0
Fmnl2,16.427591
Arl6ip6,25.382753
BB557941,0.040229887
Gpd2,14.5678215
Acvr1,2.4356315
Acvr1c,0.06436781
Pkp4,5.6839094
Ccdc148,0.010344828
Itgb6,0.004597701
Pla2r1,0.028735632
Baz2b,55.749416
Tank,10.535631
Psmd14,105.676994
Dpp4,0.10574713
Slc4a10,0.020689655
Fap,0.104597695
Fign,40.580467
Csrnp3,20.220697
Scn3a,13.405748
Cobll1,0.23678163
Ttc21b,8.265523
Scn9a,14.711494
Scn1a,0.38275862
Gm13629,0.07356322
Scn7a,0.06666666
Xirp2,0.0022988506
Stk39,9.418394
Cers6,21.596573
4932414N04Rik,0.0
Ubr3,17.19197
Lrp2,0.291954
Ppig,20.460913
Abcb11,0.0022988506
Mettl8,10.389657
Tlk1,18.491964
Erich2,0.0057471264
Gad1os,0.02183908
Hat1,27.982758
Rapgef4,3.2206886
Itga6,3.7701132
Ola1,34.95056
Cdca7,23.929892
Chn1,25.35863
Mtx2,56.957447
Hoxd3os1,0.3793104
Pde11a,0.012643678
Agps,18.352879
Ccdc141,23.981623
Ttn,5.0057483
Gm13944,0.0
Plekha3,3.609193
Sestd1,19.391958
4930440I19Rik,0.0011494253
Gm14461,0.0011494253
Itga4,8.445978
Ube2e3,56.860947
Dnajc10,49.765553
Pde1a,0.21149424
Zfp804a,1.3770115
Itgav,3.7551708
Calcrl,1.073563
Ube2l6,5.4494233
Tmx2,16.075869
Tnks1bp1,4.4195414
Olfr1156,0.0
Nup160,28.943678
Celf1,103.451775
Ptprj,0.5448276
Creb3l1,0.1781609
Lrp4,1.4137921
Ambra1,17.601164
Ckap5,57.508045
1110051M20Rik,35.74137
Trp53i11,614.1988
Cry2,16.659771
Syt13,173.69547
Ext2,31.857494
Accs,6.701151
Cd82,4.436782
Hsd17b12,56.652893
Gm10804,0.0022988506
B230118H07Rik,11.472412
Pamr1,0.34942532
Trim44,41.452904
Ldlrad3,33.133335
Cd44,0.3678161
Elf5,0.0057471264
Abtb2,1.3091953
Pdhx,25.152887
Ehf,0.0011494253
Hipk3,13.273571
Cstf3,39.206913
Depdc7,0.16551726
D430041D05Rik,0.67931026
Cd59b,0.3
Ccdc73,0.50459754
Elp4,14.158622
Them7,0.07356322
Pax6os1,0.0022988506
Wt1os,0.016091954
Mpped2,6.766669
Bdnf,0.47701144
Mettl15,3.1873558
Kif18a,3.7471268
Lgr4,6.14138
Fibin,1.0724137
Slc5a12,0.0
Ano3,1.5551721
Olfr1300-ps1,0.0022988506
Slc12a6,13.286203
Aven,2.8988497
Ryr3,0.15747127
Emc7,17.763216
Fmn1,37.505753
Aqr,43.541412
Dph6,20.101156
Meis2,5.596554
BC052040,5.206899
Rasgrp1,0.042528734
Spred1,8.601153
Fsip1,0.3310345
Gpr176,0.9689654
4930412B13Rik,0.0
Bub1b,26.70575
Ino80,8.773563
Rmdn3,21.185066
Vps39,25.978163
Pla2g4e,0.0
Mga,39.224125
Tyro3,2.1149423
Ganc,2.8310342
Trp53bp1,51.977024
Ttbk2,19.710356
Cdan1,5.4896564
Strc,0.008045977
Mfap1a,5.1931043
Tmem62,5.0103436
Casc4,14.210346
Duox2,0.010344828
Patl2,0.0011494253
4930517E11Rik,0.1724138
Sema6d,19.91724
Cep152,22.856337
Shc4,1.1482756
Fbn1,3.7057464
Slc12a1,0.012643678
Hdc,0.11954023
Atp8b4,0.018390805
Fam227b,0.0034482758
Usp8,21.2046
Galk2,20.713793
Itpripl1,6.42069
Prom2,0.058620688
Stard7,67.69083
Ap4e1,8.2965555
Gm14005,0.016091954
Mertk,0.24712643
Tmem87b,22.381609
Sirpa,5.5298867
F830045P16Rik,0.0
Polr1b,21.186216
Il1b,0.0011494253
4930402H24Rik,26.863232
Ptpra,21.757471
Atrn,13.202308
4930473A02Rik,0.43678135
Itpa,29.65056
Rnf24,10.529892
Erv3,0.0
Mir3098,0.0011494253
Prokr2,0.1724138
Pcna,31.514935
Fermt1,0.13103448
AU019990,0.0011494253
1700026D11Rik,0.0
Bmp2,0.0862069
Tmx4,14.414942
Plcb4,2.2735627
Slx4ip,5.3931055
Jag1,29.462088
Btbd3,10.704599
Tasp1,6.851727
Sptlc3,0.014942529
Ism1,0.07011494
Sel1l2,0.0022988506
Kif16b,4.7597704
Ovol2,0.01724138
Banf2,0.0
Sec23b,54.242535
Pcsk2os2,0.13218391
Gm5535,0.035632186
Dstn,122.9747
Slc24a3,0.69310343
Ralgapa2,14.648282
Rin2,10.034484
Nkx2-2os,0.013793103
Xrn2,56.388493
Kiz,12.552879
Apmap,22.088505
3300002I08Rik,0.74712574
Abhd12,32.11036
Angpt4,0.12068965
Rad21l,0.0
Bcl2l1,24.505756
H13,86.160904
Tbc1d20,9.235638
6820408C15Rik,0.099999994
Mapre1,146.71262
Bpifb2,0.0011494253
Tspyl3,2.0643675
Nol4l,67.66094
Bpifa2,0.0
Asxl1,19.694265
Cbfa2t2,62.91839
Snta1,2.0034478
Raly,78.84829
Chmp4b,2.6850526
Cep250,34.69885
Rbm12,41.970142
Gss,6.5333366
Edem2,19.737934
Pigu,24.736782
Cpne1,52.010357
Cnbd2,0.5390802
Dlgap4,42.78963
Epb4.1l1,2.3965514
Rbl1,5.1402297
Soga1,49.235638
Ctnnbl1,55.53106
D630003M21Rik,1.4919538
Vstm2l,0.102298826
Rprd1b,26.35403
2010009K17Rik,0.022988506
Ralgapb,17.967812
Gm14204,0.054022983
Ppp1r16b,0.8735633
9130015L21Rik,0.0011494253
Chd6,36.128773
Top1,76.11151
Zhx3,5.8183928
Tox2,1.425287
Gdap1l1,41.36207
Pkig,20.231047
Stk4,21.255177
Slc35c2,16.981604
Slc13a3,0.12988506
Dnttip1,8.960924
Pcif1,17.244839
Ncoa5,34.097702
Cdh22,0.10574713
Zmynd8,36.486206
Prex1,110.07933
Ncoa3,16.196558
Kcnb1,1.2057471
Arfgef2,8.589657
Stau1,49.695396
Rnf114,75.275856
Atp9a,9.503455
Nfatc2,0.17356323
Zfp64,12.629888
Dok5,0.7896551
Zfp217,3.6931
Bcas1,0.37011492
Bmp7,1.5172412
Aurka,27.037933
Rab22a,8.372417
Gnas,539.037
Tubb1,0.13563222
Gm14391,0.0
Gm14431+Gm8898,0.0
0610010B08Rik,0.0
Gm14405,0.0
Gm14420,0.8206893
Sycp2,0.24022989
Cdh4,5.5678163
Lama5,13.612644
Taf4a,6.566668
Col20a1,0.42873558
Col9a3,9.435636
Gmeb2,8.549428
Myt1,73.67016
Dnajc5,67.54827
Nmt2,35.785057
Acbd7,0.004597701
Olah,0.0068965517
Rpp38,5.1241374
Meig1,0.0068965517
Hspa14,31.377031
Mir466b-3,0.0
Mir466b-2,0.0
Suv39h2,16.54253
Dclre1c,6.396556
Cdnf,0.047126435
Fam107b,43.39771
1700080N15Rik,0.0
Prpf18,24.818392
Sephs1,45.574734
Phyh,14.070109
Optn,0.37701148
Mcm10,7.187357
Ccdc3,0.07471264
Mir466d,0.0
Cdc123,69.00454
Nudt5,23.803446
Sec61a2,38.720684
Proser2,0.2758621
Gm10857,0.18505754
Echdc3,0.54597694
5031426D15Rik,0.32068962
1700061F12Rik,0.0
Gata3,0.37126434
4930412O13Rik,0.02183908
9230102O04Rik,0.0011494253
Atp5c1,150.06891
Itih2,0.42873564
Mir297a-4,0.0
Mir467a-1+Mir467a-2+Mir467a-4+Mir467a-5+Mir467a-7+Mir467a-8+Mir467a-9,0.0
Mir669g,0.0
Mir669k,0.0011494253
Mir669j,0.0
Mir467b,0.0
Mir669a-3,0.0011494253
Mir467a-1+Mir467a-2+Mir467a-4+Mir467a-5+Mir467a-7+Mir467a-8+Mir467a-9.1,0.0
Mir467a-1+Mir467a-2+Mir467a-4+Mir467a-5+Mir467a-7+Mir467a-8+Mir467a-9.2,0.0
Mir467a-1+Mir467a-2+Mir467a-4+Mir467a-5+Mir467a-7+Mir467a-8+Mir467a-9.3,0.0
Mir467a-1+Mir467a-2+Mir467a-4+Mir467a-5+Mir467a-7+Mir467a-8+Mir467a-9.4,0.0
Mir467a-1+Mir467a-2+Mir467a-4+Mir467a-5+Mir467a-7+Mir467a-8+Mir467a-9.5,0.0
Mir467a-1+Mir467a-2+Mir467a-4+Mir467a-5+Mir467a-7+Mir467a-8+Mir467a-9.6,0.0
Mir467d,0.0
Mir669i,0.0
Mir669a-2,0.0
Mir297b,0.0
Gm13293,0.0011494253
8030442B05Rik,0.0
Rbm17,40.74025
Il15ra,0.064367816
Fbxo18,43.0322
Ankrd16,16.225292
E030013I19Rik,0.14942528
Fam188a,21.452883
C1ql3,0.2724138
Vim,700.8439
Trdmt1,4.403448
Ptpla,2.9333286
Stam,41.045986
Stamos,0.46896547
Mir511,0.0
Tmem236,0.0908046
Gm13315,0.48275858
Nsun6,5.6402316
4930515L03Rik,0.0
Mir6419,0.010344828
A930004D18Rik,2.1643672
Gm17762,0.51724136
H2afb1,0.0
Skida1,8.365521
Mir7655,0.008045977
Bmi1,8.096553
Commd3,22.403448
4930426L09Rik,0.03908046
Msrb2,4.457471
Ptf1a,0.026436782
Otud1,0.4758621
Gm3230,0.04022988
Arhgap21,32.35863
Gm13375,0.3908045
Enkur,0.11149424
Thnsl1,13.3643675
Mir3967,0.0
Abi1,20.498854
Mastl,2.535632
Yme1l1,50.52875
4931423N10Rik,0.0011494253
Spopl,3.4172394
Tbpl2,0.0
Hnmt,0.03448276
Il1f6,0.0
Il1f9,0.0
Il1f8,0.0
Il1f5,0.0
Il1rn,0.026436782
Il1f10,0.020689655
Pax8,0.5045976
Psd4,0.012643678
Dph7,16.851725
Zmynd19,5.434485
Mrpl41,14.15747
Arrdc1,4.555172
Nsmf,30.247137
Entpd8,0.0
Noxa1,0.12988505
Nelfb,50.033333
Rnf208,1.667815
4933433C11Rik,0.014942529
Lrrc26,0.0
Tubb4b,56.280483
Tor4a,0.51724136
Tmem203,3.491952
Ndor1,21.709202
Ssna1,47.75287
Slc34a3,0.018390805
Cysrt1,0.0022988506
Tmem210,0.0022988506
Nrarp,9.9551735
Fam166a,0.15172413
Rnf224,0.0
Tprn,2.872413
Anapc2,78.575905
Fut7,0.0022988506
Dpp7,8.803448
Sapcd2,6.5149417
Entpd2,0.011494253
Npdc1,64.47701
Uap1l1,0.8931033
Man1b1,16.060926
AA543186,0.5218391
Ptgds,0.5344828
C8g,1.1356312
Mir3087,0.0011494253
Abca2,5.2126427
Traf2,12.979312
Clic3,0.1770115
Fbxw5,31.885046
Lcn12,0.0
BC029214,5.1666684
Lcn5,0.0
Tmem141,2.3149416
Lcn6,0.0
Lcn10,0.0
Lcn8,0.009195402
Ccdc183,0.032183908
Phpt1,28.25171
Fcna,0.013793103
Rabl6,33.84483
Mamdc4,1.6045974
Gm996,0.17931034
Obp2a,0.0
Obp2b,0.0
Lcn3,0.0
Glt6d1,0.0
Bmyc,8.509198
Gm13539,0.0022988506
Lcn11,0.0
Kcnt1,0.12643677
Lcn9,0.0057471264
Sohlh1,0.0011494253
Ubac1,27.5207
Lhx3,0.2942529
C330006A16Rik,18.352875
4932418E24Rik,0.010344828
Dnlz,20.878155
Snapc4,9.042531
Pmpca,58.334435
Inpp5e,16.931044
Sdccag3,59.362076
Card9,0.052873563
Sec16a,31.160934
Mir6996,0.010344828
Egfl7,2.067815
Agpat2,0.5494253
Mir126a,0.0
Mir126b,0.0
Fam69b,6.0804586
Snora43,0.18965517
Snora17,0.07471263
Lcn4,0.0
Snhg7,4.032177
Abo,0.0
Med22,48.072433
Rexo4,18.487362
Surf2,21.631054
Surf1,15.814941
Surf4,107.59768
Rpl7a,22.181602
Stkld1,0.03678161
Surf6,19.687365
Cacfd1,53.813786
Tmem8c,0.3942529
Slc2a6,6.606898
Adamtsl2,0.66206896
Dbh,0.29310343
Sardh,0.2091954
Dbhos,0.0
Brd3,98.64826
Mir7578,0.022988506
Rxra,2.9448268
Fcnb,0.0011494253
Olfm1,88.098885
Cel,0.27586207
Mrps2,37.557472
Gbgt1,0.0
Ralgds,134.70004
1700007K13Rik,0.113793105
Ppp1r26,3.1241379
Tsc1,17.657478
1700026L06Rik,0.010344828
Gfi1b,0.1724138
Mir3088,0.0
Ddx31,13.610345
Barhl1,0.3034483
Ttf1,9.808059
Setx,27.320707
6530402F18Rik,0.39425284
Mir133c,0.016091954
Mir219a-2,0.0034482758
Gm13547,0.032183908
Trub2,23.080482
Cercam,3.655172
Urm1,5.9804583
Coq4,19.285055
Slc27a4,18.213802
Mir219b,0.0
Odf2,35.989666
Gle1,32.54024
Mir6997,0.034482755
Set,35.320698
Zer1,4.544828
Pkn3,1.0747126
Zdhhc12,7.4494267
Wdr34,12.732183
Endog,1.3310335
D2Wsu81e,21.109192
Lrrc8a,47.83566
1700084E18Rik,0.057471246
Ccbl1,6.74713
Dolpp1,22.156324
Nup188,27.528734
Fam73b,14.357471
Dolk,12.410346
Sh3glb2,14.648284
Ppp2r4,52.722977
Ier5l,0.8666662
Cstad,0.07011494
Mir3089,0.0022988506
Ntmt1,45.4023
Prrx2,0.42298856
Ptges,0.33218393
Asb6,18.503447
Usp20,27.757465
Tor1a,26.042532
Tor1b,12.235628
BC005624,14.043681
D330023K18Rik,0.9126435
Ncs1,43.05865
Gm5424,0.0
Ass1,0.049425267
Exosc2,33.910347
Prdm12,162.44014
Mir6998,0.026436782
Fibcd1,0.25977013
Qrfp,0.10229884
Lamc3,0.101149425
Aif1l,15.450576
Ppapdc3,26.703455
Fam78a,5.3183923
Mir7674,0.05632182
Prrc2b,115.508095
Swi5,85.74142
Golga2,15.670117
Dnm1,0.7965518
Mir199b,0.0
Uck1,9.960922
Slc25a25,21.934498
Lcn2,0.0
1110008P14Rik,11.020685
Ptges2,12.425292
Naif1,2.2367802
Ak1,7.2160935
St6galnac4,9.227588
Dpm2,29.386185
Pip5kl1,0.18275863
St6galnac6,1.3678159
Fam102a,5.2482758
Eng,1.0252872
Tor2a,15.387356
Mir2861,0.0011494253
Fpgs,8.168965
Cdk9,15.464371
6330409D20Rik,0.6436782
Sh2d3c,11.986204
Mir3960,0.0
Mir8093,0.06206893
Ptrh1,1.6988503
1700019L03Rik,0.25977015
Stxbp1,129.41148
Snord14a,0.0
Snora65,1.4126409
Slc2a8,7.026438
Lrsam1,8.936779
Rpl12,1.2333308
Angptl2,9.131042
Zbtb43,14.043687
Lmx1b,0.0057471264
C130021I20Rik,0.3172414
Nron,2.4931028
Hspa5,451.65518
Fbxw2,28.195408
Rabepk,8.495403
Phf19,0.26206896
Traf1,0.0034482758
Cutal,0.009195402
AI182371,0.031034483
Rab14,74.905754
4930568D16Rik,0.0011494253
Stom,2.9126427
Ggta1,2.3724134
Gm13446,0.0
9030204H09Rik,0.028735632
Rbm18,72.48509
Morn5,0.10689655
Lhx6,0.48390803
Ptgs1,0.016091954
Olfr338,0.0057471264
Olfr339,0.0
Mir684-1,0.0
Olfr342,0.0
Olfr341,0.0
Olfr340,0.004597701
Olfr346,0.010344828
Olfr345,0.014942529
Olfr348,0.0
Olfr50,0.0022988506
Olfr347,0.0
Olfr3,0.0
Olfr351,0.0
Olfr353,0.0
Olfr352,0.0
Olfr354,0.0
Olfr350,0.0011494253
Olfr356,0.0
Olfr355,0.0011494253
Olfr358,0.0
Olfr360,0.0
Olfr361,0.0068965517
Olfr357,0.0
Olfr362,0.0
Olfr365,0.0
Olfr366,0.0011494253
Olfr367-ps,0.0
Olfr368,0.0
Snord90,0.0011494253
Zbtb6,5.28046
Rc3h2,39.251743
Zbtb26,5.2678175
Gpr21,0.46321827
Crb2,1.489655
Lhx2,0.3804598
Psmb7,117.78843
Nr5a1,0.056321837
Mir181b-2,0.020689655
Mir181a-2,0.025287356
Olfml2a,0.104597695
Arpc5l,29.989656
Rpl35,5.2747083
Wdr38,0.012643678
Gm16523,1.180459
Ppp6c,26.216097
Mir6336,0.0011494253
Arhgap15os,0.0011494253
Mir5129,0.014942529
Zeb2os,0.5022989
1700019E08Rik,0.0
Orc4,27.029886
Mmadhc,68.79308
Gm13498,0.06551721
Rnd3,56.6724
Tas2r134,0.0
Gm13490,0.0
Rbm43,0.26436782
Nmi,0.18965517
Rif1,20.293129
Tnfaip6,0.30574715
Arl5a,12.104604
Stam2,21.827587
Prpf40a,113.91845
Rprm,42.65401
Mir195b,0.0
Nr4a2,1.0919539
4930555B11Rik,0.014942529
Galnt5,0.0
Ermn,0.0
Gm13546,0.004597701
Cytip,0.009195402
Gm13544,0.0022988506
Dapl1,0.025287356
5330411J11Rik,0.0
Wdsub1,2.0666652
March7,31.07588
Cd302,0.7965517
Ly75,1.1287354
Gm13580,0.008045977
Gm13582,0.010344828
Tbr1,0.117241375
Gcg,0.33448276
Ifih1,0.20574713
Gca,0.49770123
Slc38a11,0.0011494253
Mir6337,0.0
Scn2a1,1.1137927
Galnt3,0.01724138
Gm1322,0.0
Mir7224,0.011494253
Mir6335,0.010344828
B3galt1,4.8471255
4933409G03Rik,0.0
Nostrin,0.20229888
G6pc2,4.202298
Dhrs9,0.0
Bbs5,4.385056
Fastkd1,8.265523
Klhl41,0.21724139
Phospho2,11.522985
Klhl23,13.080461
Ccdc173,2.270113
Ssb,86.08399
Mettl5,5.6839094
Sp5,0.8597702
Gad1,0.15977012
Gorasp2,69.62646
Dcaf17,15.718396
Cybrd1,0.05057471
Dync1i2,114.04373
Metap1d,5.718393
Dlx2,0.72758603
Dlx1,0.16206896
Dlx1as,0.05977011
Gm1631,0.008045977
Pdk1,5.763221
8430437L04Rik,0.0
6430710C18Rik,0.0
Sp3os,0.9770109
Sp3,25.505753
Gpr155,5.8839087
Cir1,0.94827414
Sp9,0.02183908
Scrn3,2.8103428
Wipf1,1.7540228
Chrna1,0.17586209
Chn1os3,0.75977
Atf2,35.390804
Atp5g3,97.46319
4930441J16Rik,0.0
Lnp,20.902317
Evx2,0.0
Hoxd9,2.1275856
Hoxd10,1.7080455
Hoxd8,3.0264354
Hoxd13,0.337931
Hoxd11,0.52528733
Hoxd12,0.2988505
Hoxd1,0.3068965
Hoxd4,4.644825
LOC102634401,0.4873563
Mir10b,0.041379303
Hoxd3,11.239083
Haglr,2.6735594
9430019J16Rik,0.0
Nfe2l2,5.852873
Hnrnpa3,6.2091994
Gm6793,0.0
Ttc30a2,0.055172414
Ttc30b,2.5126429
Ttc30a1,3.6735635
Cyct,0.0034482758
Rbm45,10.827597
Prkra,27.21379
Fkbp7,4.040227
Dfnb59,0.145977
Cwc22,13.248277
Cerkl,4.6931043
Neurod1,353.02554
Ssfa2,17.31955
Ppp1r1c,127.75175
Prdx6b,0.6839077
Frzb,13.016092
Gm13752,0.010344828
Nckap1,45.61379
Nup35,3.141371
Dusp19,5.6241374
Mir684-1.1,0.0
Zc3h15,35.818394
Fam171b,164.75972
Zswim2,0.0011494253
Tfpi,2.595402
Gm13710,0.010344828
2700094K13Rik,56.56208
Ctnnd1,39.534508
Btbd18,0.12643678
Zdhhc5,14.2367935
Mir130a,0.008045977
Ypel4,0.47241387
Clp1,23.16666
Med19,22.009205
Serping1,30.497705
Slc43a1,20.94829
Rtn4rl2,16.790812
Smtnl1,0.09655172
Timm10,17.135635
P2rx3,96.82414
Ssrp1,182.43678
Slc43a3,4.2321844
Prg3,0.11839081
Prg2,0.07011494
Aplnr,0.52758616
4930443O20Rik,0.0068965517
Lrrc55,0.22758618
Olfr992,0.0
Olfr993,0.0
Olfr995,0.0
Olfr994,0.0
Olfr987,0.0
Olfr988,0.0
Olfr996,0.0
4833423E24Rik,0.0
Olfr1008,0.0
Olfr154,0.0
Olfr998,0.0
Olfr1006,0.0
Olfr1002,0.0
Olfr1000,0.0
Olfr1020,0.0
Olfr1014,0.0
Olfr1018,0.009195402
Olfr1009,0.0
Olfr1010,0.0
Olfr1015,0.0
Olfr1012,0.0
Olfr1019,0.0
Olfr1016,0.0
Olfr1013,0.0
Olfr1022,0.0
Olfr1023,0.0
Olfr1026,0.0
Olfr1028,0.0
Olfr1029,0.0
Olfr1024,0.0
Olfr1036,0.0
Olfr1032,0.0
Olfr1033,0.0011494253
Olfr1031,0.0
Olfr1034,0.0
Olfr1037,0.0
Olfr1048,0.0
Olfr1047,0.0
Olfr1040,0.0
Olfr52,0.0
Olfr1043,0.0
Olfr1045,0.0
Olfr1038-ps,0.0
Olfr1044,0.0
Olfr1046,0.031034483
Olfr1039,0.0
Olfr1042,0.0
Olfr1057,0.0
Olfr1051,0.0
Olfr1055,0.0022988506
Olfr1054,0.0
Olfr1049,0.0
Olfr1056,0.004597701
Olfr1052,0.011494253
Olfr1053,0.0011494253
Olfr1065,0.0
Olfr228,0.0
Olfr1061,0.0
Olfr1058,0.0
Olfr1062,0.0
Olfr1066,0.0
Olfr1082,0.0
Olfr1079,0.0
Olfr1076,0.0
Olfr1080,0.0
Olfr1077-ps1,0.0
Olfr1084,0.0
Olfr1090,0.0
Olfr1087,0.0
Olfr1085,0.0
Olfr1086,0.0
Olfr1089,0.0011494253
Olfr141,0.0
Olfr1097,0.0
Olfr1095,0.0
Olfr1093,0.0
Olfr1094,0.0
Olfr1102,0.0011494253
Olfr1104,0.008045977
Olfr1098,0.0
Olfr1101,0.0
Olfr1100,0.0
Olfr1099,0.0
Olfr1110,0.0
Olfr259,0.0
Olfr1109,0.0011494253
Olfr1107,0.0
Olfr1106,0.0
Olfr1111,0.0
Olfr1105,0.0
Olfr1115,0.0
Olfr1113,0.0
Olfr1112,0.0
Olfr1116-ps,0.0
Olfr1123,0.0
Olfr1121,0.0
Olfr1118,0.0
Olfr1120,0.0
Olfr1122,0.0
Pramel6,0.0011494253
Pramel7,0.0057471264
Olfr1126,0.0011494253
Olfr1128,0.0
Olfr153,0.0
Olfr1124,0.0
Olfr1132,0.0022988506
Olfr1133,0.0
Olfr1134,0.0
Olfr1135,0.0
Olfr1131,0.0
Olfr1130,0.0
Olfr1129,0.0
Olfr1145,0.0
Olfr1140,0.0
Olfr1136,0.0
Olfr1138,0.0011494253
Olfr1141,0.0
Olfr1143,0.0
Olfr152,0.0
Olfr1137,0.0
Olfr1154,0.0
Olfr1155,0.0
Olfr1153,0.0
Olfr1151,0.0
Olfr1152,0.0
Olfr1148,0.0
Olfr1163,0.0
Olfr1158,0.0
Olfr73,0.0
Olfr1157,0.0
Olfr1161,0.0
Olfr1160,0.0
Olfr74,0.0
Olfr1162,0.0
Olfr1167,0.0
Olfr1168,0.0
Olfr1164,0.0
Olfr1166,0.0034482758
Olfr1176,0.0
Olfr1170,0.0
Olfr1173,0.011494253
Olfr1180,0.0
Olfr1179,0.0068965517
Olfr1183,0.0
Olfr1181,0.0
Olfr1178,0.0
Olfr1182,0.0
Olfr1186,0.0
Olfr1188,0.0034482758
Olfr1184,0.0
Olfr1189,0.0
Olfr1196,0.0
Olfr1195,0.0
Olfr1193,0.0
Olfr1197,0.0
Olfr1204,0.0
Olfr1202,0.0022988506
Olfr1201,0.0022988506
Olfr1199,0.0
Olfr1205,0.0011494253
Olfr1198,0.0
Olfr1200,0.0
Olfr1206,0.0
Olfr1213,0.0022988506
Olfr1212,0.0
Olfr1209,0.0
Olfr1208,0.0
Olfr1214,0.0
Olfr1211,0.0
Olfr1215,0.0
Olfr1219,0.0011494253
Olfr1216,0.0034482758
Olfr1221,0.0
Olfr1217,0.0011494253
Olfr1220,0.0034482758
Olfr1218,0.0
Olfr1222,0.0011494253
Olfr1228,0.0
Olfr1223,0.0
Olfr1225,0.0
Olfr1226,0.0
Olfr1233,0.0011494253
Olfr1232,0.0
Olfr1234,0.0
Olfr1230,0.0
Olfr1231,0.0
Olfr1229,0.0
Olfr1239,0.0
Olfr1240,0.0
Olfr1238,0.0011494253
Olfr1241,0.0
Olfr1242,0.0
Olfr1246,0.0
Olfr1247,0.0
Olfr1245,0.0
Olfr1248,0.0
Olfr1243,0.0
Olfr1249,0.0
Olfr1250,0.0
Olfr1253,0.0
Olfr1252,0.0
Olfr1251,0.0
Olfr48,0.0
Olfr1257,0.0
Olfr1254,0.0
Olfr1255,0.0
Olfr1256,0.0
Olfr1264,0.0
Olfr1262,0.0057471264
Olfr1265,0.0
Olfr1259,0.0
Olfr1258,0.0
Olfr1260,0.0
Olfr1263,0.0
Olfr1261,0.0
Olfr32,0.0
Olfr1269,0.0
Olfr1270,0.0
Olfr140,0.0
Olfr1271,0.0
Olfr142,0.0011494253
Gm13769+Olfr1506,0.0
Olfr1273-ps,0.0
Olfr1272,0.0
Gm13769+Olfr1506.1,0.0
Olfr1274-ps,0.0
Mir3110,0.0
Fnbp4,48.651703
Agbl2,0.05402299
C1qtnf4,0.26436782
Mtch2,100.787384
Ndufs3,18.291954
Ptpmt1,11.596553
Kbtbd4,20.352886
Rapsn,0.08620688
Slc39a13,4.156321
Psmc3,136.89655
Acp2,24.702324
Spi1,0.040229883
Nr1h3,0.25057474
Madd,14.740235
Mybpc3,0.4977012
Pacsin3,2.2839077
Arfgap2,35.364372
A330069E16Rik,0.9551722
Snord67,0.027586207
Zfp408,8.397706
Atg13,25.15518
Harbi1,11.09081
Arhgap1,35.28045
F2,0.19310343
Dgkz,16.416101
Chrm4,0.20114945
Mdk,90.79769
Mir6999,0.032183908
Mir1955,0.031034483
Mapk8ip1,32.532173
1700029I15Rik,0.1045977
Pex16,9.498852
Gyltl1b,0.3333333
Mir7000,0.014942529
Slc35c1,7.3057485
D930015M05Rik,0.19885057
Chst1,1.4264367
Mir7221,0.0
Mir7222,0.0
Prdm11,0.14827585
4631405J19Rik,0.0022988506
Gm13807,0.0
Mir7001,0.0011494253
Alx4,0.1678161
Gm13889,5.5517235
Accsl,0.008045977
4921507L20Rik,0.38045976
Alkbh3,11.904606
Mir670,0.0011494253
Mir129-2,0.0
Mir129b,0.0
Api5,60.290764
2810002D19Rik,4.3287354
Rag2,0.035632182
Rag1,0.028735632
Traf6,15.804595
Prr5l,0.4942529
Commd9,13.649428
Fjx1,4.2793093
Apip,17.619532
A930006I01Rik,0.0022988506
Cat,61.314983
Nat10,14.743688
Caprin1,308.31244
Lmo2,0.3252873
Fbxo3,28.543688
A930018P22Rik,0.025287356
Cd59a,4.5793123
Mir1902,0.0
4930500J02Rik,0.6931034
Tcp11l1,10.579315
Pin1rt1,0.38275865
Prrg4,0.04137931
Qser1,22.259785
Eif3m,63.52414
Wt1,0.31034482
Rcn1,34.736782
Pax6,0.35057473
Paupar,0.004597701
Dnajc24,7.5908113
Gm14015,0.0
Fshb,0.0
Arl14ep,16.1115
Kcna4,0.057471268
Lin7c,62.370113
Gm13939,0.01954023
Ccdc34,12.751727
Ccdc34os,0.044827588
Bbox1,0.0034482758
Muc15,0.06091954
Olfr1277,0.0
Olfr1276,0.0
4930430A15Rik,0.0
Olfr1275,0.0
Olfr1279,0.0
Olfr1278,0.0
Olfr1280,0.0
Olfr1282,0.0
Olfr1283,0.0
Olfr1284,0.0
Olfr1281,0.0
Olfr1289,0.0
Olfr1288,0.0
Olfr1286,0.0
Olfr1290,0.0
Olfr1294,0.0
Olfr1287,0.0
Olfr1295,0.0
Olfr1297,0.0
Olfr1298,0.0
Olfr1299,0.0
Olfr1301,0.0
Olfr1302,0.0011494253
Olfr1303,0.0
Olfr1305,0.0
Olfr1306,0.0
Olfr1310,0.0
Olfr1309,0.0
Olfr1308,0.0
Olfr1311,0.0
Olfr1312,0.0
Olfr1307,0.0
Olfr1316,0.0
Olfr1314,0.0
Olfr1317,0.0
Olfr1318,0.0
Olfr1313,0.0
Nutm1,0.06206897
Lpcat4,2.067815
Nop10,40.432175
Emc4,30.625288
Katnbl1,15.209201
Chrm5,0.0
Tmco5b,0.0
Grem1,0.027586207
4930533B01Rik,0.12643677
Scg5,20.9161
Arhgap11a,6.436785
A530058N18Rik,0.028735632
Gjd2,0.018390805
C130080G10Rik,0.02183908
Actc1,11.47586
Mir7002,0.0022988506
Zfp770,2.3609183
3110099E03Rik,0.039080456
Mir1951,0.0
2810405F15Rik,0.009195402
Tmco5,0.0
D330050G23Rik,0.1275862
Mir674,0.012643678
Fam98b,3.2586148
Thbs1,3.1758614
1700054M17Rik,0.0
Eif2ak4,8.614948
Srp14,78.06552
Bmf,12.559773
Plcb2,0.050574712
5430417L22Rik,5.759772
Pak6,0.0022988506
Ankrd63,0.0
Ivd,34.294247
Phgr1,0.0
Disp2,5.839081
Knstrn,15.981608
A430105I19Rik,0.54367816
Bahd1,7.2172446
Chst14,8.089661
Rad51,10.447121
Casc5,6.9080486
Rpusd2,9.76782
Ccdc32,12.036785
Zfyve19,14.56093
Gchfr,0.23333333
Dnajc17,4.516094
Rhov,0.81954026
Spint1,0.47356325
Ppp1r14d,0.055172414
Gm14137,0.09195403
Gm14207,0.11264368
Dll4,0.23563218
Chac1,0.23678158
Vps18,15.966672
Nusap1,10.328744
1700020I14Rik,17.925283
Ndufaf1,16.090805
Oip5,3.3448262
Chp1,60.63447
Ltk,0.0022988506
Itpka,0.013793103
Rpap1,24.86667
Rtf1,21.51493
Jmjd7-pla2g4b,0.15747125
Mapkbp1,7.370118
Jmjd7,0.94367737
Pla2g4b,0.014942529
Mir7665,0.0
Ehd4,3.0839078
Pla2g4f,0.044827588
Pla2g4d,0.0
Tmem87a,5.0988536
Zfp106,71.63798
4931402G19Rik,0.012643678
Capn3,0.25862068
Lrrc57,13.964368
Haus2,17.651726
Ubr1,28.668962
AV039307,0.44367817
Epb4.2,0.13103448
Tgm7,0.0068965517
Ccndbp1,26.097706
Tgm5,0.48735633
Tubgcp4,17.3115
Lcmt2,12.218393
Adal,6.698852
Zscan29,10.227593
Ckmt1,5.267817
Map1a,46.946007
Ppip5k1,4.4195404
Mfap1b,1.9885001
Pdia3,311.23874
Catsper2,1.3563217
Hypk,57.988472
Serinc4,0.47471267
Serf2,16.250593
Ell3,0.6689654
Wdr76,2.9735603
Mageb3,0.16551724
Ctdspl2,14.136796
B2m,18.847113
Eif3j1,0.0
Spg11,5.340232
Eif3j2,0.0
4933406J08Rik,0.0
Trim69,0.018390805
Sord,3.6379304
Duoxa1,0.010344828
Shf,1.770114
Duox1,0.32988504
Duoxa2,0.0
Slc28a2,0.0
Gm14085,0.0
Bambi-ps1,0.29770115
Spata5l1,1.9540229
Gatm,1.2620689
Mir147,0.0
AA467197,0.016091954
Sqrdl,0.077011496
Bloc1s6,20.091972
4930583P06Rik,0.059770115
Ctxn2,0.027586207
Slc24a5,0.6494251
Myef2,28.91494
Dut,42.57126
Eid1,49.068962
Secisbp2l,25.444841
Cops2,60.704563
Fgf7,0.11954023
Dtwd1,4.2942514
Slc27a2,0.047126435
Gabpb1,19.613796
Trpm7,35.119545
Usp50,0.029885057
Sppl2a,15.060929
Mir3473g,0.008045977
Ncaph,19.980463
Blvra,5.208047
1810024B03Rik,0.1816092
Ciao1,36.958645
Tmem127,18.06093
Snrnp200,92.777
Adra2b,0.06896552
Dusp2,0.20229886
Astl,0.008045977
Kcnip3,5.7011504
Fahd2a,5.3287363
Gpat2,0.24597703
Mrps5,15.596563
Zfp661,6.636781
Mal,0.04597701
Nphp1,10.712644
1500011K16Rik,1.9839059
Mall,0.011494253
Bub1,20.139082
Bcl2l11,5.1816106
Anapc1,59.798843
Fbln7,0.15747125
Zc3h8,2.6068962
Ttl,15.732194
Slc20a1,33.329887
A730036I17Rik,0.008045977
Chchd5,8.3586235
AI847159,0.0022988506
Gm14023,0.25747123
Ckap2l,13.517238
Il1a,0.06781609
Il1bos,0.013793103
Pdyn,0.10344828
Stk35,15.783914
4932416H05Rik,1.7206893
Mir6339,0.0
AU015228,0.01724138
Tgm6,0.013793103
Tmc2,0.008045977
Snord57,0.2862069
Snrpb,199.62994
Idh3b,76.54139
Nop56,85.374695
Snord110,0.043678153
Ebf4,0.8068965
1700020A23Rik,0.042528734
Tmem239,0.0022988506
Cpxm1,10.629882
Pced1a,4.9551706
Vps16,36.22873
Lzts3,0.55057466
Ddrgk1,10.680461
Mrps26,17.847118
Oxt,0.018390805
Fastkd5,12.312638
Avp,0.0
Ubox5,13.706904
Slc4a11,0.2505747
Gm14057,2.168964
A730017L22Rik,0.94712603
Gfra4,0.89425266
Adam33,0.03448276
Mir6973b,0.018390805
Cdc25b,11.997704
Spef1,3.5873537
Cenpb,10.039085
Hspa12b,1.3218387
1700037H04Rik,36.812614
Mavs,10.011492
Mir103-2,0.004597701
Ap5s1,7.7068977
Pank2,15.406907
Smox,17.044828
Adra1d,0.0
5330413P13Rik,0.009195402
Prnd,0.0057471264
Prn,0.0
Prnd.1,0.0
Prnp,10.672413
Rassf2,3.419539
Tmem230,9.242536
Cds2,27.347136
4921508D12Rik,0.0
Gpcpd1,23.474707
1110034G24Rik,5.9632215
Chgb,6.2712646
Crls1,5.231037
Trmt6,20.042542
Mcm8,6.7540245
Lrrn4,0.14712644
Hao1,0.0
4930545L23Rik,0.026436782
Mir3963,0.0
9630028H03Rik,0.0
Lamp5,1.4620687
Ankef1,0.13218391
Snap25,33.95748
Mkks,17.218386
Mir1952,0.0
Esf1,14.500004
Ndufaf5,9.834483
Flrt3,8.57931
Snrpb2,44.295395
Otor,0.7126437
Pcsk2os1,0.86321825
Bfsp1,0.41264367
Rrbp1,16.364382
Snx5,60.28967
Snord17,0.22643681
Mgme1,6.0712633
Pet117,0.004597701
Csrp2bp,13.044837
LOC171588,0.029885057
Rbbp9,23.564363
Polr3f,12.525302
Dzank1,2.0103443
Zfp133-ps,1.6620687
Gm561,5.5229874
Scp2d1,0.0
Gm14092,0.0034482758
Naa20,12.239087
Crnkl1,39.529892
4930529M08Rik,0.9068963
Insm1,35.594242
A930019D19Rik,0.16551723
4933406D12Rik,0.0
6430503K07Rik,0.0
Nkx2-2,0.0057471264
Nkx2-4,0.0
Pax1,0.41149428
AI646519,0.011494253
A530006G24Rik,0.0
Foxa2,0.040229887
Cd93,0.43908045
Thbd,0.42413795
Sstr4,0.0022988506
Napb,26.308054
Cstl1,0.013793103
Nxt1,16.139078
Gzf1,13.857475
Cst12,0.0
8030411F24Rik,0.008045977
Cst11,0.0011494253
Cst3,57.77356
Cst13,0.0
Cst9,0.0
Cst8,0.0
9230104L09Rik,0.0
Cst10,0.0
Gm14139,0.013793103
Zfp120,5.15747
Zfp937,3.082756
Gm14124,0.031034483
Zfp442,3.5540216
Cst7,0.03333333
Zfp345,0.039080456
Acss1,4.5091963
Vsx1,0.0
E130215H24Rik,0.022988506
Entpd6,9.263216
Pygb,23.557478
Gins1,9.195408
Gm14151,0.0
Gm14151.1,0.0
Nanp,0.05517239
4930442J19Rik,0.0
4921509C19Rik,0.0
Nsfl1c,33.544807
Sdcbp2,0.3287356
Fkbp1a,252.49431
Snph,0.7758621
Psmf1,30.92299
Tmem74b,0.49195397
Rspo4,0.01954023
Mir1953,0.01954023
Slc52a3,0.32873562
Fam110a,112.38739
Scrt2,6.143679
Srxn1,5.826438
Tcf15,0.51494247
Csnk2a1,24.474728
Nrsn2,0.2218391
Rbck1,42.51953
Sox12,7.9862204
Zcchc3,12.300004
Trib3,0.56666666
Gm14164,0.037931032
Defb26,0.0022988506
Defb28,0.0
Defb20,0.0
Defb23,0.0
Defb22,0.0
Defb29,0.0
Defb36,0.004597701
Rem1,0.075862065
Defb25,0.0034482758
Defb45,0.0
Mcts2,17.118387
Defb21,0.0
Defb19,0.0011494253
Id1,22.320688
Cox4i2,0.15517241
Dusp15,2.3862066
Tpx2,41.6621
Foxs1,0.105747126
Mylk2,0.5137931
Mir5622,0.009195402
Xkr7,5.1195436
Ttll9,0.87931025
Ccm2l,0.3655172
Pdrg1,142.15631
Tm9sf4,28.702305
Hck,0.44022986
Plagl2,22.036768
Kif3b,15.808045
2500004C02Rik,2.6459763
Pofut1,7.1931057
Dnmt3b,4.105746
Commd7,21.202301
Sun5,0.0034482758
Efcab8,0.004597701
Bpifb4,0.027586207
Bpifa6,0.0
Bpifb6,0.0
Bpifb3,0.0022988506
Bpifa3,0.0
Bpifb5,0.01724138
Bpifa5,0.0
Bpifa1,0.024137931
Bpifb1,0.0
Bpifb9a,0.0022988506
Bpifb9b,0.0
Cdk5rap1,9.010348
Pxmp4,7.489659
Zfp341,2.364367
Actl10,0.28965518
E2f1,16.219553
1700003F12Rik,0.4114944
Necab3,22.186205
Eif2s2,21.252884
a,0.0034482758
2310005A03Rik,0.0
Ahcy,8.120694
Map1lc3a,37.009216
Dynlrb1,96.16892
Trp53inp2,77.237885
Ncoa6,21.08966
Mir695,0.0022988506
Ggt7,13.842527
Acss2,17.529896
Acss2os,0.06321839
Trpc4ap,78.27815
Myh7b,0.16436782
Mir499,0.0
Mmp24,15.416089
Fam83c,0.05862069
BC029722,6.76552
Procr,0.2689655
Eif6,59.270134
Uqcc1,30.939093
Gdf5,0.24827585
Ergic3,62.23332
Spag4,1.3942528
6430550D23Rik,0.4505747
Fer1l4,0.0022988506
Romo1,15.780465
Rbm39,130.9057
Nfs1,19.226448
Scand1,7.581612
2900097C17Rik,9.711503
Aar2,35.804592
Gm14169,0.0
4930405A21Rik,0.11379309
Myl9,6.466667
5430405H02Rik,1.7034467
Sla2,0.5862057
1110008F13Rik,24.381584
Tgif2,11.497704
Ndrg3,49.631023
Dsn1,8.302301
Tldc2,0.052873563
Samhd1,9.095405
Mroh8,0.13678157
Manbal,19.289654
Ghrh,0.01724138
Src,43.475887
Nnat,582.2164
Blcap,32.552876
Tti1,13.629887
Tgm2,16.490808
1700060C20Rik,0.05287356
Bpi,0.0057471264
Lbp,0.4770115
Mir7685,0.0
9430008C03Rik,18.064383
Snhg11,13.171261
Adig,0.0068965517
Arhgap40,0.013793103
Mir3474,0.067816064
Slc32a1,0.018390805
Actr5,4.177009
Dhx35,11.262073
Fam83d,4.550576
4933416E03Rik,0.0011494253
Gm826,0.008045977
Mafb,2.5517237
Plcg1,45.24483
Emilin3,0.22068965
Lpin3,0.054022983
Ptprtos,0.0
9430021M05Rik,0.30804598
Sgk2,0.0
Ift52,20.827595
Srsf6,191.7781
L3mbtl1,0.05862069
Mybl2,3.819539
Gtsf1l,0.0057471264
Mir7003,0.025287356
Jph2,0.15172414
Oser1,2.956316
Hnf4a,0.12068965
R3hdml,0.50919545
Fitm2,4.064368
Hnf4aos,0.0
2310001K24Rik,0.0011494253
Serinc3,41.14023
Ttpal,24.79999
0610039K10Rik,0.11724132
Wisp2,0.12068965
Ada,3.325287
Rims4,0.05402299
Kcnk15,0.0
Tomm34,33.58161
Ywhab,261.7148
Pabpc1l,0.48390806
Wfdc15b,0.0068965517
Wfdc12,0.032183908
Wfdc5,0.04597701
Kcns1,0.04597701
Wfdc15a,0.0011494253
Svs4,0.0
Svs6,0.0
Slpi,0.0034482758
Svs2,0.0
Svs3b,0.0
Svs3a,0.0
Svs5,0.0
Mir7678,0.0
Dbndd2,4.016092
Rbpjl,0.04942529
Sdc4,1.2264366
Matn4,0.20344827
Trp53tg5,0.07471264
Sys1,24.387363
Wfdc2,1.1919535
Spint3,0.0
Wfdc8,0.0
Eppin,0.03333333
Pigt,15.041384
Wfdc6a,0.0
Wfdc6b,0.0
Spint4,0.0
Spint5,0.0
Wfdc3,0.014942529
Wfdc9,0.0
Wfdc11,0.0
Wfdc10,0.0011494253
Wfdc16,0.0
Wfdc13,0.024137931
Snx21,3.2114923
Zswim1,11.750572
Zswim3,6.9931064
Acot8,5.5528755
Ctsa,53.177013
Pltp,0.31264368
Spata25,0.020689655
Tnnc2,0.41609198
Ube2c,42.1092
Neurl2,0.7356318
Mmp9,0.12298851
Slc12a5,0.74252856
Zfp335,14.612645
Cd40,0.4298851
1700025C18Rik,0.0
Elmo2,37.881596
Zfp334,24.925285
Ocstamp,0.022988506
Zfp663,0.5080459
Slc2a10,1.7965518
2810408M09Rik,10.903448
Sulf2,134.36894
Gm11468,0.03333333
5031425F14Rik,0.020689655
Mir6364,0.0
Trp53rk,3.4022932
Cse1l,79.97355
1500012F01Rik,23.993101
Znfx1,5.593103
Snord12,0.58390784
Ddx27,26.67472
Ptgis,3.7701142
B4galt5,14.181614
Slc9a8,9.80115
Spata2,13.801157
Ube2v1,4.425277
Snai1,0.77241373
A530013C23Rik,0.0011494253
Cebpb,0.19770116
Tmem189,4.1781588
Ptpn1,56.148296
Fam65c,0.1045977
Pard6b,1.6988502
E130018N17Rik,0.27701148
Adnp,42.410355
Mir3110.1,0.0
Mocs3,1.5885054
Dpm1,14.425293
Kcng1,0.06321839
Mir7004,0.0057471264
Sall4,3.897699
1700017J07Rik,0.0
A630075F10Rik,0.0
Bcas1os2,0.0068965517
Pfdn4,14.451732
Gm16796,0.10229885
Cyp24a1,0.0
4930470P17Rik,0.0011494253
1700028P15Rik,0.0
Cbln4,0.5517242
Fam210b,104.30459
Mc3r,0.0
Fam209,0.1448276
Cass4,0.050574712
Cstf1,19.871265
Rtfdc1,49.037937
Gcnt7,0.6413793
Tfap2c,0.018390805
Spo11,0.0
Ctcflos,0.0
Ctcfl,0.0022988506
Rbm38,17.979319
Pmepa1,2.6206875
Pck1,0.008045977
Zbp1,0.1091954
1700021F07Rik,0.0
Ankrd60,0.0011494253
Ppp4r1l-ps,5.0103474
Vapb,16.164381
1700010B08Rik,0.02183908
Mir6340,0.0
Stx16,21.535652
Npepl1,9.655172
Gm10714,0.031034483
Mir296,0.008045977
Nespas,2.7781577
Mir298,0.0
Nelfcd,56.921856
Ctsz,63.493134
Atp5e,56.888493
Slmo2,29.931026
Zfp831,0.02183908
Edn3,0.46206892
Gm14393,0.004597701
Gm14391.1,0.0
Gm6710,0.0
Gm4724,0.0
Gm14308,0.0
Gm14434,0.0
OTTMUSG00000016609,0.0
Gm14430,0.0
Gm14440,0.0
Gm14288,0.0
0610010B08Rik+Gm14308+Gm14430+Gm14434+Gm4724+OTTMUSG00000016609,0.0
Gm14436,0.0
Gm14306,0.0
0610010B08Rik+Gm14308+Gm14430+Gm14434+Gm4724+OTTMUSG00000016609.1,0.0
0610010B08Rik+Gm14308+Gm14430+Gm14434+Gm4724+OTTMUSG00000016609.2,0.0
Gm14431+Gm8898.1,0.0
Gm14440.1,0.0011494253
Gm6710.1,0.0
Gm14288.1,0.0
Gm14431+Gm8898.2,0.0
0610010B08Rik+Gm14308+Gm14430+Gm14434+Gm4724+OTTMUSG00000016609.3,0.0
Gm14431+Gm8898.3,0.0
Gm14288.2,0.0
0610010B08Rik+Gm14308+Gm14430+Gm14434+Gm4724+OTTMUSG00000016609.4,0.0
Gm14305,0.18275869
Gm14295,0.39540228
Gm14405.1,0.0
Gm14403,0.7367815
Gm14322,0.09770111
Gm14325,1.5770084
Gm14326,0.6827583
Gm14327,0.0068965517
Etohi1,1.9770103
Zfp931,0.73333305
Ppp1r3d,1.8057469
Cdh26,0.013793103
Fam217b,2.2068963
4930591A17Rik,0.0
Psma7,186.54718
Lsm14b,4.774713
Ss18l1,16.913795
Mtg2,10.533334
4921531C22Rik,3.0413783
Adrm1,10.578162
Osbpl2,33.040245
Hrh3,1.4839077
Mir7005,0.024137931
Gata5,0.07931034
Cables2,6.8448305
Mir3091,0.4816092
Gata5os,0.0068965517
Rps21,21.099997
Rbbp8nl,0.014942529
Slco4a1,60.813778
Gm6307,0.0
Mir1a-1,0.0
Mir133a-2,0.0
B230312C02Rik,0.01954023
Ogfr,54.55631
Mrgbp,8.514947
Ntsr1,1.5172412
Slc17a9,0.057471268
Dido1,36.473583
Gid8,28.933321
Tcfl5,0.54942524
Bhlhe23,24.025293
Arfgap1,29.922983
Nkain4,47.3621
Birc7,0.4068966
Ythdf1,30.286203
Mir124a-3,0.004597701
Kcnq2,1.5724133
Chrna4,31.750586
Ppdpf,21.01264
Ptk6,0.0022988506
Helz2,1.0379311
Eef1a2,0.012643678
Srms,0.06206897
BC051628,0.03448276
Arfrp1,33.449425
Stmn3,108.60118
Rtel1,19.345982
Zgpat,21.55978
Lime1,14.133334
Slc2a4rg-ps,2.8390796
Tpd52l2,57.744827
Abhd16b,0.12528735
Znf512b,20.757488
Prpf6,53.50229
Uckl1,21.505756
Uckl1os,0.37011492
Samd10,28.510355
Mir7006,0.0022988506
Tcea2,3.6298833
Oprl1,0.83678156
Lkaaear1,0.0
Rgs19,16.10804
Sox18,0.21149425
Polr3k,60.688515
Pcmtd2,19.272415
Gm14496,0.0
Rsrc1,32.471268
4930593A02Rik,0.013793103
Man1a2,26.487349
Gbp2b,0.0
Zfhx4,18.839085
Ralyl,0.6988505
Zfp704,12.371273
4930539N22Rik,0.051724136
Nlgn1,0.49540228
Egfem1,0.12298851
Tnik,54.23566
Mecom,0.027586207
3110057O12Rik,2.05862
Gm6639,0.0
Sox2ot,0.19310345
Proser1,33.477
Ankub1,0.008045977
Slc33a1,7.487358
Veph1,0.07586205
Gm21949,0.0
Schip1,0.0
Gm20754,0.0057471264
4930509J09Rik,0.0
Gria2,10.947127
Rxfp1,0.0
Fstl5,8.898851
Rbm46,0.52528733
Nup210l,1.4218379
Fbxw7,10.966672
Hrnr,0.0
Adora3,0.0011494253
Dclre1b,13.920691
Tspan2,9.447126
Capza1,9.582768
Mir3473f,0.0011494253
Ntng1,0.91724133
Cdc14a,3.7402277
Dkk2,0.6781608
Sec24b,36.23103
Arhgef38,0.0011494253
9830132P13Rik,0.004597701
Stpg2,0.040229887
Emcn,0.37701145
Unc5c,5.2701135
Cenpe,20.677011
Bank1,0.0
Prkacb,30.817236
Sh3glb1,44.87699
Lphn2,19.306904
Lrriq3,0.2045977
Slc44a5,0.32758617
Negr1,0.20459771
Lrrc7,0.15057473
Hnf4g,0.0068965517
Il7,0.0
Mrps28,11.114945
Stmn2,494.92426
Gm9833,11.154031
Pag1,1.8183901
Lrrcc1,11.393108
Gm5150,0.0011494253
Cyp7b1,0.6551724
Dnajc5b,0.0
Pde7a,25.14599
Trim55,0.01954023
Armc1,33.883907
Agtr1b,0.03678161
Tbl1xr1,36.67817
Ect2,13.093112
Spata16,0.0034482758
Fndc3b,1.3827584
Pld1,1.1816092
Slc2a2,0.022988506
Phc3,4.817243
Lrriq4,0.0057471264
Sec62,27.777018
Kcnmb2,79.23451
Pex5l,18.0506
4930419G24Rik,0.8954015
Usp13,4.5482755
Dnajc19,6.485056
Ccdc39,1.4448267
Dcun1d1,6.174717
Ccdc144b,0.0011494253
Ccna2,58.722965
Atp11b,14.6873665
Spata5,12.771264
Fgf2,0.008045977
Il21,0.0
Adad1,0.040229883
4932438A13Rik,27.657486
Fat4,30.673565
Hspa4l,17.594255
Intu,4.364367
Sclt1,6.306901
2610316D01Rik,1.4528732
Ccrn4l,10.045979
Foxo1,1.9229884
Maml3,15.919546
Lhfp,5.9034495
Frem2,2.7528737
Trpc4,0.06321839
Dclk1,40.686226
Smad9,0.063218385
Ccna1,0.13218391
Nbea,14.785057
Wwtr1,2.0034482
Rnf13,15.350578
Tsc22d2,11.756321
Selt,6.726438
Med12l,1.4609191
P2ry12,0.063218385
Clrn1,1.4057472
Mbnl1,10.95862
Arhgef26,7.8712683
Plch1,2.2919536
Mme,0.38850576
Vmn2r-ps11,0.010344828
Vmn2r1,0.088505745
Tiparp,13.73678
Lekr1,0.89425296
Kcnab1,0.6655171
Shox2,19.219543
Rarres1,0.05287356
Iqcj,0.0
Kpna4,21.708061
Schip1.1,0.0
Schip1.2,0.01954023
Ift80,9.352875
Nmd3,36.357513
Ppm1l,10.371262
Gm6634,0.0022988506
Bche,7.7678185
Zbbx,0.064367816
Serpini1,87.3609
Golim4,41.502293
Fnip2,6.239084
Gm17359,0.04712644
Tmem144,0.8666666
Pdgfc,0.743678
Glrb,1.0045974
Gucy1b3,0.38735625
Mnd1,0.80114865
Tmem154,0.0
Arfip1,14.403458
Trim2,105.63337
D930015E06Rik,99.927475
Pet112,8.5023
Fam160a1,1.1574713
1700036G14Rik,0.0
Lrba,2.0850565
Sh3d19,2.675861
Dclk2,10.662071
Kirrel,2.4390783
Crabp2,140.68741
Arhgef11,5.097706
Ash1l,31.549442
Gon4l,14.617246
Smg5,26.535633
Ubap2l,117.49309
Kcnn3,0.35517243
Zbtb7b,0.18965518
Tuft1,0.8172414
Fam63a,28.43449
Snx27,23.995413
Cgn,0.67356306
Anp32e,76.820656
Rprd2,9.329894
Adamtsl4,0.6977011
Ctss,0.05862069
Rnf115,17.793102
Pdzk1,2.021838
Mir378c,0.0
Notch2,6.5551767
Hmgcs2,0.09195402
Pde4dip,76.113846
Fmo5,0.9494252
Sec22b,36.04486
Tbx15,0.81149423
Spag17,0.52758616
Wdr3,33.043667
Ptgfrn,10.780464
Trim45,6.14253
Atp1a1,54.44369
Igsf3,50.78849
Ngf,0.032183908
Casq2,0.54367816
Dennd2c,0.11494253
Sycp1,0.0
Trim33,20.397707
Csde1,183.17365
Rsbn1,8.2977085
Magi3,2.9942513
Lrig2,39.062084
Kcnd3,0.7643679
Rap1a,6.1264386
Dram2,27.673582
Lrif1,6.393109
Csf1,0.10574713
Slc6a17,0.52528733
Cym,0.09885058
Celsr2,28.713783
Clcc1,9.947129
Psma5,37.421825
Gnai3,118.12527
5330417C22Rik,0.27931038
Vav3,0.3494252
Gm6602,0.0
Col11a1,5.0091968
Olfm3,0.13908046
Mir669b,0.0
Slc30a7,18.414953
Dbt,12.071272
Agl,8.497704
Hiat1,29.333338
Snx7,3.9482758
Dpyd,4.974714
Tmem56,0.13908046
Slc44a3,0.09425287
Fnbp1l,41.075848
Bcar3,1.9931028
Abcd3,23.335634
Abca4,0.025287356
Sec24d,2.0816085
Usp53,1.3643674
Synpo2,0.33793104
Ndst3,14.113792
Prss12,0.8275861
Pde5a,0.8310344
Ndst4,0.64137936
Camk2d,2.9574695
Tifa,0.087356314
D030025E07Rik,0.0
Elovl6,35.89769
Pla2g12a,5.9275885
6330410L21Rik,0.0
Col25a1,0.5574712
Papss1,47.242573
Lef1,7.8241353
Sgms2,0.029885057
Gstcd,3.4954014
Tbck,6.373564
Npnt,0.29425287
Tacr3,0.0
Slc9b1,0.0034482758
Manba,0.9264368
Nfkb1,4.9298854
1700030L20Rik,0.0011494253
Ppp3ca,15.436787
Trmt10a,7.691961
Adh1,0.089655176
Ddit4l,0.7908045
Dnajb14,2.1252868
Eif4e,37.826416
Rap1gds1,50.86897
Tspan5,31.280466
Pdlim5,10.77127
Bmpr1b,0.5712644
Pkn2,19.021843
Ccbl2,6.6471286
Hs2st1,7.333337
Sep15,86.3679
Clca4,0.0011494253
Clca5,0.0
Clca6,0.0
Col24a1,0.051724136
Lpar3,0.23448277
Ddah1,24.865517
Ssx2ip,7.0839105
Syde2,1.1114942
Ttll7,33.809204
Eltd1,0.11034482
Fam73a,12.927588
Ak5,0.20804599
Zzz3,22.782766
St6galnac5,4.001149
Msh4,0.06206897
St6galnac3,2.665516
Tnni3k,0.013793103
Gm20752,0.0
Depdc1a,0.6965515
Wls,18.139076
1110015O18Rik,0.0
2700069I18Rik,0.33333334
Pex2,23.391953
1700008P02Rik,0.0
Pkia,21.316084
Zc2hc1a,30.775873
1700010I02Rik,0.0
Gm6194,0.08620685
Hey1,12.608049
Tpd52,21.789669
4930539M17Rik,0.01954023
Zbtb10,9.457478
C030034L19Rik,0.27126437
Fabp5,91.43325
Fabp9,0.0
Pmp2,0.0022988506
Fabp4,0.011494253
Zfand1,2.595397
Slc10a5,0.0
Fabp12,0.0034482758
Impa1,42.206886
Snx16,4.668965
Chmp4c,0.047126435
Gm10745,0.0
Gm6300,0.0
Slc7a12,0.0022988506
Car13,1.1954024
1810022K09Rik,7.7586174
E2f5,10.101158
Car1,0.03333333
Car2,1.3482758
Car3,0.43218398
A930001A20Rik,0.0011494253
Gm9733,0.004597701
Sirpb1a,0.0
Sirpb1b,0.0
LOC100038947,0.0
Ythdf3,46.805763
Mir124a-2,0.025287356
2610100L16Rik,0.20804602
Cypt12,0.0
Bhlhe22,0.2632184
4930433B08Rik,0.0
Mtfr1,36.433342
Crh,0.0057471264
4632415L05Rik,5.6379347
Cp,0.064367816
Hps3,5.86437
Hltf,7.660924
Gyg,14.389651
Cpb1,0.0068965517
Cpa3,0.0
Mir7007,0.0
Rprl2,0.013793103
Nceh1,2.65977
1700125G22Rik,0.0
Ghsr,0.008045977
Tnfsf10,0.0022988506
Mir3092,0.0
Tmem212,0.0
Rpl22l1,18.017235
Eif5a2,4.049424
Gm1527,0.0
Mir551b,0.0
Mir21b,0.0
Mecom.1,0.95632184
Manr,0.0
Lrrc34,1.5574709
Actrt3,0.20689656
Mynn,15.242528
Samd7,0.0
Gpr160,0.11494253
Prkci,16.01724
Mir7008,0.050574694
Cldn11,0.17126438
Skil,22.458618
Slc7a14,0.7160919
4930429B21Rik,0.5908046
Zmat3,16.214947
Pik3ca,19.709202
Kcnmb3,0.051724136
Zfp639,16.820705
Mfn1,14.228743
Gnb4,17.91954
Actl6a,90.85632
Mrpl47,11.331042
Ndufb5,66.89541
Ttc14,22.534487
Fxr1,31.254044
Mir1897,0.0
Sox2,1.7540228
Gm3143,0.0
Peril,0.0
Mir6378,0.0011494253
Mccc1os,0.71149415
Mccc1,23.733345
D3Ertd254e,10.519541
Acad9,19.780464
Qrfpr,0.0
1810062G17Rik,0.12298851
Anxa5,32.231045
Exosc9,39.844833
Gm11549,0.0011494253
Gm11548,0.0
Mir7009,0.0
Trpc3,0.40689653
Bbs7,6.328738
Il2,0.0
Bbs12,2.810344
Cetn4,0.14367816
Nudt6,0.673563
Spry1,0.57471263
Gm5148,0.024137931
Gm20755,0.0034482758
5430434I15Rik,0.0011494253
Ankrd50,16.914953
1700017G19Rik,0.0011494253
Slc25a31,0.03333333
Gm2011,0.014942529
Plk4,11.464373
Mfsd8,6.0022993
Gm10731,0.0011494253
1700034I23Rik,0.050574712
Larp1b,0.4287356
Pgrmc2,7.126443
C430002E04Rik,0.0
Jade1,4.5816092
D3Ertd751e,2.586206
Pcdh10,2.3310344
1700027H10Rik,0.0
Pabpc4l,2.631034
Gm7977,0.014942529
1700018B24Rik,0.0
Pcdh18,19.088505
Slc7a11,0.4701142
4930577N17Rik,0.077011496
Elf2,15.312659
Mgarp,0.2632184
Naa15,79.76555
Rab33b,8.686207
Ndufc1,14.096546
5031434O11Rik,0.032183908
Setd7,5.0298896
Mgst2,0.06091953
Gm2447,0.0011494253
Gm20750,0.0034482758
Cog6,16.81955
Nhlrc3,1.1999997
Stoml3,0.11149424
Ufm1,16.581614
Postn,3.6597703
Supt20,15.564364
Exosc8,22.15747
Alg5,14.611499
Rfxap,5.0241394
Sertm1,0.08275862
Spg20,22.783907
Ccdc169,0.050574712
4931419H13Rik,0.0
Sohlh2,0.0034482758
Mab21l1,0.72758603
4933417G07Rik,0.5724131
Tm4sf1,0.077011496
Tm4sf4,0.0
Commd2,27.754007
Pfn2,77.15173
1700007F19Rik,0.010344828
Serp1,86.18396
Eif2a,31.320702
Gm8234,0.13793102
Siah2,7.1793103
Erich6,0.13103448
Gpr171,0.6425288
P2ry13,0.047126435
P2ry14,0.3643678
Gpr87,0.042528734
F630111L10Rik,0.58160925
Igsf10,2.406896
Gm5538,0.0
Gm8298,0.0
C130079G13Rik,0.004597701
Aadacl2,0.0
Gm9696,0.0
Aadac,0.06896552
Sucnr1,0.0
P2ry1,0.12183908
Rap2b,18.242537
Dhx36,31.61726
Gpr149,0.0022988506
E130311K13Rik,0.6448276
Gmps,67.13679
Vmn2r2,0.012643678
Vmn2r3,0.0
Vmn2r4,0.0
Vmn2r6,0.0
Vmn2r5,0.0
Vmn2r7,0.0
A730090N16Rik,0.29655173
Ssr3,129.33679
4931440P22Rik,0.2137932
Mir8120,0.0
Ccnl1,40.44599
Ptx3,0.50229895
Lxn,6.1114955
Mlf1,3.5712626
Gfm1,26.778172
Mfsd1,39.141388
Schip1.3,3.025285
Il12a,0.0011494253
1110032F04Rik,0.11839079
Trim59,24.964373
Mir16-2,0.0
Smc4,26.274715
Mir15b,0.0
Gm1647,0.0
Arl14,0.0
B3galnt1,9.250578
Sptssb,0.0
Otol1,0.0057471264
Sis,0.0
Slitrk3,0.12183908
Gm20356,0.0
Serpini2,0.0
Pdcd10,4.918392
2410007B07Rik,0.035632186
Rapgef2,4.3793116
4921511C10Rik,0.39080462
Ppid,28.209202
Etfdh,26.805744
4930579G24Rik,7.540234
Fam198b,0.27241382
Asic5,0.0
Tdo2,0.075862065
Ctso,1.0793102
Gucy1a3,0.6321839
Mir7010,0.0
Map9,11.652877
Npy2r,0.0
Rbm46os,0.0057471264
Lrat,0.02183908
Fga,0.16666666
Plrg1,50.44367
Fgg,0.2137931
Fgb,0.25862068
1700028M03Rik,0.0
Tlr2,0.05402299
Sfrp2,4.373563
Gm6525,0.5862068
4930565D16Rik,0.012643678
Fhdc1,3.1620681
Tigd4,0.0
Dear1,0.056321822
Glt28d2,0.16551726
Prss48,0.043678157
Rps3a1,51.30687
Rnu73b,0.039080456
Snord73a,0.17471263
Mab21l2,1.1655172
Cd1d2,0.040229887
Cd1d1,6.8367834
Fcrls,0.071264364
Fcrl1,0.027586207
Cd5l,0.048275862
Etv3,5.6563253
Fcrl5,0.0057471264
Pear1,0.9183908
Insrr,6.406896
Lrrc71,0.1448276
Ntrk1,307.6644
Mrpl24,18.180462
Isg20l2,36.01379
Rrnad1,10.282768
Sh2d2a,0.055172414
Prcc,5.300003
Hdgf,59.424156
Bcan,0.13563217
Gpatch4,12.595412
Apoa1bp,26.432194
Hapln2,0.037931032
Nes,21.496552
Ttc24,0.0
Mef2d,11.006904
Iqgap3,4.0137935
1700113A16Rik,2.2942495
Tmem79,0.49195412
Tsacc,0.7436777
Mir3093,0.0
Rhbg,0.118390806
0610031J06Rik,21.921844
Cct3,370.46182
Mir9-1,0.0
Sema4a,0.71494246
Paqr6,0.01724138
Slc25a44,22.563213
Bglap,0.0068965517
Bglap3,0.004597701
Pmf1,15.694258
Mir7011,0.0022988506
Bglap2,0.0011494253
Lamtor2,21.006891
Lmna,4.7241387
Mir1905,0.0
Rab25,0.36321843
Mex3a,71.62528
Ssr2,46.71145
Ubqln4,37.847115
Rxfp4,0.0
Rit1,31.067816
Arhgef2,82.711464
2810403A07Rik,38.90461
5830417I10Rik,4.9724164
1500004A13Rik,6.583911
Syt11,168.17252
Dap3,47.405746
Msto1,17.150576
Fdps,55.794254
Rusc1,24.250576
Pklr,0.12758622
Clk2,11.46437
Krtcap2,29.758623
Trim46,7.701152
Mtx1,22.873556
Thbs3,8.119542
Fam189b,28.271276
Mir92b,0.0
Scamp3,27.057455
Muc1,0.30229884
Hcn3,4.4632177
Gba,21.875864
Adam15,2.2954018
Efna1,1.0264366
Slc50a1,10.321838
Dcst1,0.04942528
Efna3,0.69310355
Efna4,7.9816127
Dpm3,3.911483
Shc1,24.572418
Pygo2,37.600006
Pmvk,29.348284
Cks1b,46.60691
Gm15417,0.116091944
Flad1,15.56207
Lenep,1.6827581
Pbxip1,5.203447
Ube2q1,21.565521
Chrnb2,26.258612
Adar,16.867826
Il6ra,0.010344828
She,0.07586207
Hax1,5.485055
Gm19710,0.18505749
Atp8b2,12.556327
Mir190b,0.0
Tpm3,33.483906
4933434E20Rik,36.5839
1700094D03Rik,2.9183881
Jtb,22.648273
Rps27,1.3471243
Rps27rt,0.0
Creb3l4,2.3885055
Slc39a1,7.226444
Crtc2,13.189661
Rab13,4.031033
Dennd4b,3.229884
Mir7012,0.016091954
Ints3,42.208054
Gatad2b,10.309208
Slc27a3,5.471265
S100a16,1.303448
Ilf2,167.46791
S100a1,0.45057476
Snapin,16.479311
Chtop,64.9276
S100a13,0.20000002
S100a14,0.0
Npr1,0.1183908
S100a5,0.0
S100a7a,0.0
S100a8,0.052873567
S100a2,0.0
S100a9,0.04712644
S100a6,0.37011495
S100a3,0.0
S100a4,0.026436782
Pglyrp4,0.004597701
9130204L05Rik,0.0
4930529C04Rik,0.010344828
Lor,0.024137931
Prr9,0.0
Pglyrp3,0.0
Lelp1,0.0
Sprr2a1+Sprr2a2,0.0
Sprr2a1+Sprr2a2.1,0.0
Sprr2h,0.0011494253
Sprr2f,0.0
Sprr2e,0.0011494253
Sprr2b,0.0
Sprr2d,0.0011494253
Sprr2g,0.0
Sprr3,0.0
Sprr2k,0.0
Sprr2i,0.0
Sprr1b,0.0
Sprr4,0.0
Sprr1a,0.0
Sprr2j-ps,0.0
Lce1b,0.0
Lce6a,0.0
Smcp,0.0
Ivl,0.032183908
Lce1a1,0.0
Lce1i,0.0
Lce1d,0.0
Lce1e,0.0
Lce1h,0.0
Lce1f,0.0
Lce1j,0.0011494253
Lce1a2,0.0
Lce1c,0.0
Lce1g,0.0
2310050C09Rik,0.022988506
Lce3a,0.0
Kprp,0.0068965517
Lce1l,0.0
Lce1k,0.0
Lce3c,0.0
Lce3b,0.0057471264
Crct1,0.01724138
Lce3e,0.0
Lce3d,0.0034482758
Lce3f,0.0
Lce1m,0.0
Gm4858,0.016091954
Crnn,0.0
Flg2,0.008045977
Tchh,0.064367816
Rptn,0.0011494253
Mir5124a,0.0
Tchhl1,0.0
S100a11,1.836777
S100a10,39.728725
Tdpoz1,0.0
Tdpoz2,0.0
Tdpoz4,0.0
Tdpoz3,0.0
Gm10697+Tdpoz5,0.0
Gm9125,0.0
Gm10697+Tdpoz5.1,0.0
Gm9125.1,0.0
Gm10696,0.0022988506
C2cd4d,0.03448276
Them4,10.474715
Them5,0.44022986
Riiad1,0.7068963
Mrpl9,38.57359
Rorc,0.06091954
Oaz3,0.5781608
Tdrkh,23.273573
Lingo4,0.031034483
Celf3,35.508053
Selenbp2,0.0057471264
BC021767,0.059770107
Pogz,23.963213
Psmb4,177.24365
Zfp687,29.59196
Rfx5,5.2425284
Selenbp1,0.5425288
Mir7013,0.082758576
Pi4kb,12.977018
Lysmd1,0.88850546
Scnm1,20.16092
Tmod4,0.2770115
Tnfaip8l2,0.10804598
Psmd4,106.73911
Vps72,50.110363
Mir8099-1,0.0
Mir8099-2,0.0
Pip5k1a,14.732187
Gabpb2,6.8183913
Prune,12.590811
Sema6c,7.32184
Gm128,0.052873563
Bnipl,0.055172414
Mllt11,91.50229
Cdc42se1,49.529873
Gm16740,0.23678166
Setdb1,33.792004
Anxa9,0.4689655
Cers2,48.8092
4930558C23Rik,0.0022988506
Arnt,17.157478
Ctsk,1.0528731
Gm4349,0.042528734
Hormad1,0.0011494253
Golph3l,22.590822
Ensa,56.91494
Mcl1,47.195427
Tars2,28.400002
Ecm1,1.441379
Mir7014,0.014942529
Mrps21,11.103452
BC028528,0.14482763
Aph1a,1.2448255
C920021L13Rik,0.34597698
Car14,7.1298847
Ciart,0.78620684
Prpf3,23.28852
Gm9054,0.21609198
Plekho1,10.700008
Vps45,15.739088
Sv2a,2.0103445
Mtmr11,2.542527
Otud7b,8.354027
Sf3b4,14.706904
Mir1946b,0.0
Bola1,9.295406
Hist2h2ac,0.6620688
Hist2h2aa1,0.0
Hist2h3c1,0.0
Hist2h3c1.1,0.0
Hist2h3b,0.052873544
Hist2h2be,3.0988503
Hist2h2ab,0.03333333
Hist2h2aa2,0.0
Hist2h2aa2.1,0.0
Hist2h4,0.12298849
Hist2h2aa1.1,0.0
Fcgr1,0.009195402
Hist2h3c2,0.0
Hist2h3c2.1,0.0
Hist2h2bb,0.4172415
BC107364,0.0068965517
Terc,0.05287356
Polr3gl,7.04138
Ankrd34a,0.2321839
Txnip,9.702296
Hfe2,0.9528735
Gm15441,0.117241375
Itga10,0.5770114
Pex11b,12.06322
Pias3,6.2241397
Lix1l,3.4172385
Rbm8a,47.04944
Nudt17,1.5298848
Polr3c,22.468975
Ankrd35,0.049425285
6330549D23Rik,4.8804603
4930442L01Rik,0.0
Cd160,0.124137945
Gja8,0.010344828
Gpr89,15.626443
Gja5,0.12183908
Acp6,4.3804603
Bcl9,21.260933
Olfr1402,0.0
Chd1l,6.189655
Prkab2,18.623
Mir7225,0.0
Gm5544,0.055172414
Adam30,0.037931032
Reg4,0.0011494253
Phgdh,7.419539
Zfp697,2.6620667
Hsd3b4,0.0
Hsd3b4.1,0.0
Hsd3b4.2,0.0
Gm10681,0.0
Gm10681.1,0.0
Hsd3b4.3,0.0
Hsd3b4.4,0.0011494253
Hsd3b5,0.004597701
Hsd3b3,0.06321839
Hsd3b6,0.2045977
Hsd3b2,0.0057471264
Hsd3b1,0.010344828
Hao2,0.0022988506
LOC102634753,0.0
Wars2,7.6091933
Mir6481,0.008045977
Gdap2,24.651726
Fam46c,1.0114942
4930406D18Rik,0.014942529
Vtcn1,0.0057471264
Cd101,0.049425285
Ttf2,10.22644
Cd2,0.5172413
Mab21l3,0.7252873
Slc22a15,2.95402
Nhlh2,198.58156
Vangl1,4.3482747
A230001M10Rik,0.0
Tspan2os,0.25057474
Tshb,0.15862069
Sike1,30.249435
Nr1h5,0.13563217
Nras,118.28507
Ampd1,0.03333333
Bcas2,49.97814
Syt6,0.3804598
Atg4a,1.9229853
Olfml3,8.597701
Hipk1,21.357487
Gm15471,0.088505745
Ptpn22,0.0068965517
Ap4b1,16.759768
Bcl2l15,0.120689645
Phtf1,17.550585
Phtf1os,0.38620695
Slc16a1,18.604599
Rhoc,4.13563
Mov10,1.0850573
Ppm1j,0.09195402
Fam19a3,0.0
St7l,19.57932
Wnt2b,0.4333333
Cttnbp2nl,34.04484
4930564D02Rik,0.0
Kcnd3os,0.0022988506
Fam212b,53.79422
Ddx20,27.080456
Gm5547,0.0
Atp5f1,110.321815
Pifo,0.010344828
Ovgp1,1.4195399
I830077J02Rik,0.051724136
Wdr77,59.80345
Chia1,0.0
Chil3,0.0
Chil4,0.0011494253
Chil6,0.0
Dennd2d,0.07931034
Cept1,19.318394
2010016I18Rik,0.004597701
Olfr266,0.0
Cd53,0.0068965517
Kcna3,0.30919543
AI504432,0.19655174
Kcna2,0.41149426
Kcna10,0.0022988506
Slc16a4,0.21954022
Lamtor5,15.844825
A630076J17Rik,0.0
Rbm15,7.1505804
Prok1,0.0034482758
Kcnc4,0.0011494253
Alx3,0.24022987
Ubl4b,0.0
Ahcyl1,36.822983
Strip1,67.00347
Eps8l3,0.0
Gstm3,0.0022988506
Gstm5,48.13449
Gstm6,5.2885065
Gstm2,2.144827
4933431E20Rik,6.3379407
Gstm7,18.813807
Ampd2,24.01839
Gstm1,6.6517224
Gstm4,5.4632173
Gnat2,0.15057471
Amigo1,33.31611
Cyb561d1,8.280465
Atxn7l2,16.656324
Sypl2,0.90689653
Gpr61,1.4287354
Psrc1,7.8045993
Mybphl,0.17011493
Sort1,32.334503
Gm12522,0.17701149
Sars,94.02411
Wdr47,25.7299
Scarna2,0.013793103
1700013F07Rik,0.04597701
Taf13,25.863207
Tmem167b,28.148289
Aknad1,0.087356314
Gpsm2,29.15747
Prpf38b,40.627583
Fndc7,0.009195402
Stxbp3a,4.113793
Henmt1,0.21379311
Fam102b,21.711496
Slc25a54,0.013793103
Slc25a24,21.111494
Prmt6,22.66552
Amy2b,0.0
Amy2a2+Amy2a3+Amy2a4+Amy2a5,0.0
Amy2a2+Amy2a3+Amy2a4+Amy2a5.1,0.0
Amy2a5,0.0
Amy2a2+Amy2a3+Amy2a4+Amy2a5.2,0.0
Amy1,0.088505745
Rnpc3,15.429886
S1pr1,0.2678161
A930005H10Rik,1.0908046
Dph5,11.103456
Extl2,14.010346
Vcam1,1.7091953
Gpr88,0.042528737
Rtca,48.00345
Lrrc39,0.91264325
Trmt13,4.0724106
Sass6,11.1931095
Slc35a3,3.9379284
Frrs1,3.5114923
Palmd,0.2862069
4930455H04Rik,0.0
1700061I17Rik,0.0
D3Bwg0562e,0.042528734
4833424O15Rik,0.027586207
Mir137,0.0011494253
Ptbp2,88.54133
Rwdd3,0.6678161
Alg14,8.763217
Cnn3,278.56573
F3,0.112643674
4930432M17Rik,0.0
A730020M07Rik,0.0011494253
Arhgap29,1.9747121
Dnttip2,38.3632
Gclm,9.03104
Mir760,0.004597701
Mir7657,0.0
4930447N08Rik,0.0
1810037I17Rik,7.7114983
Fabp2,0.0034482758
4933405D12Rik,0.028735632
Myoz2,0.07241379
Mettl14,15.842529
Snora24,0.0
Snhg8,8.373566
Tram1l1,24.73449
1700006A11Rik,0.0
1700003H04Rik,0.0
Ugt8a,0.7390805
Arsj,0.26551723
Ank2,49.47126
LOC100862268,0.3632184
Larp7,15.397701
Zgrf1,3.6655157
Mir302a,0.004597701
Mir302c,0.0068965517
Mir302b,0.004597701
Mir367,0.010344828
Mir302d,0.016091954
Neurog2,6.1655173
Alpk1,0.59195393
Ap1ar,16.958624
5730508B09Rik,0.67241365
Pitx2,0.4183908
Enpep,0.01954023
Gm5712,0.0
Egf,3.9436781
Rrh,0.08275862
Gar1,6.8770127
Cfi,0.13793103
Lrit3,0.0057471264
Casp6,17.02183
Ccdc109b,0.62183905
Etnppl,0.01724138
Ostc,73.45059
Rpl34-ps1,0.0
Rpl34,3.0379212
Cyp2u1,0.39999998
Hadh,30.679314
Gm5549,0.025287356
Aimp1,32.351723
LOC101243624,0.05287355
Ints12,15.335636
Ppa2,19.77012
Tet2,19.2161
Mir1895,0.0
Cxxc4,1.790804
4930539C22Rik,0.0034482758
Bdh2,0.45287356
Slc9b2,0.6091954
Cisd2,26.28275
4930539J05Rik,0.8597679
Ube2d3,76.56209
Slc39a8,0.6367816
4933401H06Rik,0.009195402
Gm4861,0.0
H2afz,9.740234
Dapp1,0.10344827
Lamtor3,10.268971
Mttp,2.008045
Gm5105,0.0011494253
0610031O16Rik,0.0
4930579F01Rik,0.0022988506
Adh7,0.0
Adh6a,0.0022988506
Adh6-ps1,0.0011494253
Metap1,28.716103
Adh5,115.54602
Mir1956,0.0068965517
Adh4,0.0
4930425O10Rik,0.0
Mirlet7j,0.0
Pdha2,0.0022988506
Gbp5,0.0
Gbp3,0.0022988506
Gbp7,0.12643678
Mir421,0.0
Gbp2,0.004597701
Mir6381,0.0
Gtf2b,32.540226
A830019L24Rik,0.037931036
Gm6260,0.0
Lmo4,7.905753
Clca2,0.0011494253
Clca1,0.03678161
Gm6289,0.0
AI747448,0.0
Clca3,0.0
Odf2l,7.243684
Znhit6,9.878167
Cyr61,2.003448
2410004B18Rik,12.441387
Bcl10,12.75977
Mcoln3,2.2034478
Wdr63,0.042528734
Mcoln2,0.01724138
Gm10636,0.0
Rpf1,27.390812
Gng5,9.53449
Spata1,0.45632184
Ctbs,1.5195402
Uox,0.0
Dnase2b,0.0
4930503B20Rik,0.008045977
Gm16325,0.0022988506
Gm1653,0.020689655
Ifi44,0.0
Ifi44l,0.008045977
Ptgfr,0.120689645
Gipc2,0.037931032
Nexn,0.13448277
Dnajb4,6.681612
Fubp1,161.29199
Usp33,46.32759
AI115009,0.0022988506
Pigk,18.120684
4930482G09Rik,0.0068965517
5730460C07Rik,0.0
Asb17os,0.0057471264
Asb17,0.0057471264
Rabggtb,40.9908
Snord45b,0.20574717
Snord45c,0.0
Acadm,12.806901
AI606473,0.10344827
Lhx8,0.040229887
Tyw3,4.8528748
Cryz,6.08736
Erich3,0.03908046
Fpgt,4.133333
9330178D15Rik,0.0034482758
4930570G19Rik,0.056321837
Mir186,0.018390805
Zranb2,42.149395
Ptger3,0.032183908
Cth,8.89885
Lrrc40,22.385061
Srsf11,130.85977
Ankrd13c,7.3988585
Rpe65,0.0011494253
Catsper4,0.0
Gm3893,0.0
Nrd1,60.40463
Rnf220,27.0977
Lrrc69,0.0057471264
Clvs1,35.178158
1110037F02Rik,44.396526
Bach2,44.17587
Lingo2,0.6724137
Orc3,36.30691
Gne,12.140231
E130309F12Rik,1.5367814
Vcp,74.85173
Tstd2,20.499987
Erp44,39.440216
Slc44a1,1.6908039
Palm2,0.47126436
Astn2,0.39540228
Tnc,1.1241376
Cdk5rap2,8.819543
Zdhhc21,11.389655
Ptprd,11.117245
Cntln,2.2770092
Slc24a2,11.463225
Cyp2j8,0.044827588
Inadl,0.7701149
Sgip1,6.148279
Slc1a7,0.018390805
Ssbp3,56.477043
C8a,0.020689655
Mast2,19.773567
Agbl4,0.3344828
Skint6,0.0011494253
Tie1,0.60114944
Inpp5b,13.487359
AA415398,0.61839074
Oprd1,0.05402299
Zmym4,19.12416
Wasf2,18.04943
Ubr4,65.305725
Clic4,57.2368
Hnrnpr,58.67933
Gm13178,0.0
Casz1,18.310345
Gm13088,0.0011494253
Spsb1,7.0080466
Nol9,19.118391
Ski,37.43102
Noc2l,20.38275
Plag1,1.2586205
Sdr16c6,0.0
4930423M02Rik,0.0011494253
Fam110b,5.8425303
Nsmaf,15.742537
Tox,1.149425
Chd7,155.41031
Asph,32.777035
1700123O12Rik,0.0
Dpy19l4,2.9172401
2610301B20Rik,10.696557
Cdh17,0.0
Tmem67,7.4954014
Triqk,2.4689646
Runx1t1,59.80924
Slc26a7,0.020689655
Gm11837,0.09885054
Necab1,0.0057471264
Otud6b,16.900015
Nbn,7.736786
A530072M11Rik,0.21839082
Mmp16,9.340232
Wwp1,8.750581
Cngb3,0.012643678
Cpne3,14.79885
Ggh,6.235631
Nkain3,20.07701
Ccnc,16.889658
Tstd3,7.3793144
Coq3,7.758625
Fbxl4,5.21954
Mms22l,8.881613
Klhl32,3.4229875
Ndufaf4,18.051731
Fut9,0.09885057
Manea,11.694262
Epha7,5.9643674
4930556G01Rik,0.10574711
Map3k7,18.40921
Casp8ap2,27.226437
Rngtt,22.493101
Ankrd6,3.7022977
Mdn1,24.719542
Gabrr1,0.0
4933421O10Rik,0.58850557
Cnr1,1.4172412
Zfp292,50.749443
Mob3b,2.3862064
4933428C19Rik,0.0
Ddx58,0.9689655
Kif24,3.0022976
Cntfr,28.203457
Fam219a,12.07702
Nfx1,43.640232
Ube2r2,39.71839
4933409K07Rik,0.0
Unc13b,17.650572
Rusc2,18.196552
Tpm2,6.236784
Reck,6.763224
Npr2,348.68405
Melk,11.568961
Zcchc7,12.462073
Pax5,0.0
1300002K09Rik,0.5988505
Shb,0.7333334
Tdrd7,1.9712636
Frmpd1,21.075872
Dcaf10,8.220695
Hemgn,0.2770115
Trim14,0.2908046
Anks6,1.7954016
Gabbr2,1.0252873
Tmeff1,56.72648
Invs,3.9103384
Grin3a,0.5045977
Aldob,0.10229885
C630028M04Rik,0.0
Abca1,2.3839083
4930552N02Rik,0.0034482758
Fktn,13.8183975
Zfp462,31.377028
Tmem245,8.256326
Ptpn3,0.6908046
Ikbkap,69.245964
Lpar1,1.8862069
Svep1,0.21034484
Musk,0.09885054
Ptgr1,4.787357
Ptbp3,27.408049
Susd1,0.18850574
E130308A19Rik,15.956328
AI314180,21.648289
Snx30,25.598867
Mup2,0.0
Mup2.1,0.0
Rgs3,16.91496
Slc31a1,33.449432
Whrn,1.0471263
Zfp618,15.777014
6330416G13Rik,1.5448273
Col27a1,0.67241365
Pappa,0.8609195
Brinp1,1.1057471
Megf9,15.804618
Frmd3,2.8885057
Gm11240,0.026436782
Gm428,0.0
Kdm4c,10.048284
Mpdz,18.326447
Nfib,22.334484
Frem1,0.5758621
Ccdc171,1.5379301
Ttc39b,1.245977
Bnc2,1.1114941
Sh3gl2,1.7045976
Acer2,1.3022984
Adamtsl1,0.7804598
Fam154a,0.0
Dennd4c,3.393101
Mllt3,19.990812
Focad,5.790808
Elavl2,58.19197
Ift74,16.211493
Caap1,6.0770144
Tek,0.14137931
Fggy,2.8275857
Cyp2j13,0.0
Cyp2j11,0.0
Gm12695,0.0034482758
Nfia,46.85286
Atg4c,5.549425
Dock7,42.545975
Ror1,7.5712676
Alg6,3.101148
Ube2u,0.12413792
Efcab7,4.112643
Cachd1,20.822992
Ak4,2.4620686
Dnajc6,8.443677
Jak1,21.325294
Pde4b,14.989654
B020004J07Rik,0.0
Mier1,10.179314
Insl5,0.044827588
Gm12718,0.0
4921539E11Rik,0.0022988506
Dab1,1.9827586
1700024P16Rik,0.004597701
Usp24,15.906906
Dhcr24,14.483916
Mroh7,0.06896552
Ldlrad1,0.0011494253
Glis1,0.1678161
Yipf1,20.913792
Lrp8,12.597703
Rab3b,5.314943
Zfyve9,0.81724125
Zcchc11,23.339087
Zyg11b,25.148285
Eps15,24.187365
Faf1,39.556343
Osbpl9,61.967815
Elavl4,367.42053
Spata6,8.714943
Skint8,0.0011494253
Skint10,0.0022988506
Skint11,0.0022988506
Skint5,0.008045977
Trabd2b,0.5321839
Mknk1,5.929886
Pik3r3,38.351723
Faah,0.102298856
Cyp4a32,0.0
Eif2b3,29.449442
Zswim5,11.42759
Ipp,4.7310348
Kif2c,13.47701
Tesk2,3.7793097
Ptprf,269.9793
St3gal3,5.6942525
Eri3,34.803455
Ccdc30,1.8080453
Wdr65,0.07126437
Hivep3,19.189653
Scmh1,14.374717
Smap2,9.60575
Kcnq4,0.5620689
Nt5c1a,0.0
Macf1,53.869
Bmp8a,0.011494253
Grik3,4.0655174
Epha10,0.7793103
Gnl2,45.87935
Ncdn,20.3
Ago3,5.408048
Csmd2,0.16321841
Phc2,82.78281
Tmem54,0.10689655
Zbtb8a,5.3356333
C77080,3.6413782
Txlna,67.37936
Pum1,70.40342
Sdc3,36.82297
Nkain1,21.029894
Epb4.1,261.50095
Mecr,9.222991
Gmeb1,21.070112
Ahdc1,10.265528
Fam76a,10.817242
Phactr4,22.182755
Eya3,21.691967
Rpa2,23.762066
Aim1l,0.1
Wdtc1,11.393114
Arid1a,79.50112
Man1c1,14.2367935
Rhd,0.2218391
Runx3,0.27241376
Slc30a2,0.0
Myom3,0.031034483
Ncmap,0.06551724
Stpg1,0.014942529
E2f2,2.9471254
Fuca1,25.002308
Rpl11,1.8080401
Ephb2,13.94483
Kdm1a,80.75057
Eif4g3,51.197697
Kif17,0.07471264
Ece1,18.87242
Alpl,1.3908045
Usp48,45.910316
Hspg2,7.7160974
Htr6,0.024137931
Capzb,138.3195
Pla2g5,0.004597701
Iffo2,21.005772
Igsf21,20.051733
Fbxo42,21.235632
Crocc,3.4885046
Arhgef10l,12.754032
Padi4,0.09770115
Ddi2,3.9160895
Kazn,5.7804594
Tmem51,0.13793103
Fhad1,1.155172
Cela2a,0.0
Prdm2,35.47128
Gm13212,0.048275862
Vps13d,9.906904
Tnfrsf1b,0.16551724
1700095A21Rik,0.0011494253
Gm13139,0.0
Gm13247,0.036781605
Gm13152,0.18275866
Ptchd2,6.1873565
Mtor,24.755178
Draxin,32.01035
Ctnnbip1,21.648281
Kif1b,121.38508
Pik3cd,12.0172415
Ube4b,64.42415
Pgd,48.929886
Pex14,13.004603
Rere,47.75286
Errfi1,12.842534
Camta1,27.297726
Kcnab2,2.659769
Icmt,17.909184
Gm833,0.024137931
Prdm16,1.3471261
Tnfrsf14,0.048275862
Megf6,22.811506
Nadk,52.217224
Prkcz,5.596553
Ssu72,50.57011
Vmn1r2,0.0
Vmn1r3,0.0
2210414B05Rik,0.0
Tgs1,27.77242
Tmem68,11.764373
Lyn,0.42528734
6330407A03Rik,0.0011494253
Mos,0.020689655
Rps20,65.462105
Chchd7,10.735629
Sdr16c5,0.0022988506
Penk,0.4287356
Gm11780,0.0022988506
Impad1,47.7
Ubxn2b,14.53793
Cyp7a1,0.0
Sdcbp,90.093056
8430436N08Rik,0.0
Car8,0.112643674
Rab2a,61.91493
4930412C18Rik,0.026436782
Gdf6,0.06666667
4930448K20Rik,0.014942529
Plekhf2,9.056326
Ndufaf6,9.052876
Mir684-2,0.0034482758
Ints8,26.068974
Trp53inp1,25.934494
Ccne2,2.47816
Esrp1,0.15402299
Fsbp,0.13793103
Rad54b,2.5275862
Gem,1.1229886
Pdp1,18.104595
1700123M08Rik,0.25632185
Fam92a,13.575865
Rbm12b1,1.7770107
Rbm12b2,5.482758
Tmem55a,37.119537
Tmem64,3.326436
Decr1,8.627589
Calb1,0.54367816
Mir6400,0.0
Osgin2,13.7114935
Ripk2,3.964366
Rmdn1,4.9758644
Atp6v0d2,0.0
Slc7a13,0.0022988506
4930480G23Rik,0.0
Ttpa,0.5988506
Prdm13,0.04942529
Usp45,4.327585
4930528A17Rik,0.24137929
Pnisr,47.52529
Faxc,30.098858
Pou3f2,0.5954022
Gpr63,0.43793106
Fhl5,0.0
Ufl1,10.195404
4930548K13Rik,0.0
Gja10,0.05862069
Bach2os,0.6494251
Lyrm2,17.881609
Rragd,18.0
Ube2j1,22.272406
Gabrr2,0.1908046
Pnrc1,35.94941
Pm20d2,0.14942528
Srsf12,0.95862067
Mir8118,0.010344828
Spaca1,0.067816086
Akirin2,22.986206
Slc35a1,20.568977
Rars2,18.780464
1700003M02Rik,0.07356322
Gm136,0.0
Smim8,6.247131
2410114N07Rik,0.011494253
Cga,0.0011494253
3110043O21Rik,24.508057
Ifnk,0.011494253
Mir873a+Mir873b,0.0
Mir876,0.0
1700009N14Rik,0.0
Aco1,36.698837
Topors,36.697678
4930509K18Rik,0.009195402
Ndufb6,44.160934
Toporsos,1.0505733
Tmem215,0.0011494253
Mir207,0.0022988506
Dnaja1,47.40003
Aptx,26.152876
Smu1,89.234505
Gm6297,0.44252875
Mir5123,0.004597701
B4galt1,13.280464
Chmp5,68.479324
Mir3094,0.11379301
Spink4,0.0057471264
Bag1,45.51034
Aqp7,0.008045977
Nol6,18.88506
Aqp3,0.048275866
Ubap2,63.37472
Ubap1,36.679302
Dcaf12,45.771267
1110017D15Rik,0.43908048
Fam219aos,0.13218391
AI464131,6.9195433
Nudt2,8.285059
Enho,6.5689707
Dnaic1,1.0310344
Dctn3,61.720707
Ccl27a,2.47241
Sigmar1,21.727589
Arid3c,0.014942529
Il11ra1,3.786204
Rpp25l,14.789655
Galt,2.5425262
Ccl21b+Ccl21c+Gm10591+Gm13304+Gm21541,0.0
Gm21586,0.0
Gm20878,0.0
Gm13308,0.0
Gm13298,0.0
4933409K07Rik.1,0.0
Gm13306,0.0
Ccl27b,0.0
Ccl21b+Ccl21c+Gm10591+Gm13304+Gm21541.1,0.0
LOC100861978,0.0
LOC100861978.1,0.0
LOC100861978.2,0.0
Il11ra2,0.0
Gm13306.1,0.0
Gm13305,0.0
Ccl27b.1,0.0
Ccl27b.2,0.0
Gm2002,0.0
Gm13306.2,0.0
Gm2506,0.0
Gm2506.1,0.0
Ccl21b+Ccl21c+Gm10591+Gm13304+Gm21541.2,0.0
Gm21586.1,0.0
Gm13308.1,0.0
Gm20878.1,0.0
Gm13298.1,0.0
Gm21586.2,0.0
Gm13308.2,0.0
Gm20878.2,0.0
Gm13298.2,0.0
Ccl27b+Gm13305+Gm13306+Gm2002+Gm2506+Il11ra2+LOC100861978,0.0
Ccl21b+Ccl21c+Gm10591+Gm13304+Gm21541.3,0.0
Ccl19,0.02183908
Gm1987,0.0
Ccl21a,0.0
Gm12429,0.028735632
Dnajb5,4.8965535
BC049635,0.3103449
1700022I11Rik,0.13908045
N28178,1.1034482
Fancg,6.4034524
Fam214b,5.6206913
Stoml2,46.02759
Pigo,9.891953
Atp8b5,0.09195401
Tesk1,5.129886
Sit1,0.0011494253
Ccdc107,5.6678185
Fam166b,0.031034483
Rmrp,0.05287356
Cd72,0.022988506
Car9,0.15287353
Arhgef39,2.6459758
Creb3,34.881622
Rgp1,16.437937
Msmp,0.0
Tln1,20.845978
Gba2,33.17704
Hint2,5.06092
Tmem8b,6.1000023
Olfr71,0.0068965517
Hrct1,0.020689655
Olfr70,0.04137931
Olfr159,0.0
Fam221b,0.82298845
Spag8,1.9206856
5430416O09Rik,0.0
A630077J23Rik,0.0
Olfr157,0.0
Olfr155,0.0068965517
Olfr156,0.0
Olfr29-ps1,0.0
Clta,132.739
Glipr2,55.122963
Ccin,0.14482757
Gm12504,0.7804592
Rnf38,41.124153
Mir5106,0.0022988506
5730488B01Rik,0.012643678
Grhpr,8.358625
Zbtb5,16.408052
Fbxo10,10.85977
Polr1e,16.028736
Tomm5,11.34368
Trmt10b,8.965516
Exosc3,15.043677
Frmpd1os,0.5114942
Slc25a51,34.836773
Gm829,0.0
Aldh1b1,14.406909
Igfbpl1,21.143684
Gm12409,0.0034482758
E230008N13Rik,0.01724138
Tmod1,0.51034486
Ncbp1,81.48619
Xpa,11.655174
5830415F09Rik,3.981609
Foxe1,0.0
Anp32b,76.478165
Nans,19.36898
Coro2a,44.895397
Tbc1d2,3.3862057
Galnt12,0.04367816
Col15a1,0.032183908
Tgfbr1,32.626457
Alg2,85.02642
Sec61b,22.342546
Nr4a3,0.0
Stx17,5.8494244
Tex10,35.877018
Msantd3,15.162065
Murc,1.8241374
Acnat2,0.0022988506
Mrpl50,36.4138
Baat,0.21839081
Acnat1,0.027586207
Zfp189,7.458622
Rnf20,49.77587
Tmem246,7.6149426
Ppp3r2,0.032183908
Cylc2,0.0
Smc2,31.35404
Smc2os,0.11494253
Toporsl,0.011494253
Olfr272,0.0
Olfr275,0.0
Olfr273,0.0
Nipsnap3b,33.789635
Nipsnap3a,0.0
Olfr270,0.0
AI427809,0.22758621
4930522O17Rik,0.0
Fsd1l,14.6092
Tal2,0.06551724
Tmem38b,2.235631
Rad23b,27.988522
Gm12505,0.0
Klf4,0.1954023
Actl7a,0.027586207
Actl7b,0.07586207
Ctnnal1,10.100005
Fam206a,18.004606
Mir32,0.0034482758
Frrs1l,8.055173
Epb4.1l4b,5.151725
Gm12530,0.018390805
1700042G15Rik,0.0011494253
Akap2,45.40346
D630039A03Rik,0.013793103
Txndc8,0.016091954
Txn1,54.27241
Mir3095,0.0
Olfr267,0.07931034
Zkscan16,0.2505747
Dnajc25,2.0724123
Gng10,19.596558
Ugcg,11.460925
LOC101055769,0.0022988506
Hsdl2,13.296556
Inip,25.4161
Mup4,0.0
Mup6,0.0
Slc46a2,0.055172414
Mup2.2,0.0
Mup7,0.0
Mup15,0.0
Mup8,0.0
Mup9,0.0
Mup1,0.0
Mup2.3,0.0
Mup11,0.0
Gm2083,0.0
Mup2.4,0.0
Mup10,0.0
Mup12,0.0
Gm2083.1,0.0
Mup13,0.0
Mup14,0.0
Mup15.1,0.0
Mup16,0.0
Mup17,0.0
Gm2083.2,0.0
Gm2083.3,0.0
LOC100048884,0.0
Gm2083.4,0.0
Mup5,0.0034482758
Gm2083.5,0.0
Mup19,0.0
Mup3,0.0011494253
Mup20,0.0
Zfp37,10.702299
Mup21,0.0
Fkbp15,10.341381
Slc31a2,5.164368
Cdc26,11.80345
Prpf4,25.047127
Alad,11.939082
Bspry,0.037931032
Wdr31,1.8425283
Hdhd3,3.026436
Rnf183,0.025287356
4933430I17Rik,0.50344825
Pole3,11.929893
Kif12,0.0
Ambp,0.51724136
Mir455,0.0
Orm1,0.0
Orm3,0.008045977
Orm2,0.011494253
Akna,10.087362
Atp6v1g1,28.20802
Gm11213,0.0022988506
1700018C11Rik,0.004597701
Tnfsf15,0.0
Tnfsf8,0.008045977
Trim32,25.082766
Tlr4,0.0011494253
Tle1,12.668971
C630043F03Rik,1.8229883
Aldoart1,0.9620676
Gm11487,0.0
Gm11236+Gm11237+LOC100862015+LOC101055863,0.0
Gm11236+Gm11237+LOC100862015+LOC101055863.1,0.0
Gm11236+Gm11237+LOC100862015,0.0
LOC100502896,0.0
Gm428.1,0.0
Gm11237,0.0
Rasef,0.077011496
LOC101055863,0.0
Gm11236,0.0
LOC101055863.1,0.0
Gm13871,0.0
Gm11757,0.0
Gm11757.1,0.0
Gm11757.2,0.0
Gm13871.1,0.0
Gm13871.2,0.0
Gm11758,0.0
Gm11758.1,0.0
Gm11758.2,0.0
2310002L09Rik,0.09885057
Tmem261,19.37931
Tyrp1,0.0
Lurap1l,6.3241386
Mir466h,0.0
Gm5860,0.0
Cer1,0.56321836
Gm11413,0.03908046
Psip1,49.04254
Snapc3,31.540228
Haus6,10.803452
Scarna8,0.020689655
Rraga,21.286226
Plin2,27.459757
Rps6,8.812656
Mir491,0.0034482758
Ptplad2,0.29655173
Ifna9,0.0
Ifna14,0.0
Ifna12,0.0
Ifnb1,0.028735632
Ifna15,0.0
C87499,0.0
Klhl9,62.00001
Ifna16,0.0
Ifna13,0.0011494253
Ifnab,0.0
Ifna2,0.0
Ifna7,0.0
Gm13286,0.004597701
Gm13271,0.008045977
Ifna4,0.0
Gm13277,0.0
Gm13288,0.0
Ifna1,0.0
Gm13283,0.0057471264
Gm13285,0.0
Gm13285.1,0.0
Ifna5,0.0
Ifnz,0.0011494253
Gm13275,0.0
Gm13285.2,0.0
Gm13272,0.0011494253
Ifna11,0.0011494253
Gm13287,0.0
Gm13285+Gm13287,0.0
Gm13285+Gm13289+Gm13290,0.0
Gm13285+Gm13289+Gm13290.1,0.0
Gm13275.1,0.0
Gm13285.3,0.0
Gm13285.4,0.0
Gm13285.5,0.0
Gm13278,0.0
Gm13278.1,0.0
Ifna6,0.0
Gm13285.6,0.0
Gm13290,0.0
Gm13289,0.0
Gm13279,0.0
Gm13279.1,0.0
Gm13276,0.0
Ifne,0.0
Mir31,0.0
Gm12603,0.0
Mtap,20.113802
Cdkn2a,0.0
Cdkn2b,0.032183908
Dmrta1,0.08045977
Zfp352,0.016091954
Gm12633,0.0
Mir6402,0.16666667
Izumo3,0.0
Tusc1,0.64942497
Gm12657,0.04712642
Plaa,61.11953
Lrrc19,0.33103448
Mir872,0.0057471264
Eqtn,0.05287356
Mysm1,12.106911
Jun,36.754036
9530080O11Rik,0.05747126
Hook1,3.643676
Cyp2j12,0.0
Cyp2j6,5.422988
Cyp2j9,0.4045977
Cyp2j5,0.035632186
E130114P18Rik,11.62989
Tm2d1,7.0390835
L1td1,0.011494253
Kank4,0.32528734
Kank4os,0.4287356
Usp1,14.955187
Angptl3,0.19195408
Foxd3,1.2862061
Itgb3bp,5.279313
Pgm2,7.3770146
Raver2,27.265524
0610043K17Rik,0.04022988
Mir101a,0.0
E130102H24Rik,0.91264343
Leprot,14.887364
Lepr,0.06666667
Gm12794,0.0
Gm12789,0.0034482758
BB031773,0.0
Tctex1d1,0.0068965517
Gm12709,0.09999999
Wdr78,2.0505738
Slc35d1,6.3241405
4930456L15Rik,0.008045977
Oma1,3.8678157
C8b,0.0034482758
Prkaa2,4.2080464
Ppap2b,20.044838
Bsnd,0.008045977
Pcsk9,2.1011493
Pars2,3.9873562
BC055111,0.10114942
Ttc4,42.43217
Ttc22,0.01954023
Fam151a,0.0
Acot11,1.3747125
Cyb5rl,3.1241367
Mrpl37,54.84369
Tceanc2,16.772432
Cdcp2,0.99080455
Tmem59,142.17824
Hspb11,3.5321784
Dio1,0.0
Lrrc42,24.131023
Ndc1,9.345982
Dmrtb1,0.09195402
0610037L13Rik,17.321838
Magoh,40.143684
Cpt2,20.26782
Podn,0.0068965517
Scp2,12.252882
Mir6397,0.0022988506
Echdc2,2.7356317
Zyg11a,0.0
Coa7,15.718382
Fam159a,0.49425295
Gpx7,9.548281
Orc1,3.889653
Prpf38a,31.631042
Cc2d1b,12.24713
3110021N24Rik,0.9114937
Txndc12,23.016088
Kti12,22.322977
Btf3l4,7.341386
Mir761,0.027586207
8030443G20Rik,0.0
Calr4,0.4482759
Ttc39a,1.3356321
4930522H14Rik,0.0
Rnf11,11.589657
Cdkn2c,0.37126434
Dmrta2,0.15632184
Bend5,12.754024
Slc5a9,0.0068965517
Skint7,0.010344828
Skint1,0.0
Skint4,0.0034482758
Skint3,0.004597701
Skint9,0.0
Skint2,0.0
Gm12830,0.012643678
Foxe3,0.0
Foxd2,0.61494255
Foxd2os,1.7241377
Tal1,0.15517241
Stil,5.3459773
Cmpk1,41.22988
Pdzk1ip1,0.06896552
Cyp4x1,0.03678161
Cyp4a29,0.01954023
Cyp4a12a,0.0068965517
Cyp4a30b,0.0
Cyp4a12b,0.0
Cyp4a10,0.0
Cyp4a31,0.0
Cyp4a14,0.026436782
Cyp4b1-ps2,0.0
Cyp4b1,0.0
Mob3c,2.2080455
Tex38,0.07356322
Atpaf1,0.9850564
Efcab14,15.4115
Kncn,0.0011494253
Dmbx1,0.09425287
Nsun4,12.889661
Lrrc41,53.877014
Uqcrh,89.865585
Rad54l,9.922992
1700042G07Rik,0.0
Pomgnt1,15.770117
Lurap1,0.24827588
Tspan1,0.0068965517
C530005A16Rik,0.61149424
Nasp,144.97241
Ccdc17,0.90344816
Akr1a1,369.82843
Gpbp1l1,5.2643666
Tmem69,5.832188
Prdx1,92.79541
Ccdc163,3.8333325
Mmachc,17.820686
AV051173,0.14252874
Hpdl,2.3505738
Toe1,12.557467
Mutyh,4.9942517
Hectd3,29.078157
Urod,39.660934
Rps8,7.3643684
Btbd19,2.6034474
Snord55,0.632183
Tctex1d4,0.04597701
Plk3,16.080465
Snord38a,0.071264334
Ptch2,0.62873566
Tmem53,2.21839
Gm1661,0.081609204
Dmap1,22.013784
Klf17,0.072413795
Artn,1.8701149
Dph2,16.255169
B4galt2,6.721841
Ccdc24,1.2816087
Slc6a9,1.7229884
Atp6v0b,56.56323
Ipo13,42.978146
Kdm4a,51.948284
Mir7226,0.12413789
Hyi,1.4793093
Elovl1,17.399992
Szt2,16.160921
Mpl,0.011494253
Cdc20,39.575874
Med8,41.493137
Tmem125,0.0
2610528J11Rik,0.031034483
Olfr1340,0.0
D4Ertd617e,0.10229883
Olfr1341,0.0
Olfr1342,0.0011494253
Olfr62,0.0
Olfr1339,0.0
Ebna1bp2,40.94253
Olfr1333,0.0
Olfr1338,0.0
Olfr1335,0.0
Olfr1331,0.0
Olfr1337,0.0
Olfr1328,0.0
Olfr1330,0.0
Olfr1329,0.0
Lao1,0.0034482758
Slc2a1,35.702305
4930538K18Rik,0.09885058
Ccdc23,23.06552
Zfp691,4.371257
Cldn19,0.026436782
Lepre1,6.4103513
Ermap,0.34022987
AU022252,7.9885054
Ppih,4.2471185
Ybx1,144.38737
Rimkla,26.229889
Ppcs,1.9758617
Zmynd12,0.02183908
Foxj3,11.548281
Guca2a,0.020689655
Guca2b,0.010344828
Edn2,0.22068965
Foxo6,5.371265
Ctps,58.645977
Slfnl1,0.050574712
Gm8439,0.0
Cited4,0.13678159
Nfyc,10.628739
Mir30c-1,0.0022988506
Mir30e+Mir30f,0.0034482758
Exo5,23.52184
Zfp69,1.9252869
Rims3,0.9321837
Mir7015,0.014942529
Col9a2,4.6977024
Tmco2,0.0
Zmpste24,15.767814
Rlf,32.38506
Gm12888,0.0
Gm12886,0.0
Gm12887,0.0
9530002B09Rik,0.004597701
Cap1,20.545988
Ppt1,20.039106
Mycl,89.72066
Mfsd2a,5.1804614
Trit1,10.962074
Oxct2b,0.0034482758
Bmp8b,0.0
Ppie,20.439074
Hpcal4,0.109195404
Pabpc4,2.3034427
Oxct2a,0.0057471264
Heyl,30.619545
D830031N03Rik,4.745975
Ndufs5,0.014942529
BC002163,0.0
Mir6398,0.020689655
Rhbdl2,0.02183908
Akirin1,21.295412
Rragc,17.273575
Mycbp,8.547131
1700057H15Rik,0.0034482758
4933407E24Rik,0.0
Utp11l,16.949423
Sf3a3,71.27931
Pou3f1,0.19885057
Mir698,0.014942529
Mir697,0.12528735
Fhl3,0.14137931
Yrdc,25.26897
1110065P20Rik,1.7172383
1700125G02Rik,0.016091954
Mtf1,6.405749
Maneal,9.267818
Cdca8,28.527592
Rspo1,0.22988506
9930104L06Rik,6.6068993
Snip1,21.540234
Dnali1,0.035632186
Meaf6,15.501153
Zc3h12a,0.14942527
Mir692-2b+Mir692-3,0.0011494253
2610028E06Rik,6.313794
Csf3r,0.0011494253
Oscp1,6.324139
Mrps15,23.466677
Lsm10,8.775866
Sh3d21,0.4850574
Stk40,12.67931
Eva1b,0.97356296
Thrap3,24.741388
Tekt2,0.4034483
Trappc3,25.256311
Adprhl2,17.01954
Map7d1,75.15059
Col8a2,0.1689655
Ago1,58.50003
Ago4,4.4505734
5730409E04Rik,1.5137929
Clspn,7.3793116
Mir7119,0.056321815
Tfap2e,0.027586207
Psmb2,127.10924
AU040320,17.634487
Zmym1,10.6988535
Zmym6,10.035639
Sfpq,116.522896
Gm12942,1.3160918
Smim12,9.8310375
Dlgap3,0.42528743
Gja4,0.27011496
Gjb3,1.0586207
Gjb4,0.012643678
Gjb5,0.27701148
CK137956,0.05632184
Csmd2os,0.0034482758
Hmgb4,0.0
Tlr12,0.039080463
Zscan20,2.8735626
A3galt2,2.2390797
Zfp362,17.885073
Trim62,87.46204
Azin2,1.29885
Ak2,38.23908
Rnf19b,6.013794
Hpca,14.271267
Fndc5,0.7540228
S100pbp,1.6827568
Yars,76.269
Rbbp4,156.91612
Zbtb8os,3.8884962
Sync,0.38850576
Bsdc1,15.05748
Tssk3,0.011494253
Fam229a,0.020689655
Zbtb8b,0.28965515
Ccdc28b,14.998862
Fam167b,0.07471264
Lck,2.750574
Iqcc,10.987367
Eif3i,129.01035
Marcksl1,251.66093
Dcdc2b,0.44712627
Hdac1,15.237933
Tmem234,31.802309
Mir8119,0.0
Kpna6,14.189661
Tmem39b,13.13448
Khdrbs1,146.59778
Mir7016,0.0057471264
Ptp4a2,43.96321
Bai2,0.81149423
1700003M07Rik,0.19540231
E330017L17Rik,0.0022988506
Hcrtr1,0.083908044
Pef1,31.998854
Col16a1,1.8689653
Gm853,0.0
Tinagl1,0.37241372
Serinc2,14.717248
Fabp3,0.2655173
Zcchc17,25.208048
Snrnp40,67.7724
Snord85,0.025287356
Laptm5,2.124138
Matn1,0.11149426
Ptpru,1.781609
Srsf4,14.228744
Tmem200b,0.04597701
Gm12992,2.0275846
Rps15a-ps4,3.1781483
Ythdf2,86.36435
Snora16a,0.024137931
Snhg12,3.8252823
Snhg3,8.560921
Rcc1,32.501163
Trnau1ap,19.836773
Taf12,14.618394
Snora44,0.08045975
Snora61,0.0781609
Rab42,0.075862065
Snord99,0.112643644
Rnu11,0.020689655
Med18,6.1321874
Sesn2,8.567815
Dnajc8,46.2322
Atpif1,149.70694
Ptafr,0.0
Smpdl3b,0.41954026
Xkr8,2.457471
Stx12,57.426414
Themis2,0.0
Ppp1r8,39.702282
Fgr,0.13218391
Tmem222,33.665527
Gpr3,0.14942527
Map3k6,1.0229884
Cd164l2,0.19425286
Sytl1,0.36321843
Mir7017,0.012643678
Slc9a1,8.234486
Mir5122,0.0
Trnp1,0.6425287
Kdf1,0.0068965517
Nudc,45.329914
Fam46b,0.06091954
Nr0b2,0.0022988506
Sfn,0.14597699
Pigv,5.0517235
Gpatch3,5.6517267
Zdhhc18,2.7609181
Gpn2,12.270119
Mir7227,0.029885057
Rps6ka1,3.889654
Dhdds,21.62072
Lin28a,3.225286
Hmgn2,8.318404
Cd52,0.014942529
Cep85,11.752874
Gm7534,0.0057471264
Ubxn11,1.1356319
Sh3bgrl3,64.01266
Zfp593,7.6540265
Pdik1l,9.848275
Trim63,0.026436782
Grrp1,1.5333333
Cnksr1,0.08620689
E130218I03Rik,0.1816093
Pafah2,23.160927
Stmn1,74.89534
1700021N21Rik,0.15057471
Extl1,0.21264368
Clhc1,1.8517239
Mtfr1l,45.189667
Paqr7,1.1643677
Sepn1,34.67244
Mir6403,0.0068965517
Ldlrap1,0.8091952
Tmem57,24.187357
Syf2,25.240221
Rsrp1,98.42419
Tmem50a,48.552856
Srrm1,52.480408
Rcan3,6.5678186
Nipal3,3.867814
Mir700,0.0011494253
1700029M20Rik,0.0
Grhl3,0.4632184
Ifnlr1,0.16551724
Il22ra1,0.004597701
Srsf10,33.943695
Pnrc2,44.686207
Cnr2,0.10229885
Hmgcl,11.88391
Lypla2,43.26894
Gale,13.004601
Pithd1,23.331049
Tceb3,26.645966
Id3,8.854021
Tcea3,0.074712634
Zfp46,25.933344
Asap3,3.8747106
Htr1d,0.78160924
Luzp1,31.303461
Lactbl1,0.0
4930549C01Rik,0.0
C1qa,0.06896552
C1qc,0.13563217
Epha8,4.939081
C1qb,0.20000002
Zbtb40,7.8149476
Gm13003,0.0
Wnt4,0.1804598
Cdc42,210.21489
Cela3b,0.0
1700013G24Rik,0.0
Gm13011,0.0022988506
Ldlrad2,0.0011494253
Mir7018,0.0
Rap1gap,0.7471262
Hp1bp3,61.337887
Sh2d5,0.53793097
Mir6399,0.035632186
Pink1,26.803461
Ddost,113.825264
Cda,0.3
Fam43b,0.004597701
Mir7019,0.014942529
Mul1,12.575868
Camk2n1,1.6816087
Vwa5b1,0.031034483
Pla2g2d,0.17356323
Ubxn10,0.53103447
Pla2g2f,0.0011494253
Pla2g2c,0.0954023
Otud3,2.712642
Pla2g2e,0.016091954
Pla2g2a,0.0
Tmco4,0.50114936
Rnf186,0.0011494253
Minos1,55.787346
Nbl1,1.6770111
Gm16287,0.014942529
Akr7a5,13.358622
Pqlc2,4.4781613
Emc1,27.810354
Mrto4,23.460922
Aldh4a1,18.91839
Tas1r2,0.0057471264
Mir7020,0.12758614
Pax7,0.085057475
Klhdc7a,0.029885057
4933427I22Rik,0.031034483
Mir2139,0.0
Padi6,0.208046
Rcc2,69.3827
Padi1,0.49655172
Padi3,0.01724138
4930515B02Rik,0.0
Gm13032,0.031034483
Sdhb,121.000046
Gm13031,0.09310343
Mfap2,99.50919
Padi2,45.041397
Atp13a2,43.886242
Spata21,0.0816092
Szrd1,13.963227
Necap2,7.2091985
Rsg1,0.70114946
Arhgef19,0.3689655
Clcnka,0.0068965517
Fam131c,0.051724136
Clcnkb,0.0011494253
Epha2,0.21609195
Hspb7,0.32298848
B330016D10Rik,0.46206903
Zbtb17,26.566662
Gm694,0.004597701
Spen,27.882761
Tmem82,0.15172412
Rsc1a1,0.0068965517
Fblim1,3.8264368
Plekhm2,6.360924
Slc25a34,0.33793104
AI507597,0.01954023
Dnajc16,5.287358
Agmat,0.0068965517
Casp9,14.610348
Ctrcos,0.0
Ctrc,0.0
Efhd2,11.116091
Fhad1os1,0.02183908
Tmem51os1,0.0034482758
Mir7021,0.004597701
Pdpn,4.6287365
Lrrc38,0.093103446
Gm13040,0.0
Gm13057,0.0
Pramef8,13.565516
Oog4,0.0
Pramel1,0.0
Gm13043,0.0
BC080695,0.0
Gm13083,0.0
Gm13040+Gm13057,0.0
Gm13040+Gm13057.1,0.0
Gm13078,0.0
Pramef6,0.0
Gm13103,0.0
Gm13023,0.0
Gm13084,0.0
Pramef17,0.0
Pramef25,0.0
Pramel4,0.0011494253
Gm13102,0.0
Oog3,0.0
C87977,0.0068965517
Oog2,0.0
Pramel5,0.0
1700012P22Rik,0.0
Gm13119,0.0
Gm13128,0.0
Gm13125,0.012643678
Pramef12,0.0034482758
Aadacl3,0.0
Gm13124,0.0
9430007A20Rik,0.0
Gm436,0.0057471264
Gm13177,0.0
Gm438,0.0
Dhrs3,3.191954
Tnfrsf8,0.0022988506
Smarca5-ps,1.0229859
Gm13242,0.0
Znf41-ps,0.11379308
Gm13139.1,0.0
Gm13238,0.0068965517
Gm13034,0.057471246
Gm13051,0.0
Zfp600,0.004597701
Gm13251,0.06666665
Rex2,0.0
4933438K21Rik,0.0022988506
Gm13154,0.12758619
Zfp534,0.0034482758
2610305D13Rik,0.49999997
Gm13157,1.334482
Zfp933,3.917241
Rps19-ps3,0.17011496
Miip,12.225289
Mfn2,24.798857
Plod1,10.211498
2510039O18Rik,10.547131
Fv1,4.0379305
Nppa,1.9632182
Agtrap,1.8712641
Clcn6,13.743684
Mthfr,24.435638
Nppb,0.080459766
Fbxo44,25.727587
Mad2l2,27.19196
Fbxo6,4.2896543
Fbxo2,0.6080458
Mir7022,0.025287356
Angptl7,0.1551724
Ubiad1,10.611492
Exosc10,36.23565
Tardbp,77.18963
Masp2,0.12528735
Srm,71.155205
Gm572,0.0
Dffa,16.171268
Cort,0.043678164
Apitd1,3.97471
Lzic,20.890812
Nmnat1,3.039079
Rbp7,0.0022988506
Mir5616,0.0034482758
Clstn1,27.210348
Mir7023,0.0
Slc25a33,17.127577
Tmem201,20.27012
H6pd,1.9114943
Mir34a,0.0011494253
Gpr157,0.09425287
Car6,0.013793103
Slc2a7,0.012643678
Slc2a5,5.2563243
Eno1,0.7333323
Eno1b,0.0
Slc45a1,1.5425286
1700045H11Rik,0.0
Tnfrsf9,0.07241379
Park7,85.49764
Per3,0.9827584
Vamp3,21.224146
Uts2,0.0
Dnajc11,71.66094
Tas1r1,0.31264368
Klhl21,7.067816
Zbtb48,5.879314
Phf13,13.277009
Thap3,4.166666
Hes2,0.0011494253
Espn,0.06666666
Tnfrsf25,0.09655172
Plekhg5,2.4390805
Acot7,106.86777
Hes3,0.056321837
Gpr153,7.2793145
Rpl22,76.01608
Chd5,0.09885057
Rnf207,0.2
Nphp4,11.217242
Ajap1,1.2011491
A430005L14Rik,10.154026
Cep104,18.86781
Dffb,5.8804584
BC039966,0.0
Trp73,0.08620689
Lrrc47,10.032187
Ccdc27,0.048275862
Smim1,0.33218387
Wdr8,20.881607
Tprgl,33.343674
Arhgef16,0.3712644
5930403L14Rik,0.6574711
Actrt2,0.0
Fam213b,15.067818
Ttc34,0.112643674
Mmel1,2.7632177
Plch2,0.14367817
Hes5,8.603451
Pank4,16.008045
Pex10,5.3103485
Morn1,1.4666661
Rer1,51.454056
2610002J02Rik,22.675865
2010015L04Rik,2.274712
Gabrd,0.0
5830444B04Rik,0.080459766
Tmem52,0.0
Gnb1,252.99078
Mib2,8.496555
B930041F14Rik,0.8344826
Cdk11b,36.332188
Mmp23,0.9310343
Gm16023,1.4229877
Slc35e2,14.449433
Atad3a,27.255167
Mxra8,6.0103455
Tmem240,0.10229883
Ccnl2,85.718475
Aurkaip1,33.634495
Atad3aos,0.5344828
Vwa1,14.599998
Mrpl20,45.350567
Tmem88b,1.1160917
Acap3,40.986214
Ube2j2,4.144814
Gm5801,0.0
Cpsf3l,41.136787
Dvl1,13.5505705
Tas1r3,0.34137934
Fam132a,6.3425274
Gltpd1,15.311495
Pusl1,8.329887
Mir429,0.0
B3galt6,10.622995
Tnfrsf18,0.34022993
Tnfrsf4,0.28160918
Ttll10,0.0
Mir200b,0.0
Mir200a,0.0
Sdf4,69.041374
Gm10560,0.2988506
Rnf223,0.6034482
9430015G10Rik,17.94253
Agrn,107.77816
Isg15,0.064367816
AW011738,0.19999999
Plekhn1,1.1505749
Klhl17,9.814943
Perm1,0.68620676
Mir7658,0.0
Vmn2r-ps159,0.0
Vmn2r123,0.0
Samd11,1.0091946
Gtf2ird2,6.766667
Ksr2,0.33678162
Vmn2r11,0.0
Naaa,2.996551
Coq2,17.190802
Mmd2,25.796558
Zfp804b,0.0011494253
Mterf1b,0.275862
Cdk14,41.401165
Pclo,25.36207
9330182L06Rik,9.887358
Sema3d,0.34942523
Klhl7,55.06322
Cd36,0.3333333
Mir3471-1,0.012643678
Magi2,0.7678161
Lhfpl3,0.17701153
Reln,2.7666655
Zfp512,39.634483
Otof,0.13333334
Dpp6,2.603448
Lmbr1,5.9517264
Add1,85.621895
Clnk,0.124137916
Prom1,41.58393
Slit2,7.8321877
Kcnip4,0.4574712
Ccdc149,0.61954015
4932441J04Rik,0.0068965517
Rbm47,0.10114942
Fam114a1,0.7011494
Rell1,6.7023053
Scfd2,7.148278
Grxcr1,0.18045977
Corin,0.1770115
Kctd8,0.44827583
Lphn3,2.7919528
Exoc1,25.82757
Slc4a4,1.3287354
A930011G23Rik,0.06551724
1700007G11Rik,0.029885057
4930467D21Rik,0.0954023
Fras1,1.3218387
Arhgap24,3.405745
Aff1,2.210344
Zfp326,21.362055
Zfp951,1.3977007
Ttc28,12.886209
Plcxd1,1.002297
Triap1,20.01724
Sgsm1,7.4229875
Dnah10,0.23448277
P2rx7,0.10229884
Tpcn1,9.449432
Acad10,3.5885053
Rsrc2,54.994312
Tmem132d,0.11494252
Asl,17.228733
Wbscr17,4.4425297
Auts2,15.70691
Cux1,28.308075
Chst12,6.928738
Ephb4,8.524139
Sdk1,34.61382
Cyth3,15.179315
Katnal1,21.37011
Akap9,75.566696
Cdk6,2.2321837
Ankib1,7.774719
Tmbim7,0.0034482758
A330021E22Rik,2.5586197
Cldn12,170.2334
Adam22,15.721843
Abcb4,0.055172414
Rundc3b,5.4287343
Grm3,0.12873562
Sema3a,2.7977004
Sema3e,0.31724137
Cacna2d1,28.813799
Sema3c,4.0195403
Gnai1,8.798853
Phtf2,11.314954
Gsap,0.060919546
Ccdc146,0.0011494253
Dnajc2,24.378155
Fbxl13,0.039080456
Orc5,24.15517
Fam126a,17.391956
Kmt2e,75.35402
Srpk2,40.933357
Prkag2,10.568964
Gbx1,0.004597701
Nos3,0.5091954
Prkag2os1,0.18390802
Gm21671,0.0
Kmt2c,52.80802
Gm10471,0.0022988506
Xrcc2,5.3022995
Actr3b,8.418389
4930584F24Rik,0.0
Paxip1,27.591953
9530036O11Rik,0.010344828
Dnajb6,5.449422
Hadha,51.66669
Ube3c,27.998875
Il6,0.0
Mir6362,0.0022988506
Snx17,46.719532
Cad,41.133324
Cib4,0.0022988506
Gckr,0.044827588
Cenpa,34.809196
Mir6369,0.0022988506
Bre,8.264379
Plb1,0.029885057
Slc5a1,0.004597701
Depdc5,14.222993
Yes1,5.1988525
Pisd,20.594265
Fam193a,22.158634
Zfyve28,1.5977008
Rnf4,89.695404
Poln,0.2344828
Grk4,1.2321836
Rgs12,28.983913
Htt,20.314968
Cpz,1.1114943
Hmx1,7.1103435
Ablim2,0.5390804
Sorcs2,2.9931026
Tbc1d14,32.439102
Afap1,260.06567
Stk32b,0.41609192
Evc2,5.801149
Jakmip1,0.12643678
Slc2a9,0.085057475
Wdr1,125.99074
Nsg1,76.133354
4930513D17Rik,0.009195402
Rab28,21.735647
Bod1l,43.58621
Fbxl5,24.118408
Cd38,0.21264367
Cpeb2,6.8482804
C1qtnf7,0.052873563
Ldb2,1.1977012
Lcorl,18.09428
Fam184b,0.57816094
Dhx15,103.975746
Ppargc1a,0.14252874
Lgi2,0.12068967
Stim2,6.220694
Rbpj,13.978169
Tbc1d19,24.567818
Pcdh7,1.371264
Arap2,0.11609195
0610040J01Rik,0.24367815
Nwd2,3.5701144
Pgm1,11.519545
Tbc1d1,17.652885
Klhl5,14.954028
Pds5a,19.036795
Lias,19.211508
Rfc1,25.21726
N4bp2,12.149434
Apbb2,16.38965
Limch1,2.7356312
Atp8a1,26.444847
Gabra2,0.35402295
Gabrg1,0.0057471264
Gabrb1,0.013793103
Atp10d,0.9494252
Slc10a4,0.9770115
Cnga1,0.0011494253
Fryl,31.597712
1700025M24Rik,0.0
Txk,0.0022988506
Dcun1d4,24.895418
Usp46,14.967821
Spata18,0.022988506
Fip1l1,30.82301
Clock,13.375874
Mir1191,0.0057471264
Kit,20.201155
Srd5a3,8.596552
Polr2b,70.32531
Ppat,29.61956
Mir669m-1,0.0
Epha5,11.487358
Tmprss11g,0.0011494253
Ugt2b34,0.15402299
Tmprss11c,0.0
Uba6,11.877024
Sult1d1,0.0011494253
Csn1s2b,0.0
1700066N21Rik,0.0
Mob1b,3.4172375
Rufy3,66.81035
Adamts3,0.3597701
Mthfd2l,11.6793165
Ankrd17,62.210392
5830473C10Rik,0.009195402
Cdkl2,0.5344828
Parm1,8.305748
Uso1,19.64827
Ccdc158,0.016091954
Shroom3,1.5425285
Art3,1.1448275
Ccni,33.14713
Gm6367,0.0011494253
Cnot6l,8.01035
Naa11,0.008045977
Antxr2,26.533335
Prkg2,2.064367
Rasgef1b,6.465517
Cops4,86.46095
Tmem150c,0.13563219
Sec31a,55.03562
Helq,8.416098
Wdfy3,120.77585
Mapk10,20.45517
Ptpn13,9.303454
4930429D17Rik,0.0011494253
Gm17660,0.0
Mepe,0.0034482758
Pkd2,4.6310334
Lrrc8d,20.929882
Gbp4,0.0
Zfp644,38.481636
Evi5,15.401149
Brdt,1.0195401
Btbd8,0.3505747
Tgfbr3,4.279309
Rpap2,9.833334
Tmed11,0.0
Pde6b,0.016091954
Cplx1,20.34483
Ccdc18,1.7712635
Dgkq,8.1586275
Vmn2r13,0.0011494253
Vmn2r17,0.0
Ankle2,25.017237
Ep400,59.990814
Fbrsl1,38.04367
Tfip11,22.734488
Myo18b,0.4632183
2900026A02Rik,0.73448265
Sez6l,14.841381
Adrbk2,2.7735617
Coro1c,448.8965
Svop,13.662068
Sart3,35.14598
Cmklr1,0.4172414
Sppl3,17.708055
Gltp,19.970116
Hnf1a,0.17471264
Gcn1l1,28.413826
Cit,3.5850568
Pla2g1b,0.011494253
Ccdc60,0.055172414
Taok3,6.7643704
Srrm4,109.69424
Rnft2,3.8609166
Fbxw8,25.87702
Med13l,13.047134
Rbm19,9.472422
Trafd1,25.63332
Rph3a,0.1954023
Oas1f,0.0068965517
Gm15800,43.582726
Cux2,1.7965512
Pptc7,8.260925
Atxn2,27.178186
Ppp1cc,1.6057413
Ift81,17.891954
Tmem120b,11.381609
Clip1,21.642534
Anapc5,190.47467
Kdm2b,15.945981
Mphosph9,22.52645
Atp6v0a2,24.688501
Rilpl1,5.2137914
Sbno1,62.3931
Pitpnm2,13.679308
Hip1r,2.7988508
Ncor2,70.24826
Scarb1,5.6448274
Tmem132b,0.26436782
Tmem132cos,0.17931041
Tmem132c,8.872414
Glt1d1,0.12873562
Rimbp2,1.83678
5930412G12Rik,9.4402275
Gpr133,0.008045977
Caln1,0.07586207
Kctd7,15.8298855
Tyw1,15.068968
Lat2,1.0632182
Eln,0.24827586
Mlxipl,0.24482761
Ywhag,152.02644
Prkrip1,14.834495
Hip1,120.49426
Col26a1,18.070114
Cldn15,1.0241379
Tsc22d4,9.970121
Zfp113,18.395393
Stag3,0.7413793
Prkar1b,18.332184
Fam20c,13.018397
Mad1l1,20.776999
Micall2,1.5758615
Snx8,7.3988595
Card11,0.03333333
Gna12,6.5252895
Ttyh3,28.260925
Ap5z1,8.970118
Rac1,99.34932
Rnf216,22.629883
Tnrc18,26.268969
Zfp316,8.803449
Ocm,0.0068965517
Lmtk2,10.8069
Baiap2l1,5.451724
Pms2,10.636788
Arpc1a,88.38386
Smurf1,10.442534
Trrap,58.775867
Cyp3a57,0.0
Gm3409,0.0
Cdk8,12.755178
Wasf3,3.5195365
Lnx2,5.9091988
Flt1,0.23333333
Pan3,17.13105
Slc7a1,19.356335
Mtus2,17.726442
Medag,1.775862
5730422E09Rik,0.12643678
B3glct,3.2149403
Wdr95,0.024137931
Pds5b,24.11379
Fry,14.380455
Rxfp2,0.104597695
Stard13,6.3379335
1700028E10Rik,0.063218385
Rfc3,25.12299
Fam133b,11.4367895
Gatad1,15.188511
1700109H08Rik,0.14942531
Rbm48,5.280462
Pex1,7.494255
Krit1,19.901165
Lrrd1,0.11149424
Mterf1a,0.50689656
Cyp51,101.07705
Fzd1,8.890806
1700015F17Rik,0.12298851
Gtpbp10,6.3287387
Gm8773,6.4321847
Steap2,22.862082
Steap1,20.532192
4921511H03Rik,0.0
Steap4,0.0011494253
Sri,28.97932
Dbf4,15.85977
Slc25a40,1.3057464
Abcb1a,0.008045977
Abcb1b,0.03908046
Crot,16.01611
Tmem243,0.6517241
Dmtf1,44.966686
Mir879,0.0
Gm6455,0.0011494253
Speer1-ps1,0.0011494253
Gm6460,0.0
1700003C15Rik,0.0
4933402N22Rik,0.0
Speer3,0.0
Gm9758,0.0
Speer4e,0.0
Gm17019,0.0022988506
Gm10354,0.0
Speer8-ps1,0.0
4930572O03Rik,0.0
Speer4c,0.0
Speer7-ps1,0.0
Speer4d,0.0
4930519H02Rik,0.0
Hgf,0.101149425
Speer4f,0.0022988506
Gnat3,2.072414
4921504A21Rik,0.18965518
Tmem60,11.965518
Rsbn1l,3.9839032
A630072M18Rik,1.1
Ptpn12,12.8862095
Fam185a,4.1103444
Fgl2,0.029885057
Lrrc17,8.032186
Armc10,44.04257
Napepld,1.6321836
Pmpcb,43.942528
Slc26a5,0.04597701
Psmc2,108.92753
Gm15421,4.8850465
6030443J06Rik,0.041379303
A930003O13Rik,0.020689655
5031425E22Rik,6.0896616
AI506816,1.3735605
Tomm7,41.206882
Snord93,0.026436782
Rint1,10.870126
2700038G22Rik,4.8045983
Pus7,16.837936
Nupl2,7.8448315
Mir684-1.2,0.040229872
Kcnh2,6.3873596
Asic3,2.5793104
Abcb8,25.520695
Slc4a2,10.436784
Fastk,19.834492
Tmub1,7.701155
Agap3,43.668957
Cdk5,34.157482
Atg9b,0.36091948
Smarcd3,1.5126439
Mir671,0.0
4931409K22Rik,0.025287356
Abcf2,83.154
Chpf2,5.7862105
Asb10,0.050574712
Crygn,0.0034482758
Wdr86,0.5425286
1700022A21Rik,0.037931032
Nub1,18.860922
Rheb,35.395397
2900005J15Rik,0.11609195
Galntl5,0.0034482758
Galnt11,17.47817
4831440E17Rik,0.16091953
Cct8l1,0.055172414
1700096K18Rik,1.1942526
Speer4a,0.0
Gm5862,0.0
Gm1979,0.0022988506
Gm10220,0.0
5031410I06Rik,0.0
Gm7361,0.0
Speer4b,0.029885057
Htr5a,0.0724138
En2,0.0
Insig1,22.260937
Cnpy1,0.01724138
Rbm33,29.624147
Shh,0.18505746
Rnf32,2.325287
Nom1,13.588506
Mnx1,0.010344828
Gm6083,0.01724138
Gm5129,0.016091954
3110082J24Rik,0.0068965517
Tyms,22.310345
Gm4961,0.09770111
Gareml,0.69425267
Mir1960,0.004597701
Hadhb,5.7264395
Ept1,19.097712
Gpr113,0.026436782
Drc1,0.2057471
1700001C02Rik,0.0
Kcnk3,0.12988505
Gm9899,0.11149425
Slc35f6,12.443687
Mir5625,0.0011494253
Dpysl5,104.311516
Agbl5,6.5517244
Khk,0.583908
Mapre3,9.611495
Ost4,13.609196
Tmem214,20.60345
Emilin1,13.257475
Slc5a6,4.2643666
Tcf23,0.0
Cgref1,1.0425286
Abhd1,0.10459771
Atraid,23.554014
Preb,49.835663
Eif2b4,31.891956
Trim54,0.0022988506
Dnajc5g,0.008045977
Ucn,0.0022988506
Slc30a3,0.011494253
Gtf3c2,70.94598
Mpv17,22.662075
Fndc4,20.80344
Zfp513,7.922995
Ift172,12.680461
Krtcap3,0.25977007
Nrbp1,50.23448
Ppm1g,95.07699
4930548H24Rik,0.016091954
Supt7l,21.117249
Gpn1,32.81265
Slc4a1ap,15.877018
AI839979,0.0011494253
Mrpl33,20.667816
Rbks,0.32298854
Mir3473e,0.0
Fosl2,0.79540217
Ppp1cb,78.21033
Prr14l,28.416111
Ywhah,86.747154
Ctbp1,91.17125
Spon2,0.56666666
Maea,61.206875
Uvssa,6.429889
Nkx1-1,0.0011494253
Tacc3,38.212658
Tmem129,18.977028
Fam53a,22.827599
Slbp,23.344818
Fgfr3,0.5528735
Letm1,42.458626
Whsc1,58.38511
Nelfa,23.439085
Mir7024,0.10229885
Gm1673,10.149421
Nat8l,5.263219
Haus3,11.5873575
Mxd4,6.5597715
4930557J02Rik,0.0022988506
Sh3bp2,10.447126
Tnip2,1.4264364
Mir7036b,0.009195402
Mfsd10,18.767818
Nop14,21.7092
Msantd1,0.45057473
Mir3097,0.07126434
Hgfac,0.08965516
Lrpap1,44.627583
Dok7,0.29310343
Adra2c,0.42068967
4930478P22Rik,0.012643678
Trmt44,8.167818
Acox3,9.667817
4931431C16Rik,0.57356304
Sh3tc1,0.14137931
Htra3,0.8931034
Psapl1,0.012643678
Grpel1,47.027584
Tada2b,3.795401
Ccdc96,3.445976
D5Ertd579e,19.254036
Mrfap1,82.17934
Bloc1s4,5.6873584
Man2b2,7.775864
Ppp2r2c,29.457478
Ppp2r2cos,1.8563216
Wfs1,11.433337
Evc,5.6103454
Crmp1,367.83685
Cytl1,0.1494253
Msx1,0.10344827
Msx1os,0.022988506
Stx18,14.181617
Lyar,18.618408
Tmem128,30.958616
Zbtb49,3.958619
Drd5,0.004597701
4930487D11Rik,0.0
Otop1,0.0
Zfp518b,26.668978
Hs3st1,1.0781609
Nkx3-2,0.008045977
Mir6414,0.0
Gm7854,0.06666667
Cc2d2a,3.47586
Bst1,0.012643678
Fgfbp1,0.044827588
Tapt1,8.901151
4930431F12Rik,0.0
Clrn2,0.0
Qdpr,37.342518
Lap3,38.228733
Med28,48.81725
Ncapg,12.888512
1600023N17Rik,0.23333329
Gm3414,7.375866
9630001P10Rik,0.0
4930405L22Rik,0.0034482758
Mir218-1,0.0068965517
Pacrgl,6.5137963
5730480H06Rik,0.4942528
Gpr125,30.188522
4930448I18Rik,0.0
Mir6417,0.0022988506
9230114K14Rik,1.2804596
C130083M11Rik,0.06781609
Sod3,0.051724136
8030423F21Rik,0.0034482758
Sepsecs,3.1540225
Zcchc4,3.1758614
Pi4k2b,7.2643704
Anapc4,54.812675
Slc34a2,0.0034482758
5033403H07Rik,0.0
Sel1l3,13.032185
Smim20,21.529888
Rnu7,0.0
Cckar,7.634484
Gm10440,0.0057471264
4930459L07Rik,0.0
4933402J10Rik,0.0
G6pd2,1.3229856
Dthd1,0.008045977
5830416I19Rik,0.02183908
C030018K13Rik,0.004597701
1700027F09Rik,0.0011494253
Gm3716,0.047126435
Klf3,2.9022973
Tlr1,0.0068965517
Mir574,0.0
Tlr6,0.010344828
Wdr19,4.7724156
Rpl9,1.9896506
Klb,0.027586207
Ugdh,21.856329
Smim14,24.368965
Ube2k,33.86436
Rhoh,0.032183908
Mir1928,0.0
Chrna9,1.4885056
9130230L23Rik,0.0034482758
1700126H18Rik,0.0
Nsun7,0.18735632
Uchl1,204.77477
Uchl1os,0.42528725
Phox2b,0.7195402
Slc30a9,46.92299
Tmem33,51.67586
Bend4,2.7712631
C330024D21Rik,0.09885056
Shisa3,0.30574712
Gm5108,0.0
4930425K10Rik,0.0
Yipf7,0.020689655
Gnpda2,5.5413837
Guf1,21.254023
Cox7b2,0.0
Gabra4,0.14712644
Commd8,24.962069
Nfxl1,11.626445
Gm5868,0.4298851
Zar1,0.06666667
Nipal1,0.07356321
Tec,0.18965518
Slain2,22.500011
Ociad1,77.02875
Ociad2,0.8781607
Cwh43,0.0034482758
Sgcb,16.482761
Lrrc66,0.011494253
Snora26,0.0
Dancr,4.9114933
Rasl11b,15.250575
Lnx1,1.358619
Gm6116,0.0011494253
Chic2,11.678159
Gsx2,0.0
Pdgfra,2.983907
Gm19583,0.0
Mir7025,0.0
Kdr,0.60344833
Tmem165,16.350582
Nmu,0.026436782
Pdcl2,0.014942529
Gm7271,9.104597
Cep135,9.440233
Aasdh,5.756326
C530008M17Rik,68.111496
1700023E05Rik,0.0
Arl9,0.0
Srp72,57.651726
Paics,142.26215
1700112J05Rik,0.0034482758
Hopx,0.035632182
Noa1,17.066666
Spink2,0.037931032
Rest,3.2022974
Mir5098,0.0011494253
Igfbp7,0.19655176
Pea15b,0.011494253
Mir1187,0.0011494253
Tecrl,0.0068965517
Stap1,0.0
Cenpc1,14.464372
Gnrhr,0.0
Tmprss11d,0.028735632
Tmprss11a,0.0022988506
Tmprss11f,0.03333333
Tmprss11b,0.0
Tmprss11e,0.0
Ythdc1,30.109207
Ugt2b35,0.0034482758
Ugt2b1,0.0
Ugt2b36,0.0
Ugt2b5,0.0011494253
Ugt2b37,0.0022988506
Ugt2b38,0.0022988506
Ugt2a3,0.0
Sult1b1,0.0
Ugt2a1,0.0
Ugt2a2,0.0057471264
Csn1s1,0.0
Sult1e1,0.0
Mir3969,0.0
Csn2,0.0034482758
Csn1s2a,0.0
Csn3,0.48850572
Gm7337,0.0034482758
Odam,0.0
Prr27,0.0
Cabs1,0.0
Smr3a,0.0
Smr2,0.0011494253
Prol1,0.0
Gm7714,0.0
Ambn,0.0
Amtn,0.0
Utp3,32.12069
Enam,0.0
Igj,0.01724138
Grsf1,64.080475
Dck,41.96894
Gc,0.035632186
Npffr2,0.0034482758
Gm7056,0.0
Cox18,5.166669
Gm9958,1.0655172
Afm,0.0
Afp,5.3942523
Alb,2.648276
Rassf6,0.0011494253
Cxcl15,0.0011494253
Cxcl3,0.008045977
Ppbp,0.3873563
Pf4,0.8160917
Cxcl5,0.0
Cxcl2,0.0022988506
Cxcl1,0.004597701
Ereg,0.0
Epgn,0.19195402
Areg,0.013793103
Gm19619,0.009195402
Btc,0.0011494253
1700063O14Rik,0.0011494253
Rchy1,22.849424
Thap6,2.8333325
Gm1045,0.0057471264
G3bp2,148.1127
Ppef2,0.03678161
U90926,0.009195402
Cxcl11,0.0057471264
Cxcl10,0.027586207
Cxcl9,0.0
Sdad1,18.745977
Scarb2,25.011496
Nup54,15.235633
Mir6415,0.0011494253
Fam47e,0.0011494253
Stbd1,3.177011
Mir1961,0.0
Sowahb,0.03908046
Sept11,74.986176
2010109A12Rik,0.08045977
Ccng2,25.247128
C87414,0.0057471264
BC061212+Gm7978,0.0
A430089I19Rik,0.0
AA792892,0.0
Gm3139,0.0
AU018829,0.0
Gm16367,0.0
A430089I19Rik.1,0.0
AU018829.1,0.0
Gm16367.1,0.0
Gm3259,0.0
Gm3286,0.0022988506
Gm3286.1,0.0
D5Ertd577e,0.0
BC061212+Gm7978.1,0.0
E330014E10Rik,0.0
Gm3286.2,0.0
Cxcl13,0.028735632
Mrpl1,12.285062
Anxa3,0.53103447
Bmp2k,4.5528736
Paqr3,1.4965509
Gk2,0.14597704
Fgf5,0.85517246
Prdm8,2.4287353
Mir703,4.8597655
Bmp3,0.013793103
Hnrnpd,41.096554
Enoph1,15.193108
Hnrnpdl,171.1804
Tmem150cos,0.004597701
2310034O05Rik,0.0057471264
Lin54,4.3551726
5430416N02Rik,8.257473
Plac8,0.14827585
Hpse,1.249425
Fam175a,4.9252872
Mrps18c,16.227587
Agpat9,0.010344828
Nkx6-1,0.02183908
Cds1,0.38505742
1700016H13Rik,0.051724143
Slc10a6,1.510345
Klhl8,13.231037
Hsd17b13,0.0
Nudt9,15.320697
Hsd17b11,0.11034483
Mir5619,0.011494253
Sparcl1,7.181611
Dspp,0.024137931
Dmp1,0.012643678
Ibsp,0.0011494253
Spp1,0.0022988506
D930016D06Rik,7.8046036
BC005561,17.97932
Abcg3,0.016091954
Gbp9,0.0
Gbp8,0.0
Gbp10,0.0
Gbp6,0.0068965517
Gbp11,0.08850575
Lrrc8b,9.828736
Lrrc8c,2.3804595
Barhl2,0.047126435
Hfm1,2.491953
Cdc7,24.980467
Lpcat2b,0.0
Ephx4,0.27126437
1700028K03Rik,0.5586205
Glmn,7.98621
A830010M20Rik,2.7149422
Gfi1,0.17471264
4930428O21Rik,0.04597701
A930041C12Rik,0.042528734
Ube2d2b,0.1367816
Rpl5,1.9907964
Fam69a,3.1896553
Mtf2,57.040234
Tmed5,8.955175
Pigg,3.039079
Dr1,23.022982
Atp5k,19.37126
Mfsd7a,0.19310345
Pcgf3,33.35633
Tmem175,7.414946
Gak,36.955177
Slc26a1,0.47356316
1700047L14Rik,0.0011494253
Idua,4.7448277
Fgfrl1,3.6885054
Vmn2r8,0.0
Vmn2r9,0.0011494253
Vmn2r10,0.0011494253
Vmn2r12,0.0
Vmn2r15,0.0
Vmn2r14,0.0
Vmn2r16,0.004597701
Crlf2,0.1689655
Gm10416,0.10804599
Gm15446,0.324138
Zfp932,4.631035
Zfp605,7.3678207
Gtpbp6,3.7494173
Golga3,14.965523
Chfr,46.221855
Gm15787,0.3885056
Pgam5,51.44598
Pole,10.672418
Pxmp2,0.9954024
P2rx2,0.11379309
Lrcol1,0.042528734
LOC101056043,5.9678183
Galnt9,33.529896
A630023P12Rik,0.01954023
Ddx51,18.741373
Noc4l,33.50574
Mir7026,0.055172406
Chek2,3.5505733
Pus1,10.847135
Ulk1,50.17818
Hscb,2.9218373
Mir701,0.0011494253
Pitpnb,59.386192
Mn1,10.994265
C130026L21Rik,0.08735632
E130006D01Rik,0.981609
Cryba4,0.05287356
1700028D13Rik,0.02183908
Tpst2,10.536787
Crybb1,0.009195402
Miat,238.35287
Hps4,9.465525
Srrd,4.3241367
Asphd2,5.3620706
Gm6588,0.31609195
Gm6583,0.06666666
1700034G24Rik,0.0022988506
1700095B10Rik,0.0
Crybb3,0.018390805
Crybb2,0.0011494253
Tmem211,0.0
Aym1,0.0011494253
Mir7229,0.0
Mir7230,0.0068965517
Wscd2,28.84139
1700069L16Rik,0.064367816
Ficd,2.3804593
Tmem119,6.1137953
Selplg,0.096551724
Iscu,8.194255
Ssh1,4.490805
Dao,0.014942529
Ung,7.6206894
Alkbh2,2.2218375
Usp30,9.610349
Acacb,0.14827585
Foxn4,0.08275862
Myo1h,0.45747113
Kctd10,62.134502
Ube3b,44.690815
Mir7027,0.077011436
Mvk,32.95745
Mmab,12.170117
Trpv4,0.13678162
Fam222a,3.480456
Git2,18.073565
4930515G01Rik,1.043678
Tchp,8.931038
Ankrd13a,45.59888
1500011B03Rik,29.160906
Mir7028,0.026436782
4930519G04Rik,0.016091954
2610524H06Rik,9.680468
Oasl2,0.13218391
Oasl1,0.10574713
2210016L21Rik,16.805769
Cabp1,2.554022
Gm13826,25.147108
Unc119b,31.48621
Mlec,52.867786
Acads,18.58275
Pop5,20.38505
Dynll1,143.78859
Srsf9,29.65978
Gatc,28.228752
Coq5,21.011501
Rnf10,83.11955
Msi1,9.945986
Cox6a1,118.05861
Pxn,5.585058
Sirt4,3.4011471
Rplp0,310.73093
Mir7029,0.010344828
1110006O24Rik,0.8390803
Rab35,6.9402337
Ccdc64,1.7540222
Mir7030,0.027586207
Tmem233,0.0
Prkab1,26.504597
B230112J18Rik,0.031034483
Srrm4os,26.40921
Hspb8,1.2344823
Suds3,10.088515
Pebp1,40.982773
Rfc5,15.593108
Wsb2,11.455174
Vsig10,0.040229883
Nos1,0.17126437
Tesc,1.0873562
Fbxo21,68.6437
Hrk,1.7747127
2410131K14Rik,26.349411
4930413E15Rik,0.0
1700081H04Rik,0.0011494253
Gm7538,0.0
AW549542,0.11149423
Gm16063,0.041379306
Tbx3,17.952866
Tbx3os2,0.0
Tbx5,0.4528736
Gm10390,0.042528734
Lhx5,0.3873563
Slc8b1,22.364368
Plbd2,44.16437
Sdsl,1.8252872
Sds,0.10229884
Rita1,5.6735625
Dtx1,0.20689657
Iqcd,0.15517241
Ccdc42b,0.10114943
Ddx54,49.73447
Rasal1,0.0068965517
Oas2,0.040229887
Oas1b,0.0011494253
Oas3,0.0
Oas1e,0.0
Oas1c,0.031034483
Oas1h,0.0011494253
Oas1g,0.014942529
Oas1d,0.0
Oas1a,0.05747126
Ptpn11,23.597704
Rpl6,17.768953
Erp29,61.08736
Tmem116,0.59425277
Naa25,38.5138
Adam1b,0.013793103
Aldh2,32.74599
Mapkapk5,15.319536
Acad12,0.6183909
Adam1a,3.2678154
Brap,22.955172
Sh2b3,6.167817
Fam109a,25.904589
Mir7031,0.050574705
Myl2,1.2873564
Ccdc63,0.044827584
Hvcn1,0.6402299
Tctn1,1.3827585
Fam216a,21.67126
Vps29,38.648254
Rad9b,0.9563216
Arpc3,28.972414
Gpn3,14.904596
Atp2a2,63.562065
Anapc7,40.256355
P2rx4,2.4666657
Camkk2,7.004601
Rnf34,46.320732
Morn3,0.0
Orai1,1.397701
A930024E05Rik,0.8793103
Setd1b,6.905754
Hpd,0.0
Rhof,0.88045955
Psmd9,22.352861
Mlxip,42.97126
Bcl7a,70.283905
Il31,0.0
B3gnt4,0.5540229
Diablo,67.80458
Vps33a,24.203451
Mir7647,0.0022988506
Lrrc43,0.008045977
Zcchc8,19.706905
Kntc1,4.6321845
Denr,41.96093
Ccdc62,0.8482758
Hcar1,0.0
Hcar2,0.0011494253
Ogfod2,7.8080482
Vps37b,23.180464
Arl6ip4,26.03563
Abcb9,1.0402298
Mir7032,0.0034482758
Pitpnm2os1,0.09080461
Cdk2ap1,3.2907906
2810006K23Rik,7.831036
Rilpl2,6.457473
Snrnp35,5.0620723
Setd8,8.488511
Tmed2,8.5241375
Gtf2h3,23.835636
Eif2b1,49.851692
Tctn2,8.096554
Ddx55,10.679316
Zfp664,76.89308
Ccdc92,19.162073
Fam101a,7.9908037
Dhx37,10.648277
Ubc,57.574726
Bri3bp,18.598852
Aacs,46.827583
4933438B17Rik,0.0
4930572K03Rik,0.0
Slc15a4,11.819545
Fzd10,4.0114923
Piwil1,0.041379303
Stx2,18.990814
Ran,131.14023
Mmp17,1.2011492
Sfswap,17.225294
Mrps17,33.972412
Gbas,9.431042
Sept14,0.0011494253
Zfp11,5.479309
Psph,6.4482813
Cct6a,355.84827
Sumf2,8.997703
Snora15,0.065517224
Chchd2,98.07354
Phkg1,0.027586207
Zbed5,1.4931034
Nupr1l,0.16091956
Gusb,11.601152
Vkorc1l1,9.136785
Crcp,28.956314
Tpst1,21.372416
Rabgef1,10.547128
Tmem248,22.65059
Sbds,28.19311
A330070K13Rik,0.0011494253
4930563F08Rik,0.6896551
Gatsl2,11.063221
Wbscr16,11.702301
Ncf1,0.25977013
Gtf2i,122.8816
Gtf2ird1,21.224136
Rfc2,39.897697
Clip2,2.7884998
Syna,0.0
Mir7228,0.0
Limk1,8.037933
Eif4h,234.32863
Wbscr27,1.6471262
Cldn3,1.3264371
Cldn13,0.14942528
Cldn4,0.337931
Wbscr28,0.0022988506
Wbscr25,0.025287356
Dnajc30,5.4091983
Stx1a,23.082758
Abhd11,22.351719
Vps37d,1.6448267
Wbscr22,28.46553
Abhd11os,0.5517241
Tbl2,13.185056
Baz1b,79.42644
Bcl7b,12.74368
Fzd9,1.3551723
Pom121,19.802305
Fkbp6,0.04597701
Trim50,0.004597701
Nsun5,10.391952
Mir7033,0.01724138
Ccl26,0.0011494253
Ccl24,0.027586207
Rhbdd2,24.086206
Tmem120a,21.497705
Por,60.38507
Styxl1,0.044827584
Mdh2,287.4896
Mir7034,0.012643678
Srrm3,19.062067
Hspb1,0.12183907
Zp3,0.0022988506
Upk3b,0.2264368
Srcrb4d,0.72873557
Dtx2,11.302297
Upk3bl,0.07471264
Rasa4,0.13793102
Polr2j,33.28735
Alkbh4,8.548276
Lrwd1,21.806898
Orai2,7.7758675
Mir7035,0.004597701
Sh2b2,8.76782
Mir721,0.0022988506
Myl10,0.0
Ift22,14.570117
Fis1,78.037926
4933404O12Rik,3.7448275
Serpine1,0.0011494253
Znhit1,11.157484
Mir702,0.0011494253
Plod3,20.645983
Ap1s1,36.191956
Vgf,0.12068964
Trim56,0.6264369
Srrt,84.01145
Trip6,4.7839084
Ufsp1,1.8999997
Slc12a9,10.371271
Ache,0.4908046
Mir8116,0.016091954
Mir7036,0.35632178
Epo,0.059770115
Zan,0.014942529
Pop7,17.366655
Mospd3,8.636782
Actl6b,13.250576
Pcolce,1.6505743
Fbxo24,0.09655171
Gigyf1,8.154029
Gnb2,55.64826
Mir6418,0.028735632
Tfr2,0.2609195
Sap25,0.0011494253
Lrch4,0.0
Agfg2,6.363223
Lrch4.1,0.0
Irs3,0.008045977
Nyap1,1.0206897
Gm20605,0.8597694
Ppp1r35,4.328732
Pilrb2,0.0
Mepce,6.5528774
Pilrb1,0.0
Pilra,0.4172413
Zcwpw1,1.0988505
Cyp3a13,0.009195402
Azgp1,0.0
Gjc3,0.03563218
Zscan21,71.2104
Smok3a,0.0
Zkscan1,32.871284
Smok3b,0.0
Cops6,92.36436
Ap4m1,8.033337
Mir93,0.013793103
Lamtor4,10.674707
BC037034,4.163215
Mir25,0.08160918
Mir106b,0.016091954
Gpc2,39.996536
Gal3st4,1.5379307
Nxpe5,0.004597701
Cnpy4,20.129889
6330418K02Rik,0.7114941
Mcm7,62.142536
Taf6,42.07013
Mblac1,2.4747121
Zfp157,23.279316
A430033K04Rik,9.712648
Zfp68,58.38968
1700123K08Rik,0.011494253
Gm5294,0.02183908
Pdgfa,1.1540228
Heatr2,17.663233
Sun1,27.588501
Get4,39.013817
Adap1,1.4896551
Gpr146,0.13448276
Mir339,0.022988506
Cyp2w1,0.032183908
D830046C22Rik,0.057471264
Gper1,9.654026
3110082I17Rik,7.6367817
Cox19,33.194256
C130050O18Rik,0.14022988
Zfand2a,13.617239
Uncx,0.25287357
4930500L23Rik,0.0034482758
Tmem184a,0.057471264
Ints1,20.204607
Mafk,3.3298843
Psmg3,17.77012
Mir7037,0.0057471264
Elfn1,3.5022979
Nudt1,7.9896545
Ftsj2,6.2850614
Eif3b,87.49543
Mir7038,0.20229894
Lfng,0.48850566
Grifin,0.02183908
Brat1,11.048279
Iqce,6.0701194
Amz1,0.087356314
Foxk1,2.8298824
Papolb,0.49425274
Radil,3.6482744
Wipi2,46.644817
Slc29a4,27.093102
Fscn1,261.73093
Actb,3244.7568
Fbxl18,7.7057476
4933411G11Rik,0.02183908
Rbak,12.778161
Spdyb,0.0034482758
Rbakdn,0.008045977
4930448H16Rik,0.014942529
Zfp12,22.250578
Grid2ip,0.11034482
E130309D02Rik,32.60461
Zdhhc4,16.647125
0610040B10Rik,0.53103447
Daglb,8.557471
Kdelr2,52.818405
Fam220a,12.593114
D130017N08Rik,1.8551713
Usp42,18.25403
Eif2ak1,34.508057
Aimp2,33.090794
Ankrd61,0.10689655
Ccz1,26.575872
Bhlha15,1.6758623
Tecpr1,19.874723
Bri3,4.406889
Gm15708,1.1609191
Dmr,0.0
Nptx2,0.09885056
Tmem130,0.27701148
Mir7039,0.0
Gm4871,0.0
1700018F24Rik,0.0
Kpna7,0.02183908
Arpc1b,2.7976997
Pdap1,39.22757
Atp5j2,34.728725
Zkscan14,5.542529
Zkscan5,13.967823
Ptcd1,12.129891
Bud31,29.095394
Cpsf4,20.558624
Zscan25,0.24022987
Zfp655,25.778145
Cyp3a16,0.0011494253
Cyp3a41a+Cyp3a41b,0.0022988506
Cyp3a41a,0.0
Cyp3a11,0.0
Cyp3a44,0.0
Cyp3a25,0.0022988506
Cyp3a59,0.0022988506
Rnf6,13.202304
1700001J03Rik,0.0034482758
4930449I24Rik,0.0
Gm3415,0.0
Gm6370,0.0011494253
Gm3402,0.0
Gm3404,0.0
Gm6408,0.0
Gm3415.1,0.0
Gm3402.1,0.0
Gpr12,0.0
Usp12,10.005743
Rpl21,3.0252817
Rasl11a,10.842524
Mtif3,10.5402355
Gtf3a,6.9206896
Polr1d,29.044807
Gsx1,0.0022988506
Pdx1,0.0
Urad,0.0
Cdx2,0.0
2210019I11Rik,0.0
Mirlet7k,0.0
D5Ertd605e,0.009195402
Flt3,0.0034482758
Slc46a3,0.8827586
Pomp,73.40117
Ubl3,21.34368
2210417A02Rik,0.011494253
Gm15408,0.062068965
8430423G03Rik,0.0022988506
5930430L01Rik,0.735632
Hmgb1,18.164371
Gm8615,0.972413
Uspl1,32.035625
Alox5ap,0.10229885
Tex26,0.1045977
Gm15997,0.004597701
Hsph1,118.96548
Gm21221,0.0022988506
4930500F04Rik,0.0
Brca2,8.783911
Zar1l,0.01724138
N4bp2l1,0.6862068
Gm5,0.06321839
N4bp2l2,32.462074
Kl,0.07356321
Vmn2r18,0.03448276
Etv6,9.477013
Osbpl3,4.293103
Exoc4,17.699999
Gm16039,5.2666683
Ano2,0.0011494253
Shq1,6.0873585
Abcc9,0.2586207
Pon3,0.10229885
B630005N14Rik,6.4413853
Mdfic,0.12413794
Thsd7a,96.66438
Cped1,0.99310327
Slc13a1,0.0057471264
Ankrd7,0.045977008
St7,16.025288
Calu,104.29537
Mkln1,36.83448
Klhdc10,18.882767
Plxna4,18.240238
Mir1950,0.0
Hipk2,52.40232
Cntnap2,1.3183906
Scrn1,7.6206913
Gm6559,0.043678164
Ccser1,0.37816092
Snca,44.743683
Grid2,0.04942529
0610030E20Rik,15.586205
Ctnna2,29.509201
Lrrtm4,0.70344824
Fbln2,10.222989
Exoc6b,32.637924
Fam19a1,0.0
Frmd4b,12.567819
Cntn4,0.54252875
Cntn6,0.075862065
Slc6a1,0.23218392
March8,25.332197
Mtmr14,24.703455
Grm7,0.10114942
Vmn2r23,0.0011494253
Wnt5b,0.5149425
Tspan11,3.2793097
Clec2g,0.011494253
Gm4736,0.0
Klra22,0.0
Klra6,0.0
Klra19,0.0
Dyrk4,0.018390805
Klra15,0.0
Gm15987,0.009195402
Mir7649,0.0
Plekha5,18.15864
Ptpro,5.5379324
Slco1c1,0.121839084
Lmo3,0.19195406
Ccdc132,23.249437
Sgce,9.641385
Ppp1r9a,16.93563
Dync1i1,0.921839
Slc25a13,8.20805
C1galt1,0.68275845
Col28a1,0.38965514
Rpa3,14.096553
Nxph1,0.028735632
Ica1,7.8804603
Glcci1,4.9609213
Phf14,21.508064
1110019D14Rik,0.83908033
Foxp2,10.751733
Met,0.1
Cttnbp2,0.59885055
Cftr,0.028735632
Asz1,0.0
Kcnd2,0.07816091
Ptprz1,2.250574
Cadps2,0.16666666
Wasl,21.301151
Iqub,0.031034483
Gm20756,0.0011494253
Grm8,0.12413792
Pax4,0.12988506
Snd1,55.51839
Kcp,0.65977013
Ahcyl2,5.920693
Ube2h,15.880476
Nrf1,27.210333
Smo,25.85057
Lincpint,0.20689656
Copg2,12.7609215
Cep41,3.6068952
2210408F21Rik,0.03333333
Chchd3,43.18967
Lrguk,0.23448278
Cnot4,20.202301
Cald1,40.13791
1810058I24Rik,31.024124
Mtpn,102.937904
Tmem140,0.17471264
Chrm2,0.010344828
Dgki,1.4045973
Creb3l2,1.6563215
Trim24,12.880466
Ttc26,8.344833
Clec2l,0.11494252
1110001J03Rik,5.225289
Svopl,0.05862069
D630045J12Rik,20.617252
Kdm7a,31.958632
Tbxas1,0.12298851
Braf,15.635642
Adck2,8.140232
Agk,5.5609245
Mgam,0.01954023
Tmem178b,2.1103427
Gm5409,0.0
Tpk1,1.868965
Ezh2,78.46666
Zfp398,8.1023
Igf2bp3,61.152863
Sspo,0.27356324
Stk31,0.02183908
4921507P07Rik,0.2770115
5430402O13Rik,0.12528734
Skap2,8.025291
Hibadh,20.15631
Jazf1,1.9793104
9430076C15Rik,6.1551743
Creb5,9.390801
Chn2,17.649433
9130019P16Rik,0.60689646
4921529L05Rik,0.0
Fam188b,8.235638
Gars,147.6679
Pde1c,1.1942527
Ccdc129,0.0057471264
Nt5c3,25.966667
Avl9,13.101148
Vopp1,47.331028
Herc3,1.2264366
Gprin3,0.15632185
Fam13a,0.74942523
A530053G22Rik,0.0
Mmrn1,0.13793102
Prdm5,2.597701
Hpgds,0.50114936
C130060K24Rik,0.0022988506
Gng12,11.326442
Il12rb2,0.7448272
Rpia,0.4505747
Rmnd5a,20.721838
Chmp3,35.550583
Polr1a,21.885065
Atoh8,1.3735632
Suclg1,69.09195
Kcmf1,15.572417
Tcf7l1,2.6804576
Tgoln1,16.917236
Tgoln2,0.0
Dnah6,0.011494253
Reg3a,0.0
Tacr1,2.702299
Eva1a,0.06321839
Dguok,10.203455
M1ap,0.03333333
Atp6v1b1,0.0
Dysf,4.614942
Sfxn5,1.8735625
Emx1,0.012643678
Alms1,7.2321854
Cct7,384.89212
Tgfa,0.32413793
Aak1,20.372425
Add2,40.770126
Anxa4,2.972413
Snrpg,10.628736
Antxr1,4.754025
1810020O05Rik,0.63103455
Mgll,7.344828
Ruvbl1,17.020689
Eefsec,15.298849
Kbtbd12,0.028735632
Podxl2,25.41266
Txnrd3,4.8057485
Chchd6,22.66782
Chst13,0.06091954
Aldh1l1,0.31954023
Nup210,14.91035
Iqsec1,32.504623
Nr2c2,9.302304
Slc6a6,68.16439
Fgd5,0.5643679
Ccdc174,11.294253
Tmem43,31.11724
Prickle2,3.303446
9530026P05Rik,0.0011494253
Adamts9,0.45862064
Magi1,14.956322
Slc25a26,3.2022977
Lrig1,7.4252877
Suclg2,4.2494254
Eogt,2.1241374
Fam19a4,0.08505746
Mitf,0.3494253
Gm765,0.0068965517
Foxp1,13.208059
Rybp,1.8517218
1700049E22Rik,0.0
Pdzrn3,3.587356
Gxylt2,0.25057474
Cntn3,0.026436782
Chl1,0.3563218
Itpr1,4.357471
0610040F04Rik,0.0022988506
Sumf1,4.6919546
Arl8b,67.65862
Cav3,0.043678157
Srgap3,38.404606
Lmcd1,0.4850575
Setd5,55.06206
Irak2,0.09885057
Atp2b2,41.509197
Slc6a11,0.15057471
Tada3,16.831032
Syn2,77.48508
Atg7,10.300003
Hrh1,0.0
Fam21,47.76669
Tmcc1,22.166666
Ift122,11.91954
Tmem40,0.06666666
Mkrn2,15.845974
Pparg,0.11724138
Cxcl12,2.588505
Rassf4,22.451733
1700030F04Rik,0.0
Cacna1c,1.1126432
Cacna2d4,0.01954023
Adipor2,21.248285
4931430N09Rik,0.096551724
Wnk1,37.375866
Erc1,39.44827
Ninj2,0.0034482758
Mical3,8.956329
Cecr2,25.768984
Bcl2l13,30.845978
Mug2,0.0
C1ra,0.016091954
Ing4,57.03329
Lag3,0.56896555
Vwf,0.5218391
Ncapd2,60.509197
Ccnd2,135.77705
Gm10069,1.2195375
Tspan9,42.058613
Klrb1,0.0
Olr1,0.0
2310001H17Rik,0.0
Klra14-ps,0.0
Klra12,0.0
Gpr19,10.618395
Lrp6,18.052868
Mansc1,0.06896551
Dusp16,5.9781637
Grin2b,0.09425287
Gucy2c,7.837934
Atf7ip,34.366695
Rerg,0.2942529
BC049715,0.28045976
Mgst1,3.9057457
Eps8,0.31724143
Dera,24.522987
Slc15a5,0.0057471264
Pik3c2g,0.011494253
Pde3a,4.3034487
Aebp2,6.4057508
Slco1a4,0.0022988506
St8sia1,1.9011493
D6Ertd474e,0.014942529
Sox5,6.888511
Kras,38.40345
Tuba3b,0.008045977
Itpr2,0.65977
Ppfibp1,3.096551
E330012B07Rik,0.029885057
Ccdc91,22.54023
Mrps35,20.547125
Tmtc1,0.3321839
Far2,1.252873
Bicd1,39.501183
Dennd5b,27.858627
Amn1,15.06092
Samd9l,0.077011496
Gm8579,0.0
Hepacam2,0.101149425
Calcr,0.0
Mir653,0.0
Mir489,0.0
Tfpi2,0.01724138
Gngt1,0.0
Gng11,0.56896544
Bet1,12.13909
Col1a2,11.005744
Casd1,16.303444
Peg10,4.0873556
Pon1,0.0022988506
Pon2,2.1287355
Asb4,2.634482
Pdk4,0.14367817
1700019G24Rik,0.0011494253
Shfm1,84.26782
Dlx6,0.008045977
Dlx5,0.1862069
Dlx6as2,0.0057471264
Dlx6os1,0.13218391
Acn9,4.48046
Tac1,0.063218385
Asns,43.95747
Mios,15.79655
A430035B10Rik,0.24942528
AA545190,0.0
Ndufa4,101.20113
Gm6578,0.15862073
Tmem106b,14.409192
Vwde,0.018390805
1700016P04Rik,0.0
Tmem168,8.498855
Gpr85,4.57931
2610001J05Rik,24.533333
Ppp1r3a,0.0011494253
Tfec,0.05632184
Tes,27.126444
Cav2,0.04942529
D830026I12Rik,0.0034482758
Cav1,0.13333334
Capza2,95.02531
Wnt2,0.109195404
Lsm8,41.214947
Mir6370,0.0
Tspan12,13.598854
Ing3,14.118387
Wnt16,0.113793105
Fam3c,9.171268
Aass,0.09195402
Fezf1,0.022988506
Rnf148,0.0
Rnf133,0.0
Tas2r118,0.0034482758
Lmod2,0.055172414
Asb15,0.016091954
Ndufa5,24.135614
Hyal4,0.011494253
Hyal6,0.010344828
Hyal5,0.0
Spam1,0.0034482758
Tmem229a,7.6172476
Gpr37,2.871264
Pot1a,24.434483
Mir592,0.0011494253
Zfp800,7.2747183
Arf5,41.909203
Gcc1,7.1793103
Fscn3,0.010344828
Lrrc4,0.44597694
Lep,0.0068965517
Mir129-1,0.0
Rbm28,30.934477
Prrt4,0.2712644
Impdh1,18.209194
Hilpda,16.222988
Fam71f2,0.23448278
Fam71f1,0.19425288
Opn1sw,0.33793104
Atp6v1f,28.470104
Flnc,2.560919
Ccdc136,2.4678152
Gm9047,0.013793103
Irf5,0.07471265
Tnpo3,78.86211
Tspan33,0.59195393
Strip2,0.10114942
1700023L04Rik,0.0
Mir96,0.028735632
BB283400,0.4137932
Mir183,0.031034483
Mir182,0.0057471264
Zc3hc1,30.111498
Tmem209,17.610346
Ssmem1,0.09195402
Cpa2,0.5563218
Cpa4,0.06781609
Cpa1,0.0
Cpa5,0.01724138
Mest,75.947136
Mir335,0.0022988506
Tsga13,0.009195402
Klf14,0.010344828
Mir29a,0.0
Mir29b-1,0.0
Mkln1os,0.114942536
Podxl,2.5252864
1700012A03Rik,0.0
Plxna4os1,0.18160918
Slc35b4,14.158627
Akr1b3,0.037931025
Gm6644,0.0
Akr1b10,2.4252872
Akr1b8,22.255163
Akr1b7,0.039080456
Bpgm,33.704594
Agbl3,0.46551725
2010107G12Rik,0.4126437
3110062M04Rik,2.434478
Stra8,0.0022988506
Wdr91,6.145979
Nup205,26.045977
Fam180a,0.0
1700065J11Rik,0.0
Slc13a4,0.072413795
Mir490,0.0011494253
9330158H04Rik,0.0011494253
Ptn,12.505751
Akr1d1,0.0
Tmem213,0.004597701
Atp6v0a4,0.011494253
Zc3hav1,0.12413792
Zc3hav1l,9.028738
Ubn2,41.510376
Mir7670,0.0
Luc7l2,10.783925
Klrg2,0.07471265
4930599N23Rik,0.032183908
1700025N23Rik,0.0
Parp12,0.65747124
Mkrn1,35.567833
Slc37a3,23.451735
Rab19,0.07011494
Dennd2a,20.941387
Ndufb2,28.795403
Mrps33,5.4425306
Wee2,0.04942529
Ssbp1,21.209206
Tas2r108,0.031034483
Tas2r137,0.0022988506
E330009J07Rik,3.0781608
Prss37,0.0022988506
Olfr461,0.0011494253
Clec5a,0.025287356
Olfr460,0.0
Tas2r138,0.0
Moxd2,0.0
1700074P13Rik,0.0057471264
1810009J06Rik,0.0
Gm2663,0.0
Prss58,0.0
2210010C04Rik,0.004597701
Gm5771,0.0
Try4,0.0
Prss3,0.0
Try10,0.0
Try5,0.0
Gm10334,0.0
Prss2,0.0
Prss1,0.009195402
Trpv6,0.1
Ephb6,2.3931038
Trpv5,0.0
1700034O15Rik,0.0
Kel,0.11724138
Olfr459,0.0
Sval2,0.0
Pip,0.0
Sva,0.0
Sval1,0.014942529
Sval3,0.0
Tas2r139,0.0
Fam131b,1.3310343
Tmem139,0.028735632
Clcn1,0.9551722
Casp2,34.94597
Gstk1,5.498852
Tas2r144,0.0
Tas2r135,0.0
Zyx,25.666676
Olfr458,0.0011494253
Epha1,0.35632184
2010310C07Rik,0.013793103
Tas2r143,0.0
Tas2r126,0.009195402
Olfr457,0.0
Olfr455,0.0
Olfr456,0.013793103
Fam115e,0.0
Fam115a,77.60458
Fam115c,1.7850574
Olfr449,0.0011494253
Olfr450,0.0
Olfr38,0.0
Olfr452,0.0
Olfr453,0.0
Olfr448,0.0
Olfr447,0.0
Olfr446,0.0
Olfr444,0.0
Olfr441,0.0
Olfr437,0.0
Olfr435,0.0
Olfr434,0.0
Olfr47,0.0
Olfr237-ps1,0.0
Olfr13,0.0
Nobox,0.01954023
Arhgef5,0.12068965
9430018G01Rik,0.014942529
Cul1,135.77693
Rn4.5s,0.0
Rn4.5s.1,0.0
Rn4.5s.2,0.0
Rn4.5s.3,0.0
Rn4.5s.4,0.0
Rn4.5s.5,0.0
Rn4.5s.6,0.0
Rn4.5s.7,0.0
Mir704,0.19655174
Rn4.5s.8,0.0
Zfp786,2.4724133
Rn4.5s.9,0.0
Pdia4,125.12184
Zfp956,4.3919544
Zfp212,8.573567
Zfp783,3.4229877
Zfp282,16.101158
Zfp746,10.087356
Zfp777,6.421839
Krba1,17.974712
Zfp467,5.544827
Repin1,17.949429
Lrrc61,12.300005
Zfp862-ps,6.219542
Rarres2,0.011494253
Atp6v0e2,61.743706
Gm5111,0.0
Zfp775,10.655175
AI854703,1.7206897
Gimap4,0.06206896
Gimap1,0.055172414
Gimap7,0.0
Gimap8,0.29885063
Gimap5,0.028735632
Gimap6,0.12413792
Gimap9,0.19310343
Gimap3,0.0
Tmem176b,47.525288
Tmem176a,5.4344826
Aoc1,0.08045977
Svs1,0.0
1600015I10Rik,0.0
Doxl2,0.0
Malsu1,8.036787
Gpnmb,0.009195402
Tra2a,65.20806
Fam221a,0.89540225
Ccdc126,1.6655174
Npy,0.24137932
Mpp6,6.5103483
Dfna5,1.686207
Cycs,1.9264306
Npvf,0.0011494253
C530044C16Rik,0.01954023
Mir148a,0.0
Cbx3,5.597699
Hnrnpa2b1,263.95062
Nfe2l3,0.6413792
Snx10,14.050583
Hoxa1,1.1218392
Hoxa2,9.570114
Halr1,0.035632186
Hoxa4,2.931033
Hoxa11,0.4827586
Hoxa9,28.628738
Hoxa13,0.051724136
Hoxa6,1.8563193
Hoxa5,15.654034
Hoxa10,6.327586
Hoxaas3,1.5689634
Hoxa7,36.396557
Hottip,0.010344828
Hoxa3,3.3839056
Mira,10.432185
Mir196b,0.01724138
Hoxa11os,0.41839084
Evx1,0.042528734
5730457N03Rik,0.018390805
1700094M24Rik,0.0
Tax1bp1,61.351715
Gm4872,0.0
Tril,10.698851
Cpvl,0.004597701
Prr15,1.628734
Wipf3,0.06551724
Plekha8,13.887365
Fkbp14,7.849429
Mturn,12.602299
Znrf2,3.0160906
Nod1,0.23908044
Ggct,2.7264357
Crhr2,0.096551724
Inmt,0.020689655
Aqp1,0.61494255
6430584L05Rik,0.03908046
Ghrhr,0.05057471
Adcyap1r1,37.28851
Neurod6,20.311502
Gm3279,0.012643678
Ppp1r17,488.6049
Lsm5,1.1689622
Fkbp9,14.658627
Kbtbd2,27.163227
Vmn1r4,0.0
Vmn1r6,0.0
Vmn1r5,0.0
Vmn1r11,0.0022988506
Vmn1r10,0.0
Vmn1r8,0.0
Vmn1r9,0.0011494253
Vmn1r7,0.0
Vmn1r13,0.0
Vmn1r12,0.0
Vmn1r14,0.0011494253
Vmn1r15,0.0
Vmn1r16,0.0
Vmn1r19,0.0
Vmn1r18,0.0
Vmn1r17,0.0
Vmn1r20,0.0034482758
Ppm1k,4.028734
Herc6,0.16896552
Lancl2,17.342539
Pyurf,15.139084
Vmn1r21,0.013793103
Vmn1r23,0.0
Vmn1r22,0.0
Vmn1r24,0.008045977
Vmn1r26,0.0
Vmn1r25,0.0011494253
Vmn1r28,0.0
Vmn1r27,0.0
Vmn1r29,0.0
Vmn1r30,0.0
Vmn1r31,0.0
Abcg2,16.773567
Nap1l5,2.9586208
Tigd2,4.3770103
A730020E08Rik,0.15517241
Atoh1,0.06551724
Smarcad1,42.601143
Tnip3,0.01724138
Ndnf,0.24712646
4930544G11Rik,0.016091954
Mad2l1,16.911488
Vmn1r32,0.004597701
Vmn1r33,0.0011494253
Vmn1r35,0.0
Vmn1r34,0.0
Vmn1r36,0.0
Vmn1r37,0.0
Vmn1r39,0.0
Vmn1r38,0.0
Gadd45a,27.547113
E230016M11Rik,0.88505715
Serbp1,213.01848
Il23r,0.0
4930515G16Rik,0.011494253
Tacstd2,0.079310335
Rprl1,0.0
Eif2ak3,11.64713
Tex37,0.0011494253
Foxi3,0.0
Thnsl2,1.4747127
Fabp1,0.010344828
Krcc1,9.4206915
Smyd1,0.31954017
Mir8112,0.12298842
Cd8a,0.012643678
Cd8b1,0.029885057
Rnf103,6.0666656
Kdm3a,33.703457
Mrpl35,24.235645
Reep1,50.41958
Immt,109.28397
Ptcd3,37.798862
9130221F21Rik,0.018390805
St3gal5,18.021837
4933431G14Rik,0.27816093
Usp39,53.3069
Sftpb,0.0022988506
Rnf181,30.05633
Vamp5,0.14942528
Ggcx,6.4080462
4930414L22Rik,2.4953988
Mat2a,78.96893
Tmem150a,2.1045973
Vamp8,1.731034
Capg,0.5965517
Elmod3,7.464369
Retsat,0.95976996
Gm15401,0.11149426
Tmsb10,36.32069
4931417E11Rik,0.0011494253
1700065L07Rik,0.0
Lrrtm1,1.855172
6330415B21Rik,5.3609214
Reg3d,0.0
Reg3b,0.028735632
Reg3g,0.0
Reg2,0.0022988506
Reg1,0.0
Gm20362,0.0
Gm20594,0.07701145
Mir468,0.0
1700009C05Rik,0.0011494253
Mir7232,0.0
Mrpl19,26.342525
Gcfc2,2.475861
Pole4,14.540231
Hk2,13.795409
Sema4f,4.451724
2310069B03Rik,0.0
Htra2,12.3023
Pcgf1,15.688516
Aup1,37.377037
Dqx1,6.282765
Tlx2,88.00922
Dok1,1.1666665
Lbx2,0.2091954
Loxl3,2.8402274
Mir7040,0.0057471264
Dctn1,212.1873
Mogs,10.039083
Rtkn,14.57356
Wbp1,64.585045
Wdr54,8.370114
Mrpl53,20.859758
Ccdc142,3.1275814
Ino80b,3.6298797
1700003E16Rik,4.0344834
Mob1a,9.739085
Mthfd2,38.92644
Slc4a5,3.808046
Bola3,4.6264296
Tet3,82.84948
B230319C09Rik,0.06091954
Mir6374,0.01954023
Stambp,12.914952
Gm21284,0.19195405
Actg2,0.8908045
Vax2,0.091954015
Clec4f,0.0068965517
Cd207,0.0
Vax2os,0.03678161
Tex261,19.118399
1700124L16Rik,0.10114942
Nagk,7.0528765
Paip2b,12.378165
Ankrd53,0.11494252
Zfml,54.78503
Gm10445,0.0
Cyp26b1,0.36321843
Npm3-ps1,0.51609194
Spr,9.372414
Gm5878,0.029885057
Rab11fip5,1.7367809
Mir705,0.0
Pradc1,6.0586224
Smyd5,19.660923
Noto,0.004597701
Egr4,0.0034482758
Fbxo41,0.9908045
Gm4477,0.0
Nat8,0.0
Gm11128,0.0
Cml5,0.0
Alms1-ps2,0.0068965517
Cml3,0.0
Mir6375,0.0
Cml2,0.0057471264
1700019G17Rik,1.3517243
Tprkb,9.091957
Cml1,1.0574712
Dusp11,34.65518
Figla,0.0
Fam136a,28.928728
C87436,9.362078
2310040G24Rik,1.5413791
Pcyox1,63.34823
Tia1,48.6471
1600020E01Rik,7.65977
Asprv1,0.4862069
Pcbp1,193.1173
Snrnp27,20.545961
Mxd1,20.490803
Gmcl1,30.041391
2610306M01Rik,3.3999987
Nfu1,15.755182
D6Ertd527e,0.03908046
Gfpt1,8.170118
Gkn2,0.0011494253
Gkn3,0.0022988506
Gkn1,0.0
Bmp10,0.0
Arhgap25,0.014942529
Prokr1,0.33218393
Aplf,7.2942553
Efcc1,1.595402
Rab43,1.9609187
Gp9,0.11954022
Copg1,94.405716
Cnbp,290.59537
Isy1,24.099997
Hmces,13.248278
H1fx,1.4701109
Gm5577,0.80229867
Rab7,67.20921
Rpn1,101.32308
Gata2,0.16781612
Mir6376,0.0
Dnajb8,0.0
Sec61a1,127.91607
Gm15612,0.81838995
Abtb1,17.112646
Tpra1,10.3712635
Mcm2,118.33109
4933427D06Rik,0.0
Gm1965,0.039080463
Gm839,0.0
Plxna1,25.49081
Vmn1r41,0.0
Vmn1r40,0.0
Vmn1r43,0.0
Vmn1r44,0.011494253
Vmn1r42,0.0
Vmn1r45,0.01954023
Vmn1r47,0.0057471264
Vmn1r48,0.009195402
Vmn1r46,0.0
Vmn1r50,0.0
Vmn1r51,0.0
Vmn1r49,0.0
Vmn1r53,0.010344828
BC048671,0.0034482758
Vmn1r52,0.0
Vmn1r54,0.0
V1ra8,0.0
Zxdc,8.913803
Ccdc37,0.042528734
Uroc1,0.004597701
Klf15,0.66896546
Slc41a3,1.4103445
Hdac11,15.254026
Wnt7a,0.23563218
Chchd4,15.534482
4930471M09Rik,0.032183908
1810044D09Rik,1.1114937
Xpc,15.109199
Lsm3,36.26437
Grip2,0.5333333
4930590J08Rik,0.11494251
Mrps25,23.010332
Zfyve20,17.424145
Trh,0.0
Mir7041,0.0022988506
Mir1957a,0.0
4930511E03Rik,0.050574712
Kbtbd8,5.093104
AY512915,0.0034482758
1700123L14Rik,0.012643678
Tmf1,25.571276
Uba3,40.91953
Lmod3,0.056321837
Arl6ip5,16.742538
Eif4e3,26.213781
Gpr27,0.19540228
Prok2,0.0011494253
Ppp4r2,3.578152
Gm9871,0.0
Mir6373,0.0
Gm19757,0.0
Trnt1,12.572421
Il5ra,0.025287356
Crbn,21.400011
Lrrn1,14.311496
Setmar,2.5068955
Mir7661,0.0
Bhlhe40,0.04827586
Edem1,16.091965
5031434C07Rik,0.5183908
1700054K19Rik,0.0068965517
Ssu2,1.2551723
Oxtr,1.6563218
Rad18,7.489655
Thumpd3,27.265526
Gt(ROSA)26Sor,5.5850625
Lhfpl4,12.720693
Brpf1,25.111488
Cpne9,0.18850575
Camk1,10.07471
Ogg1,1.5494242
Arpc4,63.488506
Ttll3,1.6873556
Creld1,21.709204
Il17rc,0.42183906
Il17re,0.18850574
Jagn1,35.54484
Cidec,0.047126435
Rpusd3,6.7160926
Prrt3,0.6735631
Vhl,22.600012
Fancd2os,0.06321837
Brk1,69.77352
Emc3,32.293106
Fancd2,3.2459755
Ghrl,0.06666666
Tatdn2,0.60229874
Sec13,99.600044
Mir7042,0.0034482758
Vgll4,19.403446
Tamm41,17.344826
Timp4,0.6804597
Tsen2,9.797707
Mkrn2os,0.10229884
Raf1,96.11952
Snora7a,0.8954013
Efcab12,0.4827586
Rpl32,91.72521
Cand2,23.908081
Mbd4,5.8620706
H1foo,0.0034482758
Rho,0.10459769
Plxnd1,1.8528736
Zfand4,1.5344821
Olfr211,0.0
Alox5,0.097701155
Olfr212,0.0
8430408G22Rik,0.18620689
Zfp422,61.150543
Olfr215,0.0011494253
Olfr214,0.0
Olfr213,0.0
Mir7043,0.0011494253
Tmem72,0.010344828
Hnrnpf,10.906901
Zfp637,35.17933
Zfp239,6.6333375
Fxyd4,0.2482759
Rasgef1a,0.05172414
Mir7044,0.0
Ret,0.94827574
Csgalnact2,3.114941
1700069P05Rik,0.0
LOC102632423,0.0
Bms1,33.12298
Zfp248,7.149424
Zfp9,10.116089
Ankrd26,14.129894
Dcp1b,5.914943
Lrtm2,0.4873563
Fbxl14,3.91034
Rad52,8.855172
3110021A11Rik,0.29080465
Mir706,0.0022988506
B4galnt3,0.09655173
Ccdc77,5.598854
Kdm5a,56.51266
Il17ra,13.083904
Cecr5,9.777016
Cecr6,2.8597693
1700072O05Rik,0.0
Slc25a18,0.41609195
Atp6v1e1,84.765526
Bid,7.271266
Tuba8,0.059770107
Pex26,2.2114923
Slc6a12,0.8333333
Slc6a13,0.16321838
Usp18,0.53563213
Iqsec3,0.80114925
A2m,0.08735633
Mug1,0.0022988506
Gm10319,0.0011494253
Klrg1,0.0
Mug-ps1,0.0022988506
M6pr,23.132193
Phc1,25.778158
Mfap5,0.03448276
Rimklb,9.405753
Dppa3,0.0
Aicda,0.0011494253
Apobec1,0.0022988506
Gdf3,0.0057471264
Nanog,0.004597701
Slc2a3,3.165517
Necap1,35.65404
Clec4a1,0.064367816
Foxj2,4.168964
C3ar1,0.051724136
Mir7231,0.0
Clec4a3,0.0011494253
Clec4b1,0.0011494253
Clec4a4,0.0022988506
Clec4a2,0.0022988506
Clec4b2,0.0011494253
Clec4n,0.024137931
Clec4d,0.0
Clec4e,0.0
Vmn2r19,0.0
Vmn2r20,0.0
Vmn2r21,0.0
Vmn2r22,0.0
Vmn2r24,0.0011494253
Vmn2r25,0.0
Vmn2r26,0.0022988506
Vmn2r27,0.0
Cd163,0.0034482758
1700013D24Rik,0.0
Clstn3,1.9862068
Pex5,50.525265
C1rl,0.11609195
C1s1,0.028735632
C1s2,0.052873567
C1rb,0.0
Lrrc23,0.025287356
Grcc10,52.74138
Ptpn6,0.26091954
Eno2,0.8574712
Lpcat3,17.452877
Phb2,106.57931
Atn1,7.2149487
Mir200c,0.0
Mir141,0.0
Emg1,33.678165
Spsb2,1.1126437
Cdca3,21.155186
Cd4,0.05402299
Gnb3,0.291954
Tpi1,145.0414
Usp5,86.419525
Leprel2,5.9183927
Gpr162,0.18275861
Cops7a,26.833332
Pianp,0.032183908
Zfp384,3.2758546
Ptms,41.469006
Mlf2,102.67129
Lpar5,0.059770115
Gapdh,18.988503
Acrbp,3.3965502
Nop2,34.355206
Chd4,139.25862
Iffo1,14.160923
Mir7045,0.15402302
Vamp1,1.7643678
Scarna10,0.02183908
E130112N10Rik,0.2229885
4930417O13Rik,0.0
Cd27,0.024137931
Tapbpl,1.1103446
Tuba3a,0.020689655
Mrpl51,13.636785
Mir8113,0.0022988506
Plekhg6,0.7563218
Ltbr,1.6425287
Tnfrsf1a,3.4655178
Scnn1a,0.28965515
Cd9,10.551723
Ntf3,0.38160914
Gm10415,0.0
Kcna5,0.41839084
Kcna6,18.370117
Kcna1,0.3850575
Akap3,0.027586207
Ndufa9,70.8931
D6Wsu163e,8.574715
Rad51ap1,5.8482757
Fgf23,0.02183908
Fgf6,0.004597701
9630033F20Rik,5.414947
9330179D12Rik,0.6402299
D130058E03,0.040229887
Parp11,15.588509
Efcab4b,0.1183908
Prmt8,19.808039
Mir7233,0.0
9330102E08Rik,1.3931032
Tead4,0.4954023
Rhno1,40.713814
Itfg2,12.864369
Nrip2,0.657471
Fkbp4,240.60445
Tulp3,12.065532
Foxm1,10.552876
4933413G19Rik,0.03333333
Pzp,0.08620688
BC048546,0.0034482758
Klrb1a,0.0
Clec2h,0.0
Klrb1c,0.0
Klrb1b,0.0011494253
BC035044,0.0
Mir7649.1,0.0
Clec2i,0.0011494253
Klrb1f,0.0
Clec2f,0.0
BC064078,0.1908046
Clec2e,0.0
Clec2d,0.0
Klrb1-ps1,0.0011494253
4922502D21Rik,0.0
Clec12a,0.0034482758
Cd69,0.014942529
Clec9a,0.11609195
Clec7a,0.0034482758
Clec12b,0.0
Clec1b,0.09770115
Clec1a,0.0862069
Klrk1,0.0
Gabarapl1,45.95403
Tmem52b,0.0022988506
Klrd1,0.0
Klre1,0.0011494253
1700101I11Rik,0.25747123
Klri1,0.0
Klri2,0.0
Klrc1,0.0
Klrc2,0.0
Klrc3,0.0
Gm156,0.0
Klra17,0.0
Klra5,0.0
Klra8,0.0
Klra18,0.0
Klra4,0.0
Klra21,0.0
Klra9,0.0
Klra7,0.0
Klra10,0.0
Klra23,0.0
Klra1,0.0
Klra13-ps,0.0
Klra3,0.0
Klra2,0.0
Magohb,9.704605
Styk1,0.07471264
Ybx3,15.487359
5430401F13Rik,0.0
Tas2r130,0.0
Tas2r114,0.0
Tas2r105,0.0
Tas2r107,0.0
Tas2r104,0.0
Tas2r106,0.0
Prb1,0.0
Gm8882,0.0
Prpmp5,0.0
Prh1,0.0
A630073D07Rik,0.0
Prp2,0.0
Tas2r122,0.0
Tas2r102,0.0
Tas2r115,0.0
Tas2r120,0.0
Tas2r124,0.0
Tas2r121,0.0
Tas2r113,0.0
Tas2r116,0.0
Tas2r136,0.0
Tas2r110,0.0
Tas2r117,0.0
Tas2r123,0.0
Tas2r131,0.0
Tas2r103,0.0
Tas2r129,0.0
Tas2r109,0.0
Tas2r125,0.0
Tas2r140,0.0011494253
2700089E24Rik,27.440239
5530400C23Rik,0.0
Gm5885,0.0022988506
Gm5886,0.0
Kap,0.0068965517
Bcl2l14,0.014942529
Loh12cr1,11.84368
Crebl2,0.5333332
Cdkn1b,5.903451
1190002F15Rik,1.7551717
2810454H06Rik,0.7919536
Apold1,0.38160917
Gprc5d,0.011494253
Ddx47,46.865536
Gprc5a,0.26321834
Gsg1,0.0
Gm19434,0.022988506
8430419L09Rik,22.414951
Hebp1,0.87701136
Emp1,0.35977012
Pbp2,0.0
Gm8994,0.009195402
E330021D16Rik,0.014942529
Plbd1,24.866676
Hist4h4,0.30114934
H2afj,11.958631
Wbp11,29.75403
Smco3,0.22758621
Arhgdib,0.76091945
Pde6h,0.016091954
Erp27,0.0034482758
Mgp,0.24137928
Art4,0.09540229
Strap,127.729965
Igbp1b,0.0
4922502N22Rik,0.0011494253
Rergl,0.0
Capza3,0.0
Plcz1,0.0
Gm10400,0.75402296
Slco1b2,0.0011494253
Slco1a1,0.0011494253
Gm6614,0.0
Slco1a6,0.0
Iapp,0.0057471264
Slco1a5,0.0011494253
Recql,10.213795
Pyroxd1,4.4517217
Gys2,0.12068965
B230216G23Rik,0.34367815
Golt1b,46.15404
Ldhb,91.024155
Kcnj8,0.013793103
5330439B14Rik,0.018390805
Gm766,0.0
Gm7457,0.0022988506
Cmas,17.750578
C2cd5,13.820693
Etnk1,27.298857
1700060C16Rik,0.0
Sox5os3,0.0022988506
Bcat1,76.82988
Lrmp,0.03448276
Casc1,0.20804599
Lyrm5,6.586211
Gm15706,0.95057476
1700073E17Rik,0.3448276
Ifltd1,0.01724138
Rassf8,0.31034485
Bhlhe41,0.36781612
Sspn,0.9632183
Fgfr1op2,20.419546
Med21,25.398848
Gm6654,0.28505751
Asun,24.922998
Tm7sf3,10.335637
4930479D17Rik,0.004597701
Stk38l,5.6310363
Arntl2,0.7954022
Smco2,0.0011494253
1700034J05Rik,0.0022988506
Rep15,0.043678157
Klhl42,4.9609194
Mansc4,0.067816086
Pthlh,0.077011496
1700049E15Rik,0.0
4732416N19Rik,0.04252873
Ergic2,30.17356
Rps4l,27.375854
Gm6313,0.01724138
Caprin2,3.9287329
Ipo8,19.797697
Fam60a,4.414929
Mettl20,2.9908037
2810474O19Rik,32.61381
Adam12,0.90919524
Adamts17,1.5770112
Atp10a,0.10689655
Nell1,5.634483
Dlg2,0.110344835
D430042O09Rik,6.771264
Ric3,15.105754
Akap13,22.75518
Xylt1,0.22758622
Zfp667,7.1034536
Sult2a5,0.0
Vmn2r53,0.0022988506
Zfp112,1.2505746
Timm50,85.53906
Numbl,29.510334
Sipa1l3,3.0149379
Zfp536,39.254032
Tshz3,1.2827585
A230077H06Rik,0.02183908
Rcn3,16.46552
Mrgpra6,0.0
Abcc8,1.1045977
Nav2,58.467804
Gabrb3,7.4310355
Fam189a1,0.19310343
A230057D06Rik,1.4206896
Slco3a1,1.7103447
Rgma,2.113791
Igf1r,33.51727
Iqgap1,44.857487
Agbl1,0.12643678
E430016F16Rik,0.0
Ticrr,6.14713
3110040N11Rik,5.9505763
Grm5,0.12988506
Picalm,36.313797
Vmn2r79,0.0
Tenm4,62.534527
Ints4,38.611523
Clpb,19.570124
Gm4070,0.0
Gvin1,0.0
Gm4070.1,0.0
Usp17la,0.0022988506
Pik3c2a,18.577011
Arntl,2.848276
Acsm5,0.0
Cacng3,0.008045977
Itpripl2,0.39655173
Dmbt1,0.0
Prss8,0.19540232
Taok2,22.886211
Cpxm2,0.5264368
Inpp5a,9.822991
C030029H02Rik,0.011494253
Ano1,0.4356322
Cacng8,0.0068965517
Tmc4,0.48390806
Pira6,0.0
Tmem150b,0.11839079
Ptprh,0.014942529
Isoc2b,0.42758617
Rfpl4,0.16551726
Usp29,0.39770117
Zfp772,7.0574713
Zim1,0.3045977
Gm16532,0.07356322
Vmn2r32,0.0
Vmn2r43,0.0
Vmn2r40,0.0
Vmn2r51,0.0022988506
Vmn2r47,0.0
Vmn2r47.1,0.0
Vmn1r71,0.0
Zscan4c,0.0
Zfp110,16.757477
Vmn2r56,0.0
2810007J24Rik,0.0011494253
Sult2a2,0.0
Nlrp5-ps,0.25287357
Sae1,102.41389
C5ar1,0.0
Gltscr1,9.583916
Arhgap35,55.30004
Kptn,11.375863
Hif3a,5.397702
Ptgir,2.9436777
Psg23,0.009195402
Psg18,0.0
Psg26,0.0
Vasp,7.0540304
Cblc,0.117241375
Klc3,9.005748
Clptm1,55.28506
Irf2bp1,7.7540307
Fbxo46,6.279311
Nlrp9b,0.03333333
Vmn1r148,0.0
Gm6902,0.0
Nlrp4e,0.0034482758
Grik5,5.5505757
Arhgef1,29.824133
Zfp428,19.36781
Kcnn4,0.19080462
Cyp2b13,0.0
Pafah1b3,44.751724
Tgfb1,0.016091954
4732471J01Rik,0.8919539
Cyp2f2,0.004597701
Dyrk1b,11.103452
Sptbn4,0.34482756
Hipk4,0.2977012
Psmc4,141.63673
1700049G17Rik,1.7321832
Ttc9b,4.4045997
Lgals4,0.34827593
Kcnk6,0.024137931
Gmfg,0.022988506
Ryr1,2.5643663
Pak4,17.545973
Lgals6,0.0011494253
Zfp568,19.245983
Wdr62,5.899999
Lgi4,32.005764
Proser3,3.5356283
Pmis2,0.004597701
Gpi1,250.23009
Rhpn2,0.52528745
Pepd,43.324142
Tdrd12,0.06666666
Chst8,53.27129
Zfp507,15.879304
Uri1,18.002316
Zfp939,3.1482756
Gm5592,0.0
Vmn2r-ps54,0.024137931
Vmn2r57,0.085057475
Gm2381,0.018390805
Klk11,0.014942529
Ceacam18,0.0011494253
Nup62-il4i1,0.22643684
Tsks,0.012643678
Nup62,54.71611
Dhdh,0.8965516
Tead2,66.350555
Sult2b1,0.14252874
Ppfia3,4.721839
Kdelr1,37.49541
Abcc6,0.11609195
Tph1,3.3988512
Otog,0.07931034
Sergef,8.40575
Uevld,1.3333321
Kcnc1,7.845979
Hps5,14.635639
Mrgpra2a,0.0011494253
Mrgprx2,0.0011494253
Slc6a5,0.028735632
Prmt3,16.590803
Ano5,0.14712644
Gas2,11.445976
Slc17a6,47.257496
Luzp2,0.5287356
Oca2,0.048275866
A230056P14Rik,1.7919536
Herc2,49.934467
Gabrg3,2.0436773
Gabra5,0.20919542
Gm9962,0.018390805
Ube3a,53.551693
Ipw,0.004597701
Snrpn,0.022988506
Snrpn.1,0.052873544
B230209E15Rik,0.0022988506
Otud7a,0.9298849
Chrna7,0.8149424
Trpm1,0.025287356
Fan1,4.052872
Apba2,39.401154
Tarsl2,5.570115
Pcsk6,0.37126437
Lins,10.46782
Lrrk1,0.37126437
Mef2a,20.229887
Lrrc28,14.786213
Fam169b,0.105747126
4933436H12Rik,0.0
B130024G19Rik,2.5574694
Mctp2,0.20000002
Chd2,20.41496
Sv2b,13.601151
Ntrk3,8.28391
Abhd2,14.127591
Aen,16.022985
Fanci,3.0999973
Zfp710,13.888506
Anpep,0.22528733
Blm,10.220693
Crtc3,14.737936
Sema4b,19.162085
Pde8a,0.35172412
Cpeb1,0.32298848
Zfp592,15.105751
Zscan2,0.3804597
Homer2,5.4632187
Slc28a1,0.008045977
2900076A07Rik,3.6091905
Hdgfrp3,23.35979
Adamtsl3,0.18045977
Eftud1,10.064369
4933430H16Rik,0.0
Arnt2,19.634487
Cemip,0.047126435
Zfand6,66.12992
Abhd17c,17.48276
Gm2115,0.0057471264
Folh1,0.01724138
Vmn2r76,0.0
Nox4,0.6632183
Rab38,0.30804598
Me3,0.035632186
Tmem135,6.7390814
E230029C05Rik,0.03448276
Sytl2,0.1954023
Pcf11,15.886214
Rab30,7.4241376
Prcp,8.281612
Alg8,12.912643
Gab2,16.272411
Nars2,9.905748
Gdpd4,0.0011494253
Pak1,31.901148
Acer3,1.5839071
Rsf1,37.929882
Capn5,2.0942526
Uvrag,8.674711
Rps3,544.47815
Serpinh1,69.99191
Mogat2,1.4482757
Xrra1,0.12873562
Pgm2l1,16.672428
Chrdl2,0.03448276
C2cd3,25.031046
Pde2a,244.91495
Fam168a,22.506908
Art2b,0.0
Arhgef17,21.493113
Fchsd2,22.705757
Art1,7.508045
Folr2,0.10344827
Stim1,1.7563217
Numa1,58.867832
Pgap2,11.835637
Trim30a,0.0
Trim34b,0.0
Dchs1,33.810337
Fam160a2,27.80229
Olfr702,0.0034482758
Gm4070.2,0.0
Gvin1.1,0.0
Gm4070.3,0.0
Gm4759,0.0034482758
Ppfibp2,0.6850575
Mir1970,0.0
Syt9,0.76091945
Stk33,1.5321839
Akip1,3.5735617
Scube2,0.16551724
St5,12.89196
Swap70,6.1839075
Mrvi1,18.091959
Sbf2,20.849434
Usp47,70.070145
Galnt18,19.86322
Tead1,12.566672
Parva,17.198856
Mical2,2.6218383
4930543E12Rik,0.0
Spon1,9.1931095
A730082K24Rik,0.008045977
Cyp2r1,0.19655176
Pde3b,8.508052
Insc,32.703472
Sox6,2.6666648
Plekha7,0.46206892
Nucb2,3.9689643
Smg1,27.685078
Tmc5,0.018390805
9030624J02Rik,30.921852
Iqck,0.2137931
Gpr139,0.040229887
Abca16,0.010344828
2610020H08Rik,2.4701135
Crym,0.35172418
Abca14,0.0034482758
Eef2k,11.896554
BC030336,5.2436824
Cdr2,5.8333335
Otoa,0.07356321
Scnn1b,0.4022988
Prkcb,0.8494253
Scnn1g,1.0850574
Arhgap17,15.3241415
Hs3st4,0.016091954
3100003L05Rik,0.0
Il4ra,1.0873562
Gtf3c1,72.73221
Gsg1l,71.9287
Mvp,3.5275857
Setd1a,13.3160925
Itgad,0.0022988506
Tial1,17.970118
Mcmbp,36.979317
Ppapdc1a,0.06666666
Wdr11,24.924145
Tacc2,106.52409
Ate1,28.256325
Htra1,2.7160914
Btbd16,0.01724138
5430419D17Rik,0.0011494253
Lhpp,12.240235
Fam53b,7.9620724
Chst15,9.275864
Ctbp2,30.682762
Fank1,0.14712644
Uros,12.088507
D7Ertd443e,0.004597701
Dock1,9.531037
Clrn3,0.022988506
Ptpre,0.23563218
Ebf3,18.01609
Gm6249,0.6425287
Mgmt,2.1091952
Tcerg1l,0.8804597
Stk32c,0.65517247
Jakmip3,11.234488
Gpr123,1.3586208
Echs1,40.059772
Adam8,1.8954022
Rnh1,26.243692
Cend1,11.232185
Cyp2e1,0.0034482758
Lsp1,11.750575
Brsk2,16.298857
Dusp8,15.813797
Ifitm10,0.08735633
Nap1l4,114.70916
Kcnq1ot1,100.913795
Kcnq1,0.0068965517
Cttn,76.827614
Mir3470b,0.0022988506
Shank2,0.6091952
Speer9-ps1,0.0022988506
Nlrp12,0.013793103
Mir293,0.0
Mir295,0.0
Mir291b,0.0
Mir294,0.0
Mir290a,0.0
Mir291a,0.0
Mir292,0.0
AU018091,0.028735632
D7Ertd143e,0.0022988506
Mir290b,0.0
Mir292b,0.0
Myadm,39.65172
Prkcg,0.2747127
Cacng7,0.40804604
Tarm1,0.0
Cacng6,0.0068965517
Prpf31,60.112595
Oscar,0.088505745
Cnot3,14.475867
Leng1,14.652883
Ndufa3,31.962055
Tfpt,7.594258
Mir3572,0.011494253
Mboat7,5.0632186
Tsen34,23.617235
Rps9,178.10457
Pirb,0.36436787
Pira7,0.0
Pira2,0.0011494253
Lilra6,0.011494253
Pira1,0.0
Gm14548,0.0
Pira4,0.0
Pira11,0.0
Lair1,0.6517241
9430041J12Rik,0.62988496
D030047H15Rik,0.26321846
Leng8,27.909216
Ttyh1,21.291956
Cdc42ep5,0.7126436
Leng9,0.9804597
Lilra5,0.012643678
Pira6.1,0.0022988506
Rdh13,24.857468
Gp6,0.099999994
Ncr1,0.0
Tnni3,0.3827586
Tnnt1,1.6252862
Dnaaf3,0.112643674
D630041G03Rik,0.7505746
Syt5,1.7931031
Ppp1r12c,13.9092045
Eps8l1,0.7942528
Ppp6r1,3.825286
Tmem86b,1.3413793
Brsk1,0.87356263
Hspbp1,35.278164
Rpl28,0.4436779
Tmem190,0.049425285
Il11,0.7091953
Suv420h2,22.688528
Shisa7,2.534483
Tmem238,0.22413793
Ube2s,1.8206853
Cox6b2,0.7241378
Fam71e2,0.0022988506
Zfp628,2.7482727
Sbk2,0.0022988506
Nat14,3.1816099
Ssc5d,1.7126436
Sbk3,0.0022988506
Isoc2a,0.13908045
U2af2,9.711497
Zfp579,6.7919574
Zfp524,2.3183904
Zfp784,3.0149417
Fiz1,32.30345
Ccdc106,0.76321805
Zfp580,9.8770075
Epn1,6.537935
Zfp865,2.6689613
Rasl2-9,0.06321838
Vmn1r56,0.0
Vmn1r55,0.0
Vmn1r57,0.0011494253
Gm5065,0.0011494253
Nlrp2,0.0057471264
Vmn1r58,0.0
Vmn2r28,0.0
Vmn1r59,0.0
Vmn1r61,0.0
Vmn1r60,0.0022988506
Vmn1r62,0.008045977
Vmn1r186,0.0
Vmn1r64,0.0
Vmn1r63,0.0
Vmn1r187,0.0
Vmn1r65,0.0011494253
Nlrp4c,0.01724138
Zfp787,4.3689637
Zfp444,24.901155
Galp,0.0
Zscan5b,0.0011494253
Gm6792,0.011494253
Zfp28,7.242531
Zfp78,2.417241
Zfp583,5.824141
Olfr1349,0.0
Olfr5,0.0
Olfr1346,0.016091954
Olfr1348,0.0
Olfr1347,0.0
Olfr1344,0.014942529
Olfr1336,0.0
Olfr1350,0.0
Mir3099,0.0022988506
Peg3os,0.0
Peg3,19.134485
Aurkc,0.0
Zim3,0.0
Zfp773,3.4896555
Zfp418,2.3183904
Zfp954,12.122993
Vmn2r30,0.0
Clcn4-2,69.37471
Vmn2r29,0.42643696
Mir5620,0.026436782
Vmn2r31,0.0
Vmn2r33,0.0
Vmn2r34,0.0
Vmn2r35,0.0
Vmn2r36,0.0
Vmn2r47.2,0.0
2810047C21Rik1,0.0022988506
Vmn2r42,0.0
Vmn2r41,0.0
Vmn2r44,0.0011494253
Vmn2r45,0.0
Vmn2r47.3,0.0
Vmn2r39,0.0
Vmn2r38,0.0
Vmn2r37,0.0022988506
Vmn2r46,0.0
Vmn2r46.1,0.0
Vmn2r48,0.0
Vmn2r49,0.0
Vmn2r50,0.0
Vmn2r52,0.0057471264
Vmn1r66,0.0
Vmn1r67,0.0
Zik1,33.26552
Vmn1r68,0.0
Vmn1r69,0.0
Nlrp4b,0.0011494253
Vmn1r70,0.0
Zscan4a,0.0011494253
Zscan4b,0.0
Zscan4d,0.0
Zscan4f,0.0
Vmn1r73,0.0
Vmn1r72,0.0
Vmn1r74,0.0
Vmn1r75,0.0
Vmn1r76,0.0
Vmn1r77,0.0
Vmn1r79,0.0
Vmn1r78,0.0
Vmn1r80,0.0
Vmn1r82,0.0
Vmn1r81,0.0
Gm4224,0.0068965517
Zfp551,1.8643681
Vmn1r83,0.0
Vmn1r84,0.0
Zfp606,18.800007
2900092C05Rik,0.0
Vmn2r54,0.0
Vmn2r55,0.0
Zscan18,4.9195395
Zfp329,18.645985
2310014L17Rik,0.63908046
Rps5,534.97577
Zscan22,10.870115
Zfp324,9.02644
Zfp128,4.813794
Slc27a5,0.047126435
Mzf1,1.1896551
Zfp446,7.0747156
Chmp2a,27.409218
Zbtb45,6.331033
Trim28,200.785
Ube2m,17.432198
Vmn1r85,0.0
Vmn1r86,0.0057471264
Vmn1r87,0.0
Vmn1r89,0.0
Vmn1r88,0.0068965517
Pla2g4c,0.55862075
Lig1,22.023005
6330408A02Rik,3.6448257
Bsph1,0.0
Cabp5,0.025287356
Bsph2,0.0
Sult2a1,0.0
Sult2a4,0.0
Sult2a3,0.0
Sult2a6,0.0
Sult2a7,0.0
Gm4745,0.0
Vmn1r90,0.0
Obox2,0.0034482758
Obox1,0.0
Obox3,0.0068965517
Obox5,0.0011494253
Obox6,0.0
Crx,0.0
Crxos,0.0022988506
Sepw1,179.93568
Gltscr2,47.2839
Snord23,0.07356322
Ehd2,1.6482757
Zfp541,0.011494253
Napa,140.14484
Slc8a2,0.6965516
Meis3,92.6138
C5ar2,0.008045977
Dhx34,8.852876
Bbc3,4.2091947
Ccdc9,3.448273
Prr24,2.1793098
Zc3h4,24.74369
Npas1,2.6620667
Tmem160,13.571271
Ceacam-ps1,0.0034482758
Ceacam9,0.0
Ceacam15,0.0011494253
Ap2s1,45.975838
Dact3,4.004595
Strn4,40.4138
Prkd2,5.8563232
Gng8,2.319539
Fkrp,11.359774
Slc1a5,11.135637
Pnmal2,4.689659
Calm3,101.39192
Ccdc8,5.8689685
Ppp5c,52.312637
Pnmal1,3.7206895
Ceacam3,0.0
Psg16,0.04597701
Psg29,0.0034482758
Psg-ps1,0.0057471264
Ceacam5,0.0
Ceacam14,0.0011494253
Ceacam12,0.0022988506
Ceacam11,0.0
Ceacam13,0.0
Igfl3,0.0
Mill1,0.0
Psg28,0.0
Psg27,0.0068965517
Psg25,0.0022988506
Psg21,0.0
Psg20,0.0
Psg22,0.0
Psg17,0.0068965517
Sycp1-ps1,0.0
Psg19,0.0
Mill2,0.0068965517
Ccdc61,7.029887
Pglyrp1,0.0068965517
Nova2,11.106901
Mypop,0.7482756
Nanos2,0.05402299
Sympk,19.75402
Dmpk,3.1264334
Rsph6a,0.029885057
Foxa3,0.06781605
Six5,0.59770113
Mir3100,0.0034482758
Dmwd,18.585058
Qpctl,11.716096
Mir330,0.0
Gipr,0.14942528
Eml2,1.4827582
Snrpd2,10.773564
Opa3,25.640224
Gpr4,0.9034482
Ppp1r13l,0.9609193
Cd3eap,11.2034445
Ercc2,14.041392
Ercc1,18.013788
Ppm1n,0.044827588
Rtn2,15.163219
Mir343,0.05057469
Fosb,1.8333333
A930016O22Rik,0.06206896
Bloc1s3,5.874718
Mark4,6.134488
Trappc6a,4.188502
Nkpd1,0.16436782
Ckm,0.057471264
Relb,1.1425287
Ppp1r37,9.252876
Clasrp,16.624151
Zfp296,0.09655173
Gemin7,33.475857
Tomm40,50.424187
Apoc1,0.047126427
Apoc4,0.0
Apoc2,0.12643677
Apoe,3.6505723
Pvrl2,15.118384
Bcam,1.3344822
Bcl3,0.06551724
Pvr,1.4459764
Gm19345,0.013793103
Ceacam19,0.0
Ceacam16,0.004597701
Igsf23,0.0
Ceacam20,0.013793103
Vmn1r91,0.0
Gm10666+Vmn1r93,0.0
Gm16442+Gm16451,0.0
Vmn1r142+Vmn1r94,0.0
Gm4498+Gm8453+Vmn1r118,0.0
Vmn1r143+Vmn1r95,0.0
Gm6164+Gm8653,0.0
Vmn1r101+Vmn1r149,0.0
Gm5728+Gm8660,0.0
Gm4133+Gm4187,0.0
Vmn1r-ps79,0.0
Vmn1r100,0.0
Vmn1r104+Vmn1r152,0.0
Gm10665+Gm10670,0.0
Vmn1r103,0.0
Gm5726+Gm8677,0.0
Gm4141+Gm4201,0.0
Vmn1r107+Vmn1r130+Vmn1r137+Vmn1r155+Vmn1r165,0.0
Vmn1r111+Vmn1r131+Vmn1r138+Vmn1r166,0.0
Gm4541,0.0
Vmn1r114,0.0
Gm4567,0.0
Vmn1r112,0.0
Vmn1r113,0.0
Gm6902.1,0.0
Gm4498+Gm8453+Vmn1r118.1,0.0
Vmn1r115,0.0
Vmn1r116,0.0
Vmn1r117,0.0
Vmn1r120,0.0
Vmn1r121,0.0
Vmn1r119,0.0
Vmn1r122,0.0
Vmn1r123,0.0
Vmn1r126,0.0
Vmn1r127,0.0
Vmn1r129,0.0
Vmn1r124,0.0
Gm4175,0.0
Gm4214,0.0
Vmn1r125,0.0
Vmn1r128,0.0
Gm4541.1,0.0
Vmn1r107+Vmn1r130+Vmn1r137+Vmn1r155+Vmn1r165.1,0.0
Vmn1r111+Vmn1r131+Vmn1r138+Vmn1r166.1,0.0
Vmn1r139,0.0
Vmn1r132,0.0
Gm4175+Gm4214,0.0
Gm5725+Gm8720,0.0
Vmn1r135+Vmn1r163,0.0
Gm4177+Gm4216,0.0
Vmn1r107+Vmn1r130+Vmn1r137+Vmn1r155+Vmn1r165.2,0.0
Gm5891,0.0
Gm10662,0.0
Gm4541.2,0.0
Gm16442+Gm16451.1,0.0
Gm10666+Vmn1r93.1,0.0
Vmn1r111+Vmn1r131+Vmn1r138+Vmn1r166.2,0.0
Vmn1r139.1,0.0
Vmn1r132.1,0.0
Gm4498+Gm8453+Vmn1r118.2,0.0
Vmn1r143+Vmn1r95.1,0.0
Gm6164+Gm8653.1,0.0
Vmn1r142+Vmn1r94.1,0.0
Gm5728+Gm8660.1,0.0
Vmn1r-ps79.1,0.0
Gm4133+Gm4187.1,0.0
Vmn1r101+Vmn1r149.1,0.0
Gm10665+Gm10670.1,0.0
Vmn1r151,0.0
Vmn1r100.1,0.0
Vmn1r104+Vmn1r152.1,0.0
Gm5726+Gm8677.1,0.0
Gm4141+Gm4201.1,0.0
Vmn1r107+Vmn1r130+Vmn1r137+Vmn1r155+Vmn1r165.3,0.0
Gm4541.3,0.0
Vmn1r157,0.0
Gm4567.1,0.0
Vmn1r158,0.0
Gm8693,0.0
Vmn1r159,0.0
Vmn1r160,0.0011494253
Gm4175+Gm4214.1,0.0
Gm5725+Gm8720.1,0.0
Vmn1r135+Vmn1r163.1,0.0
Gm4177+Gm4216.1,0.0
Gm5891.1,0.0
Gm10662.1,0.0
Gm4541.4,0.0
Vmn1r111+Vmn1r131+Vmn1r138+Vmn1r166.3,0.0
Vmn1r107+Vmn1r130+Vmn1r137+Vmn1r155+Vmn1r165.4,0.0
Gm6902.2,0.0
Nlrp5,0.0
Vmn1r169,0.0
Vmn1r168,0.0
Vmn1r167,0.0
Vmn1r171,0.013793103
Vmn1r173,0.0
Vmn1r172,0.0
Vmn1r170,0.0011494253
Vmn1r174,0.0
Vmn1r175,0.0
Vmn1r176,0.0
Vmn1r179,0.0
Vmn1r181,0.0
Vmn1r177,0.0
Vmn1r180,0.0
Vmn1r178,0.0
Vmn1r183,0.0
V1rd19,0.0
V1rd18,0.0
Zfp180,25.905764
Zfp109,1.7758622
Zfp111,5.273565
Zfp235,4.240229
Zfp114,0.09080459
Lypd5,0.0
Tescl,0.08390805
Zfp61,17.293114
Zfp94,5.754025
Zfp93,2.5183895
Zfp108,1.5022987
Plaur,0.11494253
Smg9,10.010347
Irgc1,0.012643678
Cadm4,7.186213
Lypd3,0.026436782
Ethe1,6.3344827
Pinlyp,0.0034482758
Irgq,38.751724
Phldb3,0.009195402
Xrcc1,29.274721
Zfp575,0.687356
Cd177,0.025287356
Gm4598,0.0
BC049730,0.0
Tex101,0.0068965517
Gm4763,0.008045977
Gm5893,0.0068965517
Rps19,39.773552
Ceacam10,0.048275862
Lypd4,0.0
Dmrtc2,0.004597701
Cd79a,0.08045977
Atp1a3,11.086208
Rabac1,27.539087
Mir7046,0.011494253
Mir7047,0.0
Pou2f2,0.5977009
D930028M14Rik,46.426453
Zfp574,17.819544
Mir6537,0.0
Zfp526,1.5770113
Cic,12.991958
9130221H12Rik,0.68275845
Gsk3a,2.3942473
Dedd2,8.6218405
Erf,2.424135
Mir7048,0.0068965517
Prr19,0.3586207
Lipe,8.410345
Cnfn,0.0
Tmem145,0.93218356
Cxcl17,0.013793103
Megf8,20.457472
Ceacam1,0.41839084
Ceacam2,0.022988506
B9d2,11.125289
Exosc5,10.9287405
B3gnt8,0.5241379
Atp5sl,8.590809
Erich4,0.013793103
Bckdha,22.855183
Tmem91,0.23563224
Axl,2.747126
Cyp2s1,0.11954022
Hnrnpul1,22.458609
Ccdc97,21.920696
Cyp2b10,0.0
Cyp2b9,0.0
Cyp2a4,0.0
Vmn1r184,0.0068965517
Nlrp4a,0.0022988506
Nlrp9c,0.0022988506
Nlrp9a,0.0011494253
Cyp2b23,0.0011494253
Vmn1r185,0.0022988506
Cyp2a5,0.0
Cyp2b19,0.022988506
Cyp2g1,0.0
Cyp2a22,0.0
Cyp2a12,0.0
Mia,0.44252872
Rab4b,16.829885
BC024978,1.8862034
Adck4,7.747128
Snrpa,43.075848
Itpkc,5.14138
Cyp2t4,0.12873562
Mir3101,0.1022988
Egln2,37.834488
Shkbp1,20.449438
Ltbp4,3.501149
Sertad3,13.7793045
Prx,0.9735633
Blvrb,2.3103435
Sertad1,4.1275864
2310022A10Rik,12.15058
Akt2,15.296558
Pld3,28.622978
C030039L03Rik,2.7827575
Zfp60,52.80577
Map3k10,2.719538
Gm10046,0.07011494
Zfp59,2.4241366
Zfp607,2.5896552
Zfp780b,5.277012
Zfp850,6.186207
9530053A07Rik,0.20229883
Fbl,1.7770072
Fcgbp,0.02183908
BC089491,0.31494257
Eid2b,6.6586237
Dll3,70.38271
Eid2,3.3586159
Zfp36,3.204597
Paf1,43.997734
Med29,7.0241423
Plekhg2,11.75403
Rps16,3.8379152
Supt5,74.9862
Samd4b,15.504601
AF357399,0.20459771
Ifnl3,0.0022988506
Lrfn1,2.103447
Mir466f-2,0.0011494253
Nccrp1,0.088505745
1700028B04Rik,0.0034482758
Sycn,0.0
Ifnl2,0.0
Mir7049,0.009195402
Fbxo27,1.2034482
Papl,0.0034482758
Rinl,0.47011492
Mrps12,21.348278
Hnrnpl,53.389664
Sirt2,37.816093
Nfkbib,16.758627
Sars2,18.360922
Gm6537,31.081602
Ech1,41.163227
Fbxo17,3.45977
Gm19897,0.33103442
Actn4,64.19656
Lgals7,4.7137938
Capn12,0.5999999
Eif3k,112.12531
Map4k1,1.2827582
Mir1963,0.0
Fam98c,1.6448264
Spred3,1.6678152
Catsperg1,0.12643678
Ggn,0.18045978
Psmd8,136.8183
Rasgrp4,1.0586202
Dpf1,2.9999971
Ppp1r14a,67.15972
Spint2,37.04714
Yif1b,23.85402
2200002D01Rik,0.34597704
Catsperg2,0.0
Mir1964,0.0057471264
Zfp790,16.2023
Zfp420,5.3965516
Zfp30,3.558618
Zfp84,12.201155
Zfp940,7.756321
Zfp27,6.7183895
Zfp74,12.137932
Zfp383,1.8862064
Mir7668,0.0022988506
Zfp82,7.100002
Zfp382,1.7873557
Zfp14,4.959771
Zfp260,49.917274
Zfp566,10.257473
Tbcb,67.821846
Zfp146,5.1988535
Cox7a1,0.3597702
Capns1,17.691977
Polr2i,14.449425
Gm5113,6.672414
Ovol3,0.01724138
Alkbh6,15.186205
Clip3,109.13903
Syne4,1.1459769
Lrfn3,4.4425306
Sdhaf1,19.956316
Aplp1,66.45628
Tyrobp,0.07356322
Arhgap33,24.952873
Hcst,0.0068965517
Prodh2,0.04942529
Nphs1,0.004597701
Nfkbid,1.0770113
Kirrel2,3.4126434
Nphs1os,0.0034482758
Arhgap33os,0.044827588
Upk1a,0.24137929
U2af1l4,17.311495
Cox6b1,135.70114
Zbtb32,0.34367818
Kmt2b,19.160908
Lin37,8.648281
Psenen,1.1689626
Haus5,8.236784
Igflr1,2.1252866
Etv2,0.0034482758
Rbm42,54.14254
Hspb6,1.473563
Mir3569,0.0
2200002J24Rik,0.057471268
Krtdap,0.0
Sbsn,2.0425277
Dmkn,0.0
Tmem147,58.941364
Atp4a,2.6356313
Gapdhs,1.3850553
Cd22,0.21264368
Ffar3,0.0
Mag,0.11609196
Ffar2,0.0011494253
Hamp2,0.0
Ffar1,0.024137931
Fxyd1,4.154019
Hamp,0.01954023
Fam187b,0.07126436
Fxyd5,0.74482745
Fxyd7,1.854023
Lsr,8.943683
Usf2,7.8367867
Mir7050,0.0011494253
Scn1b,0.6747124
Gramd1a,106.17016
Hpn,0.011494253
Fxyd3,1.9793084
Gm10640,0.01954023
Scgb1b2,0.0
Scgb2b2,0.0
Scgb2b3,0.0
Scgb1b3,0.0
Scgb2b7,0.0
Scgb1b7,0.0
Scgb2b12,0.0
Scgb1b29,0.0
Scgb2b15+Scgb2b17,0.0
Scgb2b15+Scgb2b17.1,0.0
Scgb1b19,0.0
Scgb2b19,0.0
Scgb2b20,0.0
Scgb1b20,0.0
Scgb2b23-ps,0.0
Scgb2b24,0.0
Scgb1b24,0.0
Scgb2b26,0.0011494253
Scgb1b27,0.0
Scgb2b27,0.0
Pdcd2l,22.491957
Uba2,115.352905
Wtip,2.255171
Scgb1b30,0.01954023
4931406P16Rik,10.902302
Lsm14a,24.486198
Kctd15,23.498856
Cebpa,0.1862069
Cebpg,14.297697
Lrp3,34.73679
Slc7a10,1.0643674
Gpatch1,10.6931
C230052I12Rik,4.967817
Slc7a9,0.025287356
Cep89,9.551734
Nudt19,14.389652
Ankrd27,11.880458
Pdcd5,7.6793084
Rgs9bp,0.1229885
Dpy19l3,4.891954
E130304I02Rik,0.13678162
Ccne1,16.7069
Plekhf1,0.13103446
1600014C10Rik,9.496556
Pop4,46.773537
Gm5591,0.0
Gm21276,0.0
Gm5114,0.0
Zfp619,2.2873557
4933402C06Rik,0.0
Vstm2b,0.31839085
4930433I11Rik,0.0022988506
Gm4884,0.0
AI987944,4.07816
AW146154,1.4655164
Zfp788,14.554025
Vmn2r58,0.0
Vmn2r59,0.0
Vmn2r60,0.0
Vmn2r61,0.0
Vmn2r-ps60,0.0
4933421I07Rik,0.02183908
9830147E19Rik,2.4045966
Gm5595,3.3137915
Vmn2r62,0.0
Vmn2r63,0.0
Gm9268,0.0011494253
EU599041,0.0
Zfp936,0.020689655
Siglec5,0.06781609
Zfp715,9.841382
Cldnd2,0.0034482758
Iglon5,0.31724137
Lim2,0.0
Nkg7,0.0
Etfb,34.177002
Siglecg,0.016091954
Vsig10l,0.54942524
4931406B18Rik,0.0022988506
Mir7051,0.22643696
Zfp819,0.056321837
Cd33,0.018390805
Zfp719,12.449427
Zfp658,9.734484
Klk14,0.04367816
Klk12,0.0
Siglece,0.05402299
Ctu1,14.30804
Klk13,0.0
2310002F09Rik,0.0
Klk5,0.0
Klk4,0.0057471264
Klk6,0.0
Klk7,0.0
Klk10,0.0
Klk8,0.39999998
Klk9,0.0034482758
Klk1b1,0.0
Klk1b26,0.0
Klk15,0.0022988506
Klk1b9,0.0
Klk1b8,0.0011494253
Egfbp2,0.0
Klk1b11,0.0
Klk1b7-ps,0.0
Klk1b21,0.0
Klk1b22,0.0022988506
Klk1b16,0.014942529
Klk1b27,0.0022988506
Klk1b24,0.0011494253
Acpt,0.0057471264
Klk1b4,0.0022988506
Snord88a,0.03563218
Klk1b5,0.0
Klk1,0.0011494253
Snord88c,0.068965495
Klk1b3,0.0011494253
2410002F23Rik,29.660936
1700028J19Rik,0.2862069
Syt3,0.5482758
Clec11a,1.0425284
1700008O03Rik,0.30689654
Shank1,0.3816091
Spib,0.1597701
Aspdh,0.0022988506
Nr1h2,19.835632
Emc10,42.371273
Pold1,16.239084
Josd2,13.209197
Mybpc2,0.08735633
Lrrc4b,0.22183909
Fam71e1,0.49885055
Mir7052,0.18045981
Mir7053,0.0
Napsa,0.04942528
Kcnc3,0.56896526
Myh14,1.0160917
Izumo2,0.0
Zfp473,1.4586198
Vrk3,20.113794
Atf5,2.094251
Akt1s1,16.46781
Ap2a1,33.12759
Mir707,0.0
Med25,29.97588
Pnkp,9.4597845
Tbc1d17,20.860903
Fuz,3.8701134
Il4i1,0.0034482758
Ptov1,125.13795
Prmt1,66.666695
Cpt1c,13.347128
Irf3,18.365532
Nosip,20.475863
Prr12,12.298862
Prrg2,1.8379304
Rras,1.0080459
Bcl2l12,3.5057416
Scaf1,14.345978
Gm15545,2.3574674
Mir7054,0.022988506
Rpl13a,175.60223
Gfy,0.010344828
Pth2,0.0
Slc17a7,4.113791
Mir5121,0.475862
Fcgrt,0.34252876
Flt3l,0.045977008
Snord35a,0.95402265
Snord32a,0.35862082
Dkkl1,1.7574712
Pih1d1,20.374716
Rps11,133.20456
Mir150,0.018390805
Snord33,0.40804577
Snord35b,0.27126443
Ccdc155,0.25747123
Snord34,0.5218388
Aldh16a1,12.370123
Mir7055,0.016091954
Cd37,0.06781608
Trpm4,1.4045972
1700039E15Rik,0.0011494253
Hrc,0.095402285
Rpl14-ps1,68.88045
Ftl1,202.4655
Lhb,0.0011494253
Lin7b,0.18735634
Mtag2,0.27701154
Gys1,23.43679
Ruvbl2,70.570145
Ntf5,0.052873567
Bax,46.280434
Snrnp70,67.67589
Kcna7,0.0022988506
Bcat2,15.402291
Hsd17b14,0.46091956
Plekha4,0.37701148
Nucb1,23.862072
Ppp1r15a,13.379317
Tulp2,0.6873562
0610005C13Rik,0.10229885
Sphk2,18.259779
Fut1,0.0
Rasip1,2.7218363
Fut2,0.04137931
Car11,15.528744
Rpl18,24.239054
Fgf21,0.0
Sec1,0.4908046
Mamstr,0.7137929
Fam83e,0.074712634
Dbp,2.1045969
Spaca4,0.02183908
Izumo1,0.067816086
Ntn5,0.40919545
Kcnj14,0.09425287
Cyth2,106.850586
Grin2d,0.25632188
Lmtk3,0.42528737
Grwd1,26.158619
Ccdc114,0.85862064
Emp3,1.0747124
Syngr4,0.09310344
Tmem143,0.8919537
Kcnj11,0.37126437
Nomo1,17.755175
Ush1c,0.7310344
Myod1,0.67126435
Saa2,0.004597701
Saa4,0.0
Saa1,0.004597701
Saa3,0.013793103
Saal1,19.20804
Tsg101,60.477028
Ldha,358.96204
Gtf2h1,22.114954
Ldhc,0.12873563
C86187,0.0
Spty2d1,10.103452
Gm9999,0.0
Tmem86a,3.0528727
Ptpn5,1.8022987
Mir7056,0.0011494253
Mrgpra9,0.009195402
Mrgpra1,0.0
Mrgpra2b,0.0
Mrgpra3,0.0
Mrgpra4,0.0
Mrgprx1,0.0068965517
Mrgprb4,0.0
Mrgprb5,0.009195402
Mrgprb1,0.0
Mrgprb8,0.0011494253
Mrgprb2,0.0011494253
Mrgprb3,0.0
Zdhhc13,32.53221
Csrp3,0.22988504
E2f8,3.3954015
Dbx1,0.06666666
Htatip2,0.8333332
Nell1os,0.026436782
4933405O20Rik,0.010344828
Fancf,4.2827587
Svip,44.712643
1700015G11Rik,0.0
Mir6238,0.0011494253
Siglech,0.09540229
Tubgcp5,18.624159
Nipa2,17.57473
Cyfip1,34.13564
Nipa1,5.0459795
Mir6389,0.0
A230073K19Rik,1.2563188
C230091D08Rik,7.1609235
Snord116+Snord116l1+Snord116l2,0.0
Snord116+Snord116l1+Snord116l2.1,0.0
Snord116+Snord116l1+Snord116l2.2,0.0
Snord116+Snord116l1+Snord116l2.3,0.0
Snord116+Snord116l1+Snord116l2.4,0.0
Snord116+Snord116l1+Snord116l2.5,0.0
Snord116+Snord116l1+Snord116l2.6,0.0
Snord116+Snord116l1+Snord116l2.7,0.0
Snord116+Snord116l1+Snord116l2.8,0.0
Snord116+Snord116l1+Snord116l2.9,0.0
Snurf,0.0
Snrpn.2,0.0
Snord64,0.04022988
D7Ertd715e,9.141381
Mir344d-2,0.0
Mir344d-1,0.0
Mir344d-3,0.0
Mir344c,0.03333333
Mir344b,0.0034482758
Mir344e,0.0
Mir344h-1+Mir344h-2,0.0
Mir344h-1+Mir344h-2.1,0.0
Mir344-2,0.010344828
A330076H08Rik,1.7195398
Mir344g,0.039080456
Mir344,0.0068965517
Mir344f,0.0022988506
Mir344i,0.0
Magel2,2.4563212
Ndn,82.18624
Peg12,15.141372
Mkrn3,8.18046
Klf13,60.490784
E030018B13Rik,0.29999998
Mir211,0.0
Mtmr10,5.6827617
Mir6416,0.0
Mphosph10,20.589653
Mcee,6.5931053
Ndnl2,13.635628
Tjp1,8.234485
Tm2d3,14.7183895
1810008I18Rik,0.0
Chsy1,12.983919
Snrpa1,50.170097
Vimp,24.548283
Aldh1a3,0.11034482
Mir7057,0.0
Asb7,11.165517
Cers3,0.17586207
Lysmd4,9.180459
Synm,12.8172455
Ttc23,10.041381
4833412C05Rik,0.0022988506
Pgpep1l,0.0
Gm16157,0.0068965517
Gm5334,0.011494253
Arrdc4,16.677008
4930402F11Rik,0.0
Nr2f2,36.12413
Gm6567,0.011494253
A730056A06Rik,0.0068965517
LOC100505025,0.0
1810026B05Rik,10.152876
Fam174b,15.232185
Gm4971,0.0
Gm10619,0.0022988506
Gm21269,0.004597701
Mir7234,0.0
St8sia2,74.62639
1500012K07Rik,0.045977
Klhl25,64.07934
Mir7-2,0.0
Det1,5.894255
Mrpl46,22.756334
Mrps11,18.591955
Isg20,0.09885057
Acan,0.12873563
Mfge8,16.894257
Hapln3,0.09885057
Rlbp1,0.5321839
AI854517,0.70919544
Mir9-3,0.0011494253
Polg,14.145979
Rhcg,0.040229887
Mesp1,0.0
Pex11a,0.7965515
Plin1,0.03333333
Wdr93,0.10344827
Mesp2,0.12873562
Kif7,4.218389
Ap3s2,44.821827
2610034B18Rik,11.780457
Gm21057,0.020689655
Idh2,97.89537
Cib1,17.65057
Prc1,16.691948
Rccd1,5.0701156
Ttll13,0.067816086
Vps33b,14.266671
Hddc3,4.336783
Ngrn,15.748279
Unc45a,45.703445
Gdpgp1,5.9413776
Furin,2.9655142
Fes,1.2896551
Man2a2,14.762068
Gm15880,0.20804597
Wdr73,24.456308
Nmb,1.6068956
Sec11a,92.58045
Alpk3,0.1356322
Rps17,1.0678142
BC048679,0.0
Ap3b2,41.701153
Fsd2,0.08160919
Mir1839,0.0965517
Whamm,2.8367794
Fam103a1,6.234487
Btbd1,7.6586237
Tm6sf1,0.6344827
Bnc1,0.1724138
Gm20744,0.009195402
Sh3gl3,1.0206895
Fam154b,0.13448276
4933406J10Rik,0.07931034
Mex3b,18.371271
Tmc3,0.25287357
Stard5,3.2919524
Il16,0.077011496
Mesdc1,7.534485
1700026D08Rik,0.0
Mesdc2,44.986214
Fah,1.043678
2610206C17Rik,0.81379235
Olfr290,0.0
Olfr291,0.0
Vmn2r65,0.0
Vmn2r66,0.0
Vmn2r67,0.0
Vmn2r68,0.0
Vmn2r69,0.0
Vmn2r70,0.0
Vmn2r71,0.0
Vmn2r72,0.0011494253
Vmn2r74,0.0
Vmn2r73,0.0
Vmn2r75,0.0011494253
Olfr307,0.0
Olfr305,0.0
Olfr308,0.0
Olfr310,0.0
Olfr309,0.0
Olfr303,0.0
Olfr301,0.0
Olfr304,0.0
Olfr299,0.0
Olfr298,0.0
Olfr295,0.0
Olfr297,0.0022988506
Olfr294,0.0
Olfr292,0.0
Olfr293,0.0
Vmn2r77,0.0
Vmn2r78,0.0
Tyr,0.004597701
Ctsc,1.5333332
Fzd4,0.22068964
Prss23,1.263218
AI314278,0.014942529
Ccdc81,0.13218391
Eed,15.209195
l7Rn6,17.873564
2310010J17Rik,0.22988501
Ccdc83,0.0022988506
Ccdc89,1.0413795
Tmem126b,7.795409
Tmem126a,17.596554
Crebzf,10.563223
Ccdc90b,11.047132
Ankrd42,3.1896546
4632427E13Rik,5.1356363
Ddias,4.035631
Fam181b,2.8517227
Mir708,0.058620673
Mir6394,0.042528734
Gm15412,1.0850574
Gm15413,1.041379
Usp35,6.025289
Kctd21,5.549426
Thrsp,0.07126437
Kctd14,0.43563217
Ndufc2,45.066673
Aamdc,5.6379323
Clns1a,121.230965
Aqp11,0.9091953
Myo7a,9.664371
Omp,0.10689655
B3gnt6,0.0
Gm16938,0.035632186
Tsku,2.9333298
Gucy2d,0.012643678
Lrrc32,0.17586209
2210018M11Rik,30.617258
Prkrir,21.104618
Wnt11,0.2321839
Dgat2,4.6333327
Map6,38.94944
LOC381967,0.011494253
Gdpd5,56.32184
Snord15b,0.3229885
Snord15a,0.08965517
Klhl35,6.843678
Mir326,0.0022988506
Arrb1,9.360924
Gm4980,1.6804595
Olfr520,0.014942529
Slco2b1,0.0057471264
Mir3965,0.0
Spcs2,79.27586
Olfr521,0.0022988506
Neu3,0.88390774
Rnf169,8.024141
Pold3,14.311494
Kcne3,0.04597701
Gpx2-ps1,0.39770114
Lipt2,9.039079
P4ha3,0.4701149
Ppme1,76.693054
Ucp3,0.0
Dnajb13,0.028735632
Ucp2,18.296553
Rab6a,98.68049
Mrpl48,8.090807
Plekhb1,0.77126396
Coa4,3.7436764
Relt,1.447126
Mir3102,0.034482755
P2ry2,3.602298
P2ry6,3.2425282
Atg16l2,3.9551706
Stard10,1.8229878
Arap1,4.6804595
Art2a-ps,0.0068965517
Mir139,0.0011494253
Inppl1,16.351725
Phox2a,0.058620688
Tomt,2.293102
Lrrc51,2.2988503
Folr1,0.022988506
Lamtor1,18.12874
Anapc15,6.780462
Art5,4.2839074
Il18bp,2.3977008
Xntrpc,0.0
Xndc1,3.522986
Rnf121,8.229888
Trpc2,0.0
Xntrpc.1,0.0
Chrna10,0.12298851
Nup98,24.77357
Rhog,10.967818
Olfr544,0.0
Olfr545,0.0057471264
Rrm1,108.306885
Olfr543,0.18505748
Olfr551,0.0
Olfr552,0.0
Olfr553,0.0
Olfr550,0.0
Trim21,0.23563218
Olfr547,0.0
Olfr549,0.0
Olfr557,0.0
Olfr556,0.0
Olfr554,0.009195402
Olfr559,0.0
Olfr558,0.2781609
Olfr78,0.73448277
Olfr555,0.0
Trim68,6.0068946
Olfr33,0.0
Olfr560,0.029885057
Olfr564,0.028735632
Olfr568,0.0
Olfr569,0.0
Olfr561,0.037931032
Olfr566,0.027586207
Olfr574,0.0
Olfr575,0.0
Olfr577,0.0
Olfr571,0.014942529
Olfr578,0.0
Olfr572,0.0
Olfr570,0.0
Olfr576,0.0
Olfr586,0.008045977
Olfr585,0.0
Olfr584,0.0
Olfr582,0.0
Olfr583,0.0
Olfr589,0.0
Olfr593,0.0
Olfr594,0.0
Olfr592,0.0
Usp17ld,0.0
Olfr591,0.0
Olfr603,0.0
Olfr599,0.0
Olfr601,0.0
Olfr596,0.0011494253
Olfr600,0.0
Olfr597,0.0
Olfr598,0.0
Olfr606,0.0
Olfr612,0.0
Usp17lc,0.0
Olfr611,0.0
Olfr609,0.0
Olfr610,0.0
Olfr608,0.0
Olfr605,0.0
Olfr618,0.0
Olfr620,0.0
Olfr616,0.0
Olfr617,0.0
Olfr619,0.0
Olfr615,0.0
Olfr622,0.0
Olfr623,0.0057471264
Olfr613,0.0
Olfr624,0.0
Olfr69,0.0
Olfr629,0.0
Olfr68,0.0
Olfr67,0.0
Olfr628,0.0
Olfr630,0.0
Olfr243,0.0
Olfr66,0.0
Olfr64,0.004597701
Olfr632,0.0022988506
Olfr631,0.0
Hbb-bh1,8.488504
Hbb-b2+Hbb-bt,3.216089
Hbb-bs,0.0
Hbb-bh2,0.0
Hbb-b1,0.0
Olfr65,0.0
Hbb-y,63.596554
Olfr635,0.0
Olfr642,0.0
Olfr639,0.0
Olfr643,0.0
Olfr641,0.0
Olfr638,0.0
Olfr640,0.0
Olfr644,0.0
Olfr633,0.0
Olfr645,0.0
Ubqlnl,0.0
Olfr648,0.0
Olfr646,0.018390805
Olfr649,0.0
Ubqln3,0.0
4931431F19Rik,0.0
E030002O03Rik,0.0
Trim34a,0.01954023
Trim6,0.6862069
Trim12a,0.025287356
Gm15133,0.0
Trim12c,0.03908046
Trim30b,0.0
Olfr651,0.0022988506
Olfr652,0.0
Olfr653,0.0022988506
Trim30d,0.0
Olfr654,0.0
Trim30e-ps1,0.0
Olfr658,0.026436782
Olfr659,0.0022988506
Olfr656,0.0
Olfr657,0.0
Olfr655,0.013793103
Olfr661,0.0
Olfr663,0.0
Usp17le,0.0
Usp17lb,0.0
Olfr667,0.0
Olfr665,0.0
Olfr668,0.0
Olfr669,0.0
Olfr670,0.0
Olfr666,0.0
Olfr671,0.0
Olfr676,0.0
Olfr672,0.0
Olfr679,0.0
Olfr678,0.0
Olfr677,0.0
Olfr675,0.0
Olfr683,0.0
Olfr686,0.0
Olfr684,0.0011494253
Olfr685,0.0
Olfr681,0.0
Olfr691,0.0068965517
Olfr690,0.0
Olfr689,0.0
Olfr692,0.0057471264
Gm5901,0.0
Olfr688,0.0
Cckbr,0.0
Cnga4,0.0
Prkcdbp,1.0160921
Smpd1,27.27587
Arfip2,30.939075
Trim3,14.318393
Apbb1,70.23219
Hpx,0.2574713
Timm10b,17.732185
Taf10,6.429889
Ilk,39.1747
Rrp8,21.713787
Tpp1,28.944836
Gm15645,0.0
Mrpl17,33.10461
Gm17757,0.0
Gm18853,0.0
Gm8989,0.0
Gm8979,0.0
Gm17757.1,0.0
Gm18853.1,0.0
Gm8989.1,0.0
Olfr694,0.0
Gm1966,0.022988506
Olfr693,0.0
Olfr695,0.0022988506
Olfr697,0.0
Olfr698,0.0
Olfr700,0.0
Olfr699,0.0
Olfr701,0.0
Olfr710,0.0
Olfr705,0.0
Olfr706,0.0
Olfr703,0.0
Olfr704,0.0
Olfr1532-ps1,0.0
Olfr707,0.0
Olfr711,0.0
Olfr713,0.0
Olfr714,0.0
Olfr6,0.0068965517
Olfr2,0.0
Rbmxl2,0.0
Gm10081,0.0
Olfr17,0.0
Olfr715,0.0
Olfr716,0.0
Nlrp14,0.01954023
Olfml1,0.27126434
Cyb5r2,0.027586207
Olfr469,0.0
Ovch2,0.0
Olfr467,0.0
Olfr470,0.0
Olfr476,0.0
Olfr474,0.0
Olfr477,0.0
Olfr473,0.0
Olfr472,0.0
Olfr478,0.0
Olfr481,0.0
Olfr480,0.0
Olfr482,0.0
Olfr484,0.0
Olfr483,0.0011494253
Olfr479,0.0
Olfr486,0.0
Olfr488,0.0
Olfr487,0.0
Olfr485,0.0
Olfr490,0.0
Olfr492,0.0
Olfr493,0.0
Olfr494,0.0
Olfr491,0.0011494253
Olfr495,0.042528734
Olfr498,0.0011494253
Olfr502,0.0
Olfr497,0.0
Olfr507,0.0
Olfr509,0.0
Olfr506,0.0
Olfr504,0.0057471264
Olfr503,0.0
Olfr508,0.0
Olfr512,0.0
Olfr513,0.0
Olfr510,0.0
Olfr518,0.0
Olfr516,0.0
Olfr519,0.0
Olfr514,0.0
Olfr517,0.0
Eif3f,197.73216
Tub,29.84712
Nlrp10,0.027586207
Lmo1,2.8827574
Trim66,0.23103449
Snora3,0.4919541
Rpl27a,23.294256
Tmem9b,23.029896
Nrip3,0.07816092
Ascl3,0.0011494253
BC051019,0.058620695
Dennd5a,61.993073
1600010M07Rik,0.0011494253
Zfp143,17.542538
Tmem41b,7.6965594
Ipo7,30.855177
Snora23,0.08505744
Wee1,6.8160925
Adm,0.21264368
Ampd3,1.947126
Rnf141,4.3045945
Snord53,0.0
Lyve1,1.0149424
Gm16336,0.03333333
Eif4g2,793.3591
Ctr9,103.24141
1700012D14Rik,0.15977013
Dkk3,0.96436787
Micalcl,0.08160919
Rassf10,0.37931034
Btbd10,20.497704
Pth,0.0
Far1,27.01956
Rras2,8.257473
Copb1,61.527596
Psma1,158.41272
4933406I18Rik,0.024137931
Calca,0.112643674
Calcb,0.018390805
1110004F10Rik,65.15521
1700003G18Rik,0.008045977
Rps13,1.3988459
Rps15a,54.074707
Arl6ip1,71.33679
4930583K01Rik,0.027586207
Syt17,0.03333333
Coq7,24.16552
Tmc7,5.156326
Ccp110,14.291964
Gde1,48.598827
Knop1,60.657467
Gprc5b,2.8770108
Umod,0.0011494253
Gp2,0.0057471264
Pdilt,0.02183908
Acsm2,0.0022988506
Acsm1,0.009195402
Acsm3,0.01724138
Acsm4,0.013793103
Eri2,7.8241434
Thumpd1,51.462086
Lyrm1,2.024138
Dcun1d3,7.270117
Zp2,0.0011494253
Anks4b,0.0
Tmem159,9.348279
Abca15,0.02183908
Uqcrc2,75.52533
E130201H02Rik,0.8977005
Pdzd9,0.1275862
Vwa3a,0.09195402
Polr3e,13.972409
Mettl9,72.466644
4933427G17Rik,0.055172414
Igsf6,0.21839078
Hs3st2,2.1
4933432K03Rik,0.026436782
Usp31,21.69542
Gga2,59.829895
Cog7,22.98393
Ubfd1,76.27931
Palb2,2.4436767
Ndufab1,3.1655078
Dctn5,74.81145
Ears2,6.0057507
Chp2,0.0
Plk1,17.59541
Ern2,0.0011494253
Rbbp6,37.16439
4930413G21Rik,0.39885047
Tnrc6a,35.85749
Slc5a11,0.0022988506
Lcmt1,21.518389
Aqp8,0.01724138
Zkscan2,3.374712
4930571K23Rik,0.042528737
4933440M02Rik,0.03908046
Nsmce1,31.766674
Kdm8,5.9310346
Il21r,0.0
Xpo6,45.80231
Sbk1,133.16095
Sh2b1,26.424145
Nfatc2ip,0.43793115
Lat,0.36206895
Cd19,0.009195402
Atp2a1,1.0701147
Spns1,40.251728
Rabep2,8.849433
Mir7058,0.010344828
Tufm,6.471263
Il27,0.004597701
Eif3c,128.62648
Cln3,7.386208
Atxn2l,50.92298
Apobr,0.0954023
Mir7059,0.0034482758
Ccdc101,10.62414
Coro1a,29.74712
Nupr1,0.028735632
Sult1a1,0.05862069
Bola2,18.747118
Slx1b,11.132188
Fam57b,1.8471259
Aldoa,178.04372
Ypel3,18.116114
Ppp4c,84.84489
Hirip3,7.031036
4930451I11Rik,0.0011494253
Tbx6,0.24827588
Doc2a,6.155173
Mapk3,26.119545
Gdpd3,0.21264368
Ino80e,6.5310388
Kctd13,15.41724
Tmem219,3.6494234
Sez6l2,12.098847
Asphd1,0.24137932
Cdipt,48.248238
AI467606,0.103448264
Spn,0.07701149
Prrt2,0.9011493
Maz,25.60115
Pagr1a,34.024155
Zg16,0.0011494253
Qprt,0.3448276
Kif22,24.15633
Mylpf,2.5264354
Zfp771,10.791961
Sept1,1.5402291
Dctpp1,17.919537
Zfp553,28.324139
Gm4532,1.4551706
Tbc1d10b,15.034488
Cd2bp2,47.89424
Itgal,0.1091954
Zfp768,7.391957
Sephs2,21.940239
Mir684-1.3,0.0
9130019O22Rik,2.468964
E430018J23Rik,2.5885053
Zfp747,3.095401
Zfp764,2.9459772
Zfp688,5.3666687
Snora30,0.08735632
Fbrs,12.642533
Zfp689,9.895402
Prr14,24.690811
1700008J07Rik,2.2310314
Mir7060,0.13218391
1700120K04Rik,0.16436782
Phkg2,9.354028
Zfp629,23.256327
Rnf40,24.935617
Gm166,2.359768
Bcl7c,2.45172
Ctf2,0.0022988506
Fbxl19,5.2655196
Mir762,0.0
Ctf1,3.0977
Orai3,8.171266
Stx1b,0.832184
Bckdk,35.819553
Zfp646,15.834485
Kat8,16.867825
Stx4a,3.0816073
Prss53,0.6712643
Hsd3b7,1.8977009
Vkorc1,12.166666
Zfp668,19.204594
Fus,34.15057
Pycard,0.743678
Prss36,2.2563207
Trim72,0.037931032
Itgam,1.0977013
Itgax,0.009195402
Slc5a2,0.035632186
Mir3103,0.0
Tgfb1i1,21.84598
Cox6a2,0.11609195
9130023H24Rik,6.504597
Armc5,10.8804655
BC017158,8.0046
4931431B13Rik,0.0
Rgs10,9.233338
Bag3,4.222986
Inpp5f,17.754034
Sec23ip,33.348293
Gm4265,0.0034482758
Fgfr2,5.0367813
Nsmce4a,39.35518
Plekha1,26.301144
Mir7061,0.08620685
4933402N03Rik,0.0011494253
1700029B22Rik,0.0
1700007K09Rik,0.0
Cuzd1,0.004597701
Acadsb,12.325288
2310057M21Rik,8.850575
Pstk,7.7114964
Fam24a,0.0022988506
Ikzf5,8.8586235
Bub3,85.903404
Hmx2,0.040229887
Hmx3,0.008045977
Gpr26,0.012643678
Gm10584,0.40114936
Oat,54.27931
Nkx1-2,1.2482759
Fam175b,16.844831
Mettl10,13.834481
Zranb1,8.8379345
4930483O08Rik,0.018390805
Edrf1,17.337929
Tex36,0.0
Mmp21,0.114942536
Dhx32,13.168966
Bccip,35.770107
Fam196a,1.0850573
1700120G07Rik,0.0068965517
Nps,0.0
Foxi2,0.0022988506
Mir1962,0.0
5830432E09Rik,0.013793103
Mki67,45.537933
C230079O03Rik,0.011494253
Gm10578,1.382758
9430038I01Rik,4.2356305
Glrx3,30.794252
Gm12669,0.0
Ppp2r2d,16.533337
Mapk1ip1,5.7321854
Bnip3,6.501152
Dpysl4,325.00244
Lrrc27,1.2528733
Pwwp2b,4.932184
Nkx6-2,0.10804597
E030019B06Rik,0.06091954
Mir6401,0.0
6430531B16Rik,0.07931034
Utf1,0.0011494253
Mir202,0.0
Kndc1,0.14367817
Mir7686,0.0
Msx3,0.24252874
Fuom,1.6735628
Caly,0.14827587
Prap1,0.0034482758
Tubgcp2,26.536789
Zfp511,8.562065
Mir7062,0.013793103
Olfr522,0.0
Sprn,0.35747123
Olfr523,0.0
Mtg1,10.600001
Cd163l1,0.0057471264
Olfr524,0.0
Paox,0.6724136
Olfr525,0.0
5830411N06Rik,0.0022988506
Olfr60,0.0057471264
Olfr530,0.0
Olfr527,0.0
Olfr536,0.004597701
Olfr532,0.0
Olfr535,0.0
Olfr531,0.0
Olfr533,0.0
Olfr61,0.0
Olfr46,0.0
Olfr538,0.0
Olfr45,0.0
Olfr541,0.0
Olfr539,0.0
Olfr53,0.0
Ric8,54.218395
Scgb1c1,0.0
Sirt3,5.24828
Psmd13,90.52189
Syce1,0.04942529
Odf3,0.010344828
Cox8b,0.032183908
Urah,0.07356322
Bet1l,8.870112
C330022C24Rik,0.004597701
Zfp941,4.0045967
Ifitm5,0.52873564
Nlrp6,0.04367816
Ifitm1,0.2022989
Ifitm6,0.0
Ifitm2,64.58394
Athl1,8.182761
BC024386,0.059770107
Ifitm3,0.42643675
B4galnt4,10.325292
Pkp3,0.44022992
Ptdss2,29.762072
Ano9,0.024137931
Sigirr,0.09310345
Irf7,0.22068964
Hras,17.894249
Phrf1,47.21264
Lrrc56,2.1275854
Cdhr5,0.07931034
Drd4,0.19195402
Sct,1.4344826
Lmntd2,1.1827583
Mir210,0.0
Rassf7,7.748275
Taldo1,76.65749
Tmem80,5.589658
Deaf1,22.3253
Pddc1,20.813795
Eps8l2,0.3494253
B230206H07Rik,0.01954023
Chid1,14.304599
Rplp2,43.13791
Tspan4,6.9804616
Pnpla2,11.014942
Slc25a22,26.051731
Pidd1,8.431037
Snora52,0.30919546
Cd151,50.15173
Polr2l,4.333337
Efcab4a,0.31954023
Muc6,0.5528737
Ap2a2,68.28391
Gm16982,0.5298849
Mir7063,0.091953956
Muc5ac,0.020689655
Muc2,0.3275862
Muc5b,0.035632186
Tollip,59.545925
Mob2,20.793087
Mir3104,0.025287356
Krtap5-3,0.0
Krtap5-2,0.0
Krtap5-4,0.0
Krtap5-1,0.0
Gm4559,0.0
Krtap5-5,0.0
Syt8,0.0022988506
Tnni2,0.037931032
Ctsd,85.960945
Tnnt3,0.1896552
Mrpl23,0.49770093
Nctc1,0.0057471264
Mir675,0.0
H19,75.73914
Prr33,0.07241379
Ins2,0.044827588
Igf2,28.512655
Igf2os,0.08850572
Mir483,0.0
Ascl2,0.039080463
Th,35.32183
Tspan32,0.16206895
Trpm5,0.05517241
Cd81,80.94825
Tssc4,23.720688
R74862,4.643679
4933417O13Rik,0.02183908
Slc22a18,0.04137931
Phlda2,0.07241379
Cdkn1c,193.52647
Cars,23.855183
Tnfrsf22,0.78045964
Tnfrsf26,0.121839084
Mir7064,0.0
Tnfrsf23,0.05747126
Osbpl5,19.813799
Mrgprg,0.0011494253
Mrgpre,0.96551716
Nadsyn1,5.5333357
Dhcr7,33.5655
Mir6404,0.0
Ppfia1,16.357483
Fadd,3.1505735
Oraov1,17.679321
Fgf3,0.1402299
Fgf15,0.3643678
Mir3962,0.0
Ccnd1,32.0483
Fgf4,0.0022988506
1810010D01Rik,0.03908046
Tpcn2,3.6367805
Mrgprd,0.04367816
Mrgprf,0.0
Galntl6,0.114942536
Csmd1,0.018390805
Tacc1,7.629896
2810404M03Rik,0.0
1700007B14Rik,0.06666666
Cmip,36.344845
Pcnxl2,0.16551724
Fam155a,0.1954023
Dlgap2,0.83908033
Spaca7,0.0
Rasa3,7.4275856
Myo16,1.5689648
Cars2,7.190805
Atp7b,0.643678
Ank1,0.22528736
Agpat5,15.436786
Gm21119,0.0
Eif4ebp1,8.689654
Slc7a2,0.43448275
Sgcz,0.7172414
Mir669e,0.0
Mfhas1,7.741387
Dlc1,28.005749
B930018H19Rik,0.0022988506
Stox2,17.48507
Tenm3,26.247133
Spcs3,27.717245
Palld,8.529892
March1,0.4206896
Trim60,0.0
Sugp2,18.927603
Myo9b,20.494251
Eps15l1,41.74943
Inpp4b,0.3551724
Abce1,69.65057
Slc10a7,7.9344864
Mast1,52.270138
Phkb,12.721842
Rpgrip1l,5.7252884
Ces1g,0.0011494253
Gtl3,26.570108
Sntb2,4.6218386
Cdh11,18.031042
Pskh1,18.79081
Vat1l,10.679313
Wwox,4.485059
Mbtps1,73.910355
Zcchc14,33.9184
Gins2,6.3609204
Cbfa2t3,13.202292
Cdh13,0.6057471
Insr,52.233334
Arhgef18,12.160923
Pnpla6,15.521845
Ccl25,4.0045967
Efnb2,16.485062
9530052E02Rik,0.0068965517
Col4a1,19.117252
Col4a2,18.35862
B930025P03Rik,0.0011494253
Arhgef7,51.981598
1700016D06Rik,0.029885057
Mcf2l,25.473576
Adprhl1,0.08275862
Cul4a,42.890804
Gm15348,0.0
Atp11a,13.521839
Tfdp1,23.57127
Cdc16,103.81611
Arhgef10,2.3298829
Myom2,0.0011494253
Mcph1,8.221842
Kat6a,29.543684
Ikbkb,32.58964
Slc20a2,9.850576
Nek3,4.252874
Mrps31,10.404599
Agpat6,68.6449
Zmat4,1.1379309
Adam5,0.4045977
Adam18,0.0
Htra4,0.41839084
Adam32,0.04712644
Whsc1l1,22.500021
Hook3,25.314936
Hgsnat,15.000005
Fgfr1,40.581593
Ash2l,69.686226
1700047A11Rik,0.113793075
Chrnb3,0.0022988506
Unc5d,1.7471261
Fut10,8.88161
Nrg1,11.429884
Wrn,4.325287
Gm3985,0.03678161
Rbpms,3.370112
Gsr,12.0528755
Tnks,11.247141
Tusc3,23.16896
Msr1,0.0022988506
Gm6213,0.0
Micu3,6.654027
Cnot7,68.268974
Mtmr7,5.0402317
Mtus1,5.2034483
Pcm1,54.077023
Fat1,11.713791
Sorbs2,1.1643676
Sorbs2os,0.06091954
Fam149a,4.042528
Irf2,1.722988
Enpp6,0.0011494253
Acsl1,5.76437
Dctd,17.126444
Cdkn2aip,21.791952
Wwc2,9.131036
Vegfc,0.48850578
Neil3,2.425287
Gpm6a,1.0011493
Wdr17,1.0528734
Glra3,0.0
Galnt7,5.628734
Clcn3,26.545982
Sh3rf1,3.2494233
Nek1,19.736792
Ddx60,0.004597701
Spock3,2.0781605
Tll1,0.032183908
Cpe,135.85529
Klhl2,9.244829
Nat2,1.237931
Psd3,21.70461
Sh2d4a,0.12873563
Csgalnact1,0.042528734
Ints10,60.57244
Slc18a1,0.31149426
Gatad2a,43.486217
Pbx4,2.0999992
Map1s,24.59886
Kxd1,15.802298
Mast3,10.391958
Pgpep1,47.179344
Crtc1,11.012648
B3gnt3,0.0011494253
Nxnl1,0.0
Zfp961,8.560925
Fam32a,79.76669
Slc35e1,16.026442
Large,7.996556
Sin3b,51.498886
Arhgap10,2.524135
Gm10649,0.0
Nr3c2,0.06551725
Ttc29,0.008045977
Gm4890,0.60459757
Zfp827,14.109203
Usp38,20.254026
Gab1,11.126446
Tbc1d9,92.49539
4933434I20Rik,0.0022988506
Rnf150,16.473562
4930432K21Rik,0.6724137
Cacna1a,7.380465
Nacc1,7.280467
Mylk3,0.17586207
Itfg1,44.575855
Fbxw9,10.454026
Lonp2,29.43218
Abcc12,0.018390805
Zfp423,20.231033
Papd5,5.8850613
Cyld,10.188512
Brd7,34.359776
Rbl2,7.1115
Tox3,17.843685
Chd9,27.087355
Fto,49.916073
Ces1d,0.0011494253
Ces1b,0.0
Gnao1,22.76897
Nup93,45.63679
Amfr,33.87816
Nlrc5,0.03333333
Cngb1,0.027586207
Gpr97,2.7413776
Rspry1,19.910349
Ccdc113,0.014942529
4930513N10Rik,0.7988503
Cdh8,0.1954023
4933400L20Rik,0.0
Ccdc79,0.043678157
Bean1,2.2954025
Mir297-2,0.0
Pdp2,16.579327
Ranbp10,21.280466
Plekhg4,0.25172412
Ctcf,26.5115
D230025D16Rik,13.320698
Dus2,6.445978
Tango6,5.86437
Smpd3,50.60916
Nfat5,11.645976
Wwp2,31.634502
Terf2,7.9356356
Mir466g,0.0
Zfhx3,10.483921
Zfp821,23.724134
Ap1g1,40.557472
Hp,0.022988506
Ddx19b,10.720692
Fuk,7.5494266
Il34,0.028735632
Vac14,13.951734
Hydin,0.22758622
Rfwd3,13.196562
Znrf1,20.440233
Cfdp1,80.65403
Cntnap4,2.3287356
Mon1b,11.688509
Adamts18,0.0034482758
Clec3a,0.008045977
Pkd1l2,0.018390805
Cdyl2,11.67586
Gan,1.7321835
4930563M20Rik,0.0
Cmc2,7.3862095
Hsd17b2,0.0034482758
Plcg2,3.6735625
Mlycd,6.3977036
Usp10,51.91149
Wfdc1,0.116091944
Banp,16.829885
Slc7a5,20.84598
Jph3,19.22415
Zfpm1,1.4057468
Chmp1a,23.191956
Ankrd11,55.519554
Spg7,20.171276
Acsf3,10.674714
Spire2,4.066664
Galnt2,21.249437
Pgbd5,3.6758618
2310022B05Rik,20.412643
Egln1,10.188508
Sipa1l2,6.833336
Disc1,0.2034483
Slc35f3,0.037931032
Pard3,73.514915
Itgb1,105.465515
Nrp1,128.14597
1700008F21Rik,0.0057471264
A430078G23Rik,0.004597701
1700019B03Rik,0.04597701
Zfp358,31.390793
Mcoln1,19.434483
Pex11g,1.3425286
C330021F23Rik,0.31379312
Retn,0.012643678
Stxbp2,6.4241395
Camsap3,7.780462
Mcemp1,0.01724138
Xab2,44.57819
Pcp2,0.03678161
Pet100,8.060926
Fcer2a,0.03448276
Cd209a,0.0022988506
Trappc5,25.334478
Clec4g,0.020689655
Cd209b,0.0
Cd209e,0.0011494253
Cd209d,0.0
Rprl3,0.057471238
Cd209c,0.0022988506
Cd209f,0.0
Cd209g,0.0
Evi5l,4.3528748
Map2k7,21.764376
BC068157,26.205755
Elavl1,107.17813
Snapc2,16.480463
Timm44,26.044827
Lrrc8e,0.020689655
Tgfbr3l,0.35172418
Ctxn1,82.666664
Cers4,24.468973
Zfp958,7.9390836
Shcbp1,14.293108
Slc10a2,0.0
Arglu1,25.30002
Mir7654,0.0
4933430N04Rik,0.0
4930453L07Rik,0.06666667
Abhd13,13.29081
Tnfsf13b,0.03908046
Lig4,8.851727
Irs2,20.989672
3930402G23Rik,0.042528734
4833411C07Rik,0.0057471264
Rab20,0.004597701
Carkd,33.435642
Ankrd10,65.160934
Ing1,10.952879
Mir7238,0.0
Gm6524,1.1528704
Tex29,0.087356314
Sox1,0.07241379
Gm5607,0.014942529
Tubgcp3,25.319555
Gm15350,0.031034483
Pcid2,35.850594
F10,0.34827584
F7,0.52988505
Proz,0.22988506
Mir1968,0.0
Grtp1,2.2712638
Lamp1,121.195335
Mir7065,0.10114936
Tmco3,20.283903
Dcun1d2,15.840232
Atp4b,0.03333333
Tmem255b,0.0
Gas6,5.756322
Grk1,0.04942529
1700029H14Rik,0.01724138
4932443I19Rik,0.037931032
Coprs,12.036787
AF366264,0.013793103
Upf3a,11.944831
Champ1,25.057472
Fbxo25,14.283916
Tdrp,1.6344825
Erich1,10.300002
Cln8,11.874715
BB014433,0.0
Kbtbd11,0.55057466
Mir3106,0.0
Angpt2,1.2643675
Defb40,0.0
Xkr5,0.621839
Defb37,0.0
Defb34,0.0
Defb39,0.0
Defb12,0.0
Defb38,0.0
Defb14,0.0
Defb4,0.0
Defb6,0.0
Spag11b,0.0011494253
Defa-ps12,0.0
Defb46,0.0
Spag11a,0.0011494253
Defb5,0.0
Defb3,0.0011494253
Defa-ps13,0.0
Defb7,0.0
Defb8,0.0
4930467E23Rik,0.0
6820431F20Rik,0.3655174
2610005L07Rik,0.05632183
Gm15319,0.0011494253
Gm21119.1,0.0011494253
Gm15056,0.0
Gm21944,0.0
Defb33,0.0
Gm6040,0.0
AY761185,0.0
Defa21,0.0
Defa-rs7,0.0
Defa25,0.0
Defa4,0.0
Gm14851,0.0
Gm10104,0.0
Defa23,0.0
Defa22,0.0
Defa-rs7.1,0.0
Gm15293,0.0
Gm15284,0.0
Defa23.1,0.0
Gm15299,0.0
Defa3,0.0
Defa5,0.0
Defa-rs1,0.0
Gm15292,0.0
Gm7861,0.0
Gm21498,0.0
Gm21002,0.0
Gm14850,0.0
Gm7849,0.0
Defa2,0.0
Gm7861.1,0.0
Gm21498.1,0.0
Gm14850.1,0.0
Gm15308,0.0
Defa20,0.0
Gm7849.1,0.0
Defa26,0.0
Gm6696,0.0
Gm15315,0.0
Defa17,0.0
Defa6,0.0
AY761184,0.0
Defa24,0.0
Defa-ps1,0.0
Defb2,0.0
Defb10,0.0
Defb9,0.0
Defb50,0.0
Defb1,0.0
Ccdc70,0.0011494253
Defb13,0.0
Defb15,0.0
Defb11,0.011494253
Defb35,0.0011494253
C86695,0.009195402
Alg11,15.716086
Nek5,0.010344828
Thsd1,0.50919545
Ckap2,10.178171
Vps36,19.673555
Tpte,0.0068965517
Slc25a15,3.7701156
1810012K16Rik,0.050574712
Smim19,4.522988
Dkk4,0.009195402
Vdac3,24.070091
Polb,33.398846
A930013F10Rik,2.9942515
Plat,4.9206896
Ap3m2,13.063217
Nkx6-3,0.0011494253
Mir486,0.0
Gm15816,0.04827586
Mir3107,0.0
Gins4,29.919546
Golga7,17.617247
Sfrp1,3.804596
1810011O10Rik,8.814944
Mir1957a.1,0.0
Ido2,0.093103446
Ido1,0.0011494253
Adam3,0.0022988506
Adam9,11.662067
Tm2d2,66.62647
Plekha2,1.7724135
Mir8108,0.0
5430421F17Rik,0.0011494253
LOC102633315,0.14827591
Letm2,1.972413
Bag4,13.947132
Lsm1,18.742523
Ddhd2,24.318386
Star,1.9517239
Ppapdc1b,4.4218388
Kcnu1,1.3988503
Pomk,10.910351
Fnta,40.78965
Thap1,5.242529
Rnf170,1.9747112
2310008N11Rik,0.0022988506
Zfp703,2.7793083
Prosc,16.70805
Erlin2,18.171278
Brf2,4.3241367
Gpr124,0.831034
Got1l1,0.49885055
4933416M07Rik,0.01724138
Adrb3,0.0
Rab11fip1,0.9827587
Gm9731,0.0034482758
Tex24,0.0
Chrna6,0.009195402
Poteg,0.0034482758
Gm8096,0.004597701
4933433F19Rik,0.0
Tti2,11.347131
Rnf122,56.775867
Mak16,32.291958
Dusp26,16.08736
7420700N18Rik,0.0011494253
Gm8179,0.104597695
Purg,4.255173
Hmgb1-rs17,0.07816087
Ppp2cb,13.612648
Ubxn8,6.840231
Tex15,0.24367817
Gtf2e2,50.275864
Smim18,3.0896542
Leprotl1,30.647133
Tmem66,78.204575
Mboat4,0.08390805
Mir6395,0.012643678
Dctn6,31.250582
Dusp4,8.333334
Ppp1r3b,0.14252873
Eri1,19.937925
Gm16793,0.04137931
5430403N17Rik,0.01724138
Cldn23,0.08965516
D8Ertd82e,4.9080467
Lonrf1,1.5712639
6430573F11Rik,0.47471264
AI429214,0.36551723
Mir383,0.0
Fgf20,0.0
Mir7666,0.018390805
Zdhhc2,1.5609193
Vps37a,14.290809
Adam25,0.0
Adam24,0.0
Adam20,0.0
Adam39,0.0
Pdgfrl,0.09655173
B430010I23Rik,0.17011495
Fgl1,0.22068965
Asah1,39.834488
Frg1,27.726429
Triml1,0.0011494253
Triml2,0.0
Zfp42,0.03678161
Adam26b,0.0
Adam26a,0.0
Gm5346,0.0011494253
Adam34,0.0
Gm5347,0.0011494253
Mtnr1a,0.25172415
AY512931,0.0
Gm6329,0.0
F11,0.0
Cyp4v3,0.10804597
Klkb1,0.031034483
Tlr3,0.050574712
Ufsp2,20.812664
Pdlim3,0.43218392
Ccdc110,0.03333333
Ankrd37,3.2827578
1700029J07Rik,1.2310343
Snx25,2.3528726
Lrp2bp,0.10114944
Slc25a4,213.94714
4933411K20Rik,7.790811
Helt,0.0
Casp3,108.80001
Cenpu,2.655171
Primpol,2.75747
Gm16675,0.022988506
Trappc11,24.749437
Rwdd4a,19.354021
Ing2,2.5011477
Cldn22,0.03333333
Cldn24,0.0
Gm2516,0.0022988506
Aga,4.742531
Spata4,0.0022988506
Asb5,0.0
Adam29,0.0
Hpgd,0.18505745
Fbxo8,11.342535
Cep44,10.091963
Hand2,0.11724138
LOC102636514,0.08275861
Scrg1,0.1678161
Sap30,27.082748
Hmgb2,7.4816246
AW046200,0.012643678
Gm15881,0.0
BC030500,0.08735632
Aadat,0.17471264
Mfap3l,0.4885057
2700029M09Rik,14.924148
1700001D01Rik,0.04827585
Cbr4,6.785059
Anxa10,0.0
Gm4975,0.0022988506
Mir710,0.0
Msmo1,71.58504
Tmem192,5.111494
Trim75,0.0068965517
Trim61,0.051724136
BC030870,0.0057471264
Apela,0.16666667
Tktl2,0.040229887
Tma16,3.3137867
Npy1r,0.04942529
Npy5r,0.0011494253
Naf1,1.0080456
Nat1,0.027586207
Nat3,0.0
1700125H03Rik,0.0
Lpl,2.1793098
Lzts1,0.8850574
Atp6v1b2,107.68387
D130040H23Rik,1.9482753
Zfp930,8.359774
Gm10033,4.451726
Zfp868,17.990807
Zfp964,0.36436784
Zfp869,19.254019
Zfp963,3.033332
Gmip,42.437893
Atp13a1,46.259773
Zfp866,32.147125
Lpar2,1.533333
Cilp2,0.383908
Ndufa13,36.852848
Tssk6,0.44712648
Hapln4,0.55287355
Sugp1,18.263216
Ncan,22.954035
Mau2,44.328716
Mir7066,0.0
Tm6sf2,0.6344826
Nr2c2ap,1.2609172
Rfxank,8.222999
Mef2b,0.016091954
Armc6,19.575857
2310045N01Rik,9.121845
Slc25a42,0.93103445
Tmem161a,25.095404
Homer3,18.266665
Ddx49,15.111501
Cope,73.29309
Upf1,8.735644
Comp,0.044827584
Cers1,0.0
Gdf1,0.0
Gdf1.1,0.0
Tmem59l,1.1896552
2810428I15Rik,10.6505785
Uba52,8.501148
Klhl26,7.8586206
Crlf1,0.31839082
Gdf15,0.0034482758
Fkbp8,52.586224
Ssbp4,9.704596
Ell,6.9850607
Isyna1,42.766693
Lrrc25,0.011494253
Mpv17l2,29.456331
Rab3a,62.18734
Pde4c,0.056321837
Ifi30,4.4747114
2010320M18Rik,2.5494218
Gm3336,0.0011494253
Pik3r2,46.554024
Jund,10.766664
Lsm4,46.71265
Ccdc124,26.13678
Arrdc2,3.9540224
Kcnn1,5.8034487
Rpl18a,45.1161
Snora68,2.0850534
Il12rb1,0.028735632
Slc5a5,2.0827584
Mir7240,0.0
Mir7067,0.27011505
Mir1969,0.018390805
1700026F02Rik,0.0022988506
Haus8,9.624138
Ankle1,2.2195404
Ushbp1,0.056321837
Nr2f6,12.870118
Use1,23.106888
Ocel1,0.7091953
Babam1,27.847126
Mrpl34,32.460926
Gtpbp3,10.625285
Tmem221,0.01724138
Bst2,0.66781604
Abhd8,27.342524
Dda1,86.04938
Ano8,3.350572
Mvb12a,12.403446
Plvap,0.6103448
Jak3,0.16436782
Unc13a,10.625287
Fam129c,1.8000001
Glt25d1,35.92532
Pgls,38.05863
Insl3,0.0
Slc27a1,7.774715
Mir6769b,0.0011494253
Fcho1,5.4540253
Zfp882,8.829886
Zfp617,5.237933
Zfp709,2.41839
Olfr372,0.0
Cyp4f18,0.01954023
Hsh2d,0.018390805
Olfr373,0.0
Olfr374,0.014942529
Rab8a,55.260918
Cib3,0.0011494253
Tpm4,275.2355
Ap1m1,83.35289
Klf2,0.22528736
Calr3,0.5919542
Cherp,35.1356
1700030K09Rik,7.077012
Mir7068,0.21149428
Tmem38a,4.703448
Med26,8.7092
Smim7,80.5804
Nwd1,0.01954023
F2rl3,0.13908046
Mir28b,0.013793103
Isx,0.0022988506
Hmgxb4,14.314947
Tom1,0.09655167
Hmox1,3.2551723
Mcm5,62.37241
Rasd2,0.39080462
Prmt10,18.285067
0610038B21Rik,0.11264365
1700092C02Rik,0.0011494253
Tmem184c,35.7138
Ednra,1.0712643
Rbmxl1,18.589651
Pou4f2,0.21264367
Lsm6,46.04373
1700011L22Rik,0.011494253
Mmaa,5.4321856
Smad1,23.440239
Otud4,19.956327
Anapc10,11.221841
Hhip,0.30229884
Gypa,0.19310345
Smarca5,36.690834
Frem3,0.0022988506
Il15,0.0057471264
Zfp330,20.721842
Ucp1,0.8172413
Elmod2,12.4275875
Clgn,1.4816091
Scoc,5.5620675
Dnajb1,39.687363
Tecr,219.51482
Olfr370,0.009195402
Ndufb7,30.436768
Cd97,0.49425286
Ptger1,2.3839052
Pkn1,5.475863
Gipc1,40.58506
Ddx39,94.590866
Mir1668,0.004597701
Prkaca,18.39771
1700067K01Rik,0.14137931
Mir1199,0.0
Samd1,4.7804613
Asf1b,11.173563
Lphn1,33.034477
2210011C24Rik,0.018390805
Mir8111,0.0034482758
Mir709,0.0
Palm3,1.568965
Rln3,0.0
Rfx1,8.185064
Il27ra,0.013793103
Podnl1,0.040229887
Dcaf15,8.191962
Cc2d1a,4.756323
Mri1,17.91609
Nanos3,0.41494262
D8Ertd738e,51.47704
Mir3074-2,0.0
Mir181c,0.0022988506
Zswim4,29.68391
Mir181d,0.0022988506
Mir27a,0.014942529
Mir24-2,0.0068965517
Mir23a,0.011494253
Ccdc130,7.0402327
Ier2,42.665524
Trmt1,23.77931
Nfix,1.9528728
Lyl1,0.21264368
Syce2,5.2172427
Gcdh,19.818396
Dnase2a,9.518393
LOC100503676,0.07701147
Rad23a,13.128738
Dand5,5.979312
Klf1,0.5482759
Calr,337.94806
Gadd45gip1,27.614943
Farsa,69.263245
Mir7069,0.26896554
Best2,0.035632182
2310036O22Rik,37.831017
Rtbdn,0.13333333
Hook2,3.5712636
Prdx2,513.4355
Asna1,30.704586
Junb,3.479309
Rnaseh2a,22.45977
Tnpo2,15.679314
A230103J11Rik,0.19425294
Mir7070,0.037931025
Wdr83,22.23103
Dhps,19.793106
Zfp791,0.41609198
Gm5741,0.09655173
Man2b1,10.934484
Cks1brt,0.07816088
Wdr83os,13.022994
Vps35,82.43905
Orc6,34.137936
Olfr371,0.0
4921524J17Rik,7.448277
Dnaja2,148.06099
Gpt2,24.983912
Neto2,8.1092
Mir8109,0.0057471264
Siah1a,6.8000035
Gm10638,0.11149425
N4bp1,13.705751
Gm10637,0.0034482758
Cbln1,0.35632184
Gm2694,2.3183894
4933402J07Rik,0.0
Heatr3,28.4368
Cnep1r1,14.277011
Mir7071,0.04252872
Adcy7,1.0850573
Nkd1,10.020692
Nod2,0.28620687
Snx20,0.38390806
Sall1,2.75632
Mir8110,0.0022988506
Aktip,20.268976
Irx3,0.3172414
Crnde,2.2379303
Irx5,0.41264373
Irx6,0.040229887
Lpcat2,0.24482757
Capns2,0.018390805
Mmp2,4.405746
Slc6a2,0.0022988506
Ces1a,0.0022988506
Ces1c,0.013793103
Ces1e,0.009195402
Ces1f,0.0034482758
Ces5a,0.17356321
4930488L21Rik,0.2770115
Bbs2,8.277015
Ogfod1,7.868973
Nudt21,4.7195306
Mt2,0.2942528
Mt4,0.0
Mt3,0.07241379
Mt1,1.4793093
Mir138-2,0.0011494253
Slc12a3,0.043678157
Herpud1,25.062069
9330175E14Rik,0.0068965517
Cpne2,0.42298853
Fam192a,41.46435
Mir7072,0.0
Pllp,0.1367816
Ccl22,0.0
Arl2bp,59.8345
Coq9,18.837925
Ciapin1,80.3747
Ccl17,0.035632186
Cx3cl1,0.03678161
Dok4,7.0655174
Polr2c,19.396536
Gpr114,0.018390805
Gpr56,197.48276
Ccdc102a,1.7321836
Katnb1,17.548277
Kifc3,0.851724
Ccdc135,0.004597701
Zfp319,13.56322
Usb1,18.38276
Tepp,0.014942529
Mmp15,16.028736
Csnk2a2,7.6574807
Gins3,5.8241405
Prss54,0.0
Cnot1,42.113815
Setd6,9.020691
Ndrg4,35.719536
Mir7073,0.0057471264
Slc38a7,11.721842
Got2,45.210354
Mir28c,0.0
Gm15679,0.0
1600027J07Rik,0.014942529
Cdh5,0.6563218
Cklf,3.6551688
Cmtm2b,0.013793103
Tk2,17.45862
Cmtm1,0.0022988506
Cmtm2a,0.004597701
Cmtm3,27.385057
Dync1li2,46.833347
Cmtm4,5.734484
Car7,0.40229887
Nae1,34.93796
Cdh16,0.0011494253
Fam96b,23.232176
Rrad,0.50344825
Ces2a,0.0
Ces2b,0.0011494253
4932416K20Rik,0.0
Ces2c,0.0
Ces2g,0.011494253
Ces2f,0.0
Ces2e,0.0
Ces2d-ps,0.0
Ces3b,0.004597701
Ces3a,0.0
Ces2h,0.0
Cbfb,34.656307
Ces4a,0.009195402
E2f4,20.431036
Tradd,3.4976995
Hsf4,0.028735632
Fbxl8,0.5022989
Exoc3l,0.96436775
Tmem208,25.385057
Slc9a5,0.6758619
B3gnt9,0.34712645
Mir328,0.004597701
Fhod1,0.50459766
4931428F04Rik,25.874712
Elmo3,0.8448274
Nol3,1.3563218
Lrrc29,0.24367818
Lrrc36,0.06551725
Kctd19,0.018390805
Tppp3,8.9264345
Zdhhc1,6.2919583
Agrp,0.075862065
Hsd11b2,1.1471266
Fam65a,14.995399
Atp6v0d1,61.610325
Mir1966,0.041379303
Pard6a,9.237933
Enkd1,5.072414
4933405L10Rik,0.07011494
Gfod2,18.787369
Acd,34.877026
Rltpr,6.439086
Nutf2-ps1,0.0
Thap11,31.393118
Tsnaxip1,0.19540234
Edc4,39.358635
Nutf2,20.551716
Nrn1l,0.035632186
Cenpt,22.73219
Lcat,0.22758622
Ctrl,0.24942528
Slc12a4,3.8505735
Dpep3,0.0
Dpep2,0.0022988506
Ddx28,11.878161
Psmb10,4.548277
Mir7074,0.0
Esrp2,0.2045977
1810019D21Rik,0.051724136
Pla2g15,6.7068977
Nfatc3,7.828739
Prmt7,36.809216
Slc7a6,59.220688
Slc7a6os,16.554016
Zfp90,15.5046
Cdh3,0.9689655
1110028F18Rik,0.0
Cdh1,0.1448276
Chtf8,58.29198
Has3,0.21839081
Cirh1a,41.695393
Nip7,34.137936
Cog8,14.289644
Vps4a,46.0069
Tmed6,0.018390805
Pdf,24.378164
Cyb5b,83.721886
Mir7075,0.0
Nob1,32.66782
Nqo1,0.46091956
Psmd7,106.27352
Mir140,0.018390805
3010033K07Rik,0.004597701
Mir3108,0.0
Gm1943,2.847119
Dhx38,33.020702
Pmfbp1,0.09310344
Txnl4b,10.165522
Pkd1l3,0.25862068
Dhodh,13.241385
Ist1,89.85061
Atxn1l,9.171268
Snord71,0.014942529
Marveld3,0.059770115
Phlpp2,3.1045947
Tat,0.0
Chst4,0.0
Zfp612,9.2632265
Mir544,0.016091954
Calb2,0.145977
Cmtr2,6.4896545
Gm21283,0.008045977
Mtss1l,4.6287365
Snord111,0.0068965517
Sf3b3,138.33336
Cog4,32.070118
Mir3473d,0.016091954
Ddx19a,4.117233
St3gal2,27.581598
Exosc6,9.742529
9430091E24Rik,0.8482754
Aars,77.45172
Pdpr,1.6298846
Clec18a,0.06321839
Glg1,52.1701
Fa2h,0.0022988506
Mlkl,0.01724138
Wdr59,6.6046023
Mir1957b,0.0
Zfp1,7.942534
Ldhd,0.33678156
Bcar1,46.443638
Ctrb1,0.008045977
Mir7076,0.0
Tmem231,6.013796
Chst5,4.068965
Tmem170,1.2701147
Terf2ip,24.272411
Gabarapl2,7.2160883
Kars,111.43105
Adat1,6.726439
Gm10280,0.008045977
4930571O06Rik,0.0
Syce1l,0.032183908
Nudt7,5.0609193
4933408N05Rik,0.45862076
Maf,0.11494252
Dynlrb2,0.04827586
1700030J22Rik,1.0597701
Gcsh,34.603436
Atmin,11.001155
Cenpn,7.375863
Bcmo1,0.27701148
Mir7077,0.14827585
Mir7078,0.17586207
Sdr42e1,0.079310335
Mphosph6,13.731035
Hsbp1,74.06891
Necab2,18.994251
Osgin1,0.57471263
Slc38a8,0.19425288
Taf1c,10.168967
Dnaaf1,0.1
Adad2,0.026436782
Kcng4,0.18735632
Hsdl1,47.85406
Tldc1,8.933333
Atp2c2,0.22643676
Cotl1,258.31033
Klhl36,2.3586204
Crispld2,8.23908
Zdhhc7,24.624147
6430548M08Rik,8.621842
Fam92b,0.11954023
A330074K22Rik,0.14942528
Gse1,108.59195
Mir7687,0.010344828
1190005I06Rik,0.45172408
Emc8,36.475872
Cox4i1,225.20923
Irf8,0.11494252
Fendrr,0.050574712
Mthfsd,15.094258
Foxf1,0.3678161
Foxl1,0.057471268
Foxc2,0.3333333
1700018B08Rik,0.024137931
1700030M09Rik,0.010344828
Fbxo31,14.374717
Map1lc3b,124.74826
Klhdc4,24.266668
Car5a,0.051724136
BC048644,0.064367816
Mir7237,0.004597701
Trhr2,0.0
Zc3h18,11.414947
Mvd,42.95055
Snai3,0.0
Ctu2,18.680458
Piezo1,2.6172402
Cyba,2.1574695
Gm20735,0.0022988506
Il17c,0.0954023
Rnf166,6.288506
9330133O14Rik,14.398858
Aprt,41.38045
Galns,6.666669
Cdt1,13.054019
Trappc2l,40.203465
Pabpn1l,0.07701149
Mir6396,0.0034482758
Cdh15,1.7218392
2810013P06Rik,8.860921
Sult5a1,0.17356321
Rpl13,13.098856
Cpne7,0.08620689
Snord68,0.23103467
Dpep1,0.063218385
Mir7079,0.18850581
Mir7080,0.0
Cdk10,7.9298873
4933417D19Rik,0.22643681
Vps9d1,24.295403
Spata2l,2.9908044
Fanca,5.236783
Zfp276,54.051678
Spata33,0.38505745
Def8,25.84139
Tcf25,193.48735
Mc1r,1.0206894
Tubb3,1489.3964
Dbndd1,10.554023
Afg3l1,27.890808
Gas8,25.441376
Rhou,7.2632227
Rab4a,16.878162
Ccsap,7.6367846
6030466F02Rik,0.0
Abcb10,7.265523
Acta1,2.2057457
Nup133,33.185055
Mir1967,0.0011494253
Urb2,7.980462
Taf5l,17.370123
Agt,0.03333333
Capn9,0.027586207
Cog2,15.177013
Arv1,3.8597655
Ttc13,17.955181
Fam89a,5.9080467
2810004N23Rik,20.460922
Sprtn,4.4804597
Trim67,12.122989
Exoc8,8.026439
Gnpat,67.7437
Tsnax,46.5931
Map10,4.079309
4930567H12Rik,0.0
Ntpcr,4.0804586
BC021891,0.0
Kcnk1,0.35632178
Gm17296,1.9310337
Coa6,4.1367774
Irf2bp2,9.245979
Mir3110.2,0.0
Rbm34,13.750586
Tomm20,20.913807
Mir21c,0.0
Mir1903,0.0
Ccdc7,0.0
2610044O15Rik8,4.806897
Rec114,0.19540232
Shisa5,8.468963
Rbms3,17.39082
Stag1,22.52759
Pdgfd,0.07816092
Cntn5,0.1494253
Maml2,3.9218376
Slc36a4,3.0551705
S1pr2,4.4137936
Npsr1,0.05747126
Elavl3,156.60693
Opcml,1.7471261
Fli1,0.7885057
Tmem45b,0.031034483
Ntm,5.8069
Kirrel3,0.55862063
Amica1,0.0011494253
Arhgef12,10.518398
Sik3,5.311494
Scaper,11.011501
Atm,9.814943
Lingo1,3.3919528
Ptplad1,107.47708
Myo9a,32.821835
Pias1,20.054031
Ppib,75.527596
Smad6,0.5011495
Uaca,4.963217
Rora,2.1425278
Myo1e,3.8482742
Zfp280d,21.818388
Irak1bp1,5.8770165
Col12a1,1.5896552
Cd109,0.72413796
Cyb5r4,28.625263
Adamts7,5.914945
A4gnt,0.0
Copb2,86.25863
Clstn2,0.22413795
Ip6k1,33.736786
Cpne4,0.70114946
Col6a5,0.13908046
Dock3,0.9551722
Dhx30,69.854034
Arpp21,1.9114939
Lrrfip2,16.362078
Scn5a,30.1046
Lyzl4,0.0057471264
Cwf19l2,8.657484
Gucy1a2,1.9206885
Kbtbd3,3.0482726
Gria4,0.5816091
Dync2h1,19.06323
Yap1,4.9942555
AK129341,2.0540223
Birc3,0.23103449
Mmp1a,0.0
Pgr,0.03678161
Arhgap42,8.443686
Trpc6,0.032183908
LOC102634431,0.0
Amotl1,26.571262
Sesn3,3.1597672
Mtmr2,29.123009
Hephl1,0.010344828
Mre11a,8.691958
Ccdc67,0.0011494253
5830418K08Rik,17.90231
Fat3,3.622988
Naalad2,0.06206897
Mbd3l1,0.0
Olfr18,0.011494253
Zfp26,27.251726
Olfm2,13.986207
Keap1,15.690809
Smarca4,288.44934
Dnm2,42.345978
Spc24,11.357471
9530077C05Rik,1.4425287
Bbs9,12.168977
Zfp810,13.800005
Mir680-2,0.013793103
Bmper,0.44597697
Dpy19l2,0.120689645
Tbx20,0.15172413
Sept7,81.97582
Eepd1,8.44368
Thyn1,11.900009
Jam3,40.209213
Zbtb44,6.683914
Aplp2,72.470116
Prdm10,2.0678144
Arhgap32,12.835629
Barx2,0.0034482758
Kcnj1,0.0
4930581F22Rik,0.26436785
Fam118b,32.98047
Dcps,22.236774
Pknox2,5.6160913
Siae,2.7781606
Clmp,104.101105
Gramd1b,1.6413788
Ubash3b,4.1793103
3110039I08Rik,0.071264364
Sorl1,0.5206896
Tbcel,5.196552
Grik4,0.95057446
Tecta,0.12413792
4930546K05Rik,0.03908046
Pvrl1,15.105752
Cbl,17.249437
Ube4a,23.998848
Phldb1,14.278167
Kmt2a,42.37588
Hinfp,6.605744
Rnf214,28.787352
BC049352,0.0034482758
Dscaml1,15.944838
2900052N01Rik,0.018390805
Cadm1,298.08618
Nxpe4,2.640229
Usp28,16.198849
Zbtb16,3.2494237
Gm11149,0.5034483
Ncam1,189.07123
Btg4,0.0
Sik2,1.5643669
Dixdc1,12.911498
Zc3h12c,20.923
Gm6981,0.18045989
Arhgap20,0.38160914
Ddx10,18.059774
Gm1715,0.0034482758
Exph5,0.07816092
Dmxl2,81.32642
Acat1,60.60004
Ube2q2,8.371272
Acsbg1,0.14022988
Hykk,3.165517
Peak1,29.700003
Rfpl3s,0.009195402
Hmg20a,46.53106
Pstpip1,0.42528737
Fam219b,12.294254
Cspg4,0.18620689
Ptpn9,16.350584
Ccdc33,1.5344826
Arid3b,14.405759
Nptn,32.367825
4930461G14Rik,0.0011494253
Parp6,84.17234
Neo1,31.591965
Hcn4,2.1919537
Thsd4,0.9022987
Lrrc49,16.179314
Itga11,0.2034483
Coro2b,37.135635
Paqr5,0.21839081
Map2k5,21.796545
Iqch,0.027586207
Smad3,7.540231
Megf11,9.622989
Dennd4a,8.280463
Map2k1,27.048283
Cilp,0.13218391
Csnk1g1,52.834427
Igdcc3,46.93334
Rasl12,2.9620683
Zfp609,11.168973
Dapk2,0.027586207
Rab8b,11.721837
Herc1,85.10233
Car12,0.79770106
Usp3,33.929886
Tln2,6.751728
Vps13c,9.448283
Fam81a,0.23103447
Anxa2,21.026443
Bnip2,44.50346
Lipc,0.18965515
Adam10,40.78505
Fam63b,10.695404
LOC102635087,0.01954023
Cgnl1,1.0390801
Myzap,0.78275853
Tcf12,98.427635
Ccpg1,18.702312
Tex9,9.498853
Nedd4,843.968
Prtg,8.312643
Rfx7,19.981623
Wdr72,0.1
Unc13c,0.15747128
Myo5a,47.428764
Fam214a,6.829887
Myo5c,0.13218391
Bmp5,0.8321839
Hcrtr2,0.03333333
Lysmd2,3.5724127
Hmgcll1,3.109195
Mlip,0.013793103
Lrrc1,1.7057465
Ick,32.45287
Filip1,0.16091953
Senp6,26.189653
Impg1,0.025287356
Myo6,40.802296
Mei4,0.07126437
Phip,82.19546
Bckdhb,8.112644
Ibtk,19.113802
Dopey1,7.817248
Snap91,8.131036
Me1,0.7850573
Ube2cbp,2.804597
Mrap2,0.28965518
Syncrip,50.512657
Nt5e,0.17011493
Rasgrf1,0.03333333
Slc9a9,4.233333
Atp1b3,37.68507
Tfdp2,86.35978
Pcolce2,2.4999995
Atr,6.877011
Pls1,1.0344828
Rasa2,9.03104
Spsb4,140.63455
Pxylp1,10.258622
Zbtb38,1.7091951
Rbp1,17.206898
Nmnat3,0.12413792
Pik3cb,1.5735625
Armc8,34.332188
Esyt3,0.17011496
Nck1,12.70804
Ppp2r3a,8.816091
Anapc13,8.483911
Ephb1,6.287356
1300017J02Rik,0.083908044
Tmem108,2.9034474
Ryk,10.35288
Slco2a1,1.3563218
Rab6b,56.193096
Acpp,0.012643678
Dnajc13,21.916107
Acad11,4.133333
Atp2c1,40.086224
Col6a6,0.04827586
Pik3r4,18.633333
Nek11,2.952873
Iqcf3,0.0034482758
Poc1a,6.0482774
Col6a4,0.0011494253
Vprbp,15.114951
Rad54l2,24.23105
Rpl29,7.9252887
Cacna2d2,9.063221
Rbm5,104.78273
Rbm6,48.524143
6430571L13Rik,0.47586206
Qrich1,88.6897
Bsn,16.793104
1700102P08Rik,0.41609198
Map4,95.266685
Nme6,13.359766
Fbxw13,0.0
Fbxw16,0.0
Als2cl,0.6505747
Kif9,0.9333333
Smarcc1,136.12642
Scap,22.475866
Stac,0.14022991
2900079G21Rik,0.08965516
Clasp2,36.600033
AU023762,0.0011494253
Osbpl10,0.43793103
Glb1,10.565516
Cmtm8,0.9839079
Trim71,11.555174
Tgfbr2,2.1045973
Gadl1,0.0034482758
Cmc1,4.864371
Itga9,15.482762
Ctdspl,1.0655172
Acvr2b,23.59426
Oxsr1,14.671271
Dlec1,0.5011495
Cx3cr1,0.088505745
Scn11a,1.1080459
Gorasp1,13.087353
Scn10a,24.963217
Myrip,0.21609195
Ulk4,1.486206
Trak1,19.617245
Snrk,16.451733
Ano10,32.21496
Zfp651,3.9976997
Cdcp1,0.026436782
Slc6a20b,0.032183908
1110059G10Rik,8.913794
Zdhhc3,37.151733
Tcaim,2.0770113
Ccr5,0.0011494253
Mir101c,0.0
4930433N12Rik,0.009195402
Alkbh8,19.956324
Aasdhppt,14.872412
Msantd4,35.691956
Casp12,0.0034482758
Casp4,0.0
Casp1,0.016091954
Ddi1,0.0
Dcun1d5,36.413788
Mmp13,0.0011494253
Mmp1b,0.0
Mmp3,0.0057471264
Mmp12,0.0
Mmp10,0.0
Mmp8,0.0022988506
Mmp27,0.0
Mmp20,0.004597701
Mmp7,0.0011494253
Tmem123,39.351734
Birc2,15.457479
Mir5618,0.016091954
9230110C19Rik,4.005748
Mir1899,0.0
1700128F08Rik,0.0
Gm16833,0.0068965517
Mir6237,0.0
4930568E12Rik,0.0
Jrkl,3.3609176
Ccdc82,1.6310339
Phxr4,2.0321834
Cep57,18.865513
Fam76b,12.793102
Endod1,2.1310344
Cwc15,45.17129
Kdm4d,0.077011496
Fut4,1.1701149
Piwil4,0.93563193
Ankrd49,16.485067
1700012B09Rik,0.050574712
Folr4,0.042528734
Gpr83,0.06206896
Panx1,38.422977
Vstm5,0.391954
Taf1d,17.111492
Scarna9,0.029885057
4931406C07Rik,2.854021
Med17,23.171295
Mir7650,0.031034483
Smco4,0.18620688
4930540M03Rik,0.0022988506
Mtnr1b,0.0034482758
Chordc1,62.21609
Mbd3l2,0.011494253
Zfp558,5.2321835
Ubtfl1,0.0068965517
Olfr829,0.0
Olfr828,0.0
Olfr24,0.009195402
Olfr830,0.0
Olfr832,0.0
Olfr834,0.0
Olfr836,0.0
Olfr835,0.0
Olfr843,0.0
Olfr837,0.0
Olfr847,0.0
Olfr845,0.0
Olfr846,0.0
Olfr850,0.0
Olfr851,0.0
Olfr849,0.0
Olfr855,0.0
Olfr856-ps1,0.044827584
Olfr853,0.0
Olfr854,0.0
Zfp317,18.55978
Olfr58,0.0
Olfr857,0.0
Olfr862,0.0
Olfr859,0.0
Olfr860,0.0
Olfr77,0.0
Olfr866,0.0
Olfr869,0.0
Olfr870,0.0
Olfr868,0.0
Olfr867,0.0
Olfr39,0.0034482758
Olfr873,0.0
Olfr871,0.0
Olfr872,0.0
Zfp560,5.6000013
Zfp426,22.706892
Zfp266,55.899998
Fbxl12,9.432187
Zfp846,7.9069
Pin1,35.62644
Ubl5,45.71266
Fbxl12os,1.2885052
Col5a3,0.16091953
Rdh8,0.0
Dnmt1,53.045948
A230050P20Rik,0.029885057
Eif3g,103.61144
Ppan,19.303453
Angptl6,1.4103447
Mir7081,0.0
Icam1,0.19310346
Icam4,0.027586207
Mir1900,0.0
Fdx1l,0.7747113
Icam5,0.21034482
Zglp1,0.58275855
Raver1,10.0655155
Mrpl4,27.539072
Raver1-fdx1l,0.07126434
Mir7082,0.018390805
Cdc37,107.63336
Tyk2,7.2919564
Pde4a,3.1264365
Mir7667,0.0022988506
Slc44a2,30.341373
Kri1,4.602302
Ap1m2,0.048275862
Cdkn2d,31.775854
S1pr5,0.04942529
Atg4d,16.141388
Ilf3,112.066635
Gm16853,0.43448275
Qtrt1,22.634476
Carm1,23.843681
AB124611,0.5609194
Mir199a-1,0.012643678
Yipf2,4.088504
Tmed1,17.401144
1810026J23Rik,38.321808
Gm7904,0.010344828
Ldlr,26.942535
Gm6484,0.09425286
Kank2,1.4448271
Dock6,29.5207
Mir7083,0.0
Ccdc159,0.71839076
Rgl3,0.17471266
Tmem205,7.5080476
BC018242,16.781609
Rab3d,16.617243
Epor,0.2356322
Swsap1,3.3816092
Ccdc151,0.5965517
Prkcsh,47.098843
Ecsit,16.891953
Cnn1,0.09885058
Elof1,31.082766
Acp5,0.23333332
Zfp653,3.0172398
Gm16845,0.45517245
Mir7084,0.0
Zfp809,3.477009
Pigyl,7.050578
1810064F22Rik,0.0
Zfp872,0.075862065
Zfp599,3.318391
Gm6607,0.0068965517
Anln,11.124141
Rp9,10.956327
Dpy19l1,10.602301
Cypt10,0.0
Cypt9,0.0
Cypt4,0.0
Herpud2,12.014954
B3gat1,0.354023
Glb1l2,0.8482759
Glb1l3,0.0022988506
Gm1110,0.011494253
Acad8,18.05402
Vps26b,47.11834
Ncapd3,13.355181
Igsf9b,2.9379303
AI414108,4.814943
Spata19,0.014942529
Snx19,19.536787
Adamts15,0.637931
Adamts8,0.103448264
St14,0.1494253
Gm7244,0.01724138
Nfrkb,17.631033
Kcnj5,0.07471264
Ets1,4.673564
7630403G23Rik,0.0022988506
St3gal4,12.357469
Srpr,28.73793
Tirap,5.428734
Foxred1,18.437939
4933422A05Rik,0.06551724
Rpusd4,13.5103445
Cdon,1.708046
Gm17365,0.01954023
Hyls1,10.132185
Pus3,12.739087
Pate4,0.06666666
Ddx25,17.41724
Gm17252,0.004597701
Gm17727,0.0
Gm17677,0.0
Pate2,0.15172414
D730048I06Rik,0.0
9230110F15Rik,0.013793103
Gm3428,0.0
Gm5916,0.0
Gm3434,0.0
Gm7257,0.0011494253
Gm9513,0.0
Gm5615,0.0
Gm17689,0.0022988506
A630095E13Rik,0.0
1700027I24Rik,0.0
Acrv1,0.028735632
Ei24,28.26898
Chek1,8.514945
Stt3a,60.76895
Fez1,40.441387
Tmem218,7.228734
Ccdc15,2.1689646
Slc37a2,0.24942528
Robo3,0.29195398
Robo4,0.2678161
Hepacam,0.048275866
Vsig2,0.011494253
Spa17,1.5586194
Esam,0.43908048
Msantd2,5.5850587
Nrgn,0.018390805
Olfr874,0.0
Olfr160,0.0
Olfr151,0.0
Tbrg1,61.89771
Panx3,0.0
Olfr877,0.0
Olfr875,0.0
Olfr876,0.0
Olfr878,0.0
Olfr145,0.0
Olfr881,0.0011494253
Olfr883,0.0011494253
Olfr888,0.0
Olfr887,0.0
Olfr889,0.0
Olfr884,0.0
Olfr885,0.0
Olfr893,0.0
Olfr894,0.0
Olfr895,0.0034482758
Olfr891,0.010344828
Olfr890,0.0
Olfr143,0.0
Olfr251+Olfr900,0.0
Olfr250+Olfr899,0.0
Olfr898,0.0
Olfr25,0.0
Olfr147,0.0011494253
Olfr905,0.0
Olfr902,0.0
Olfr911-ps1,0.0
Olfr908,0.0
Olfr907,0.0
Olfr906,0.0022988506
Olfr904,0.0
Olfr901,0.0
Olfr914,0.0
Olfr916,0.0022988506
Olfr912,0.0
Olfr910,0.0
Olfr915,0.0
Olfr913,0.0
Olfr917,0.009195402
Vwa5a,0.62758625
Olfr920,0.0
Olfr919,0.0
Olfr918,0.0
Olfr921,0.0
Olfr923,0.0
Olfr26,0.0
Olfr922,0.0
Olfr926,0.0
Olfr924,0.0
Olfr146,0.0
Olfr934,0.0
Olfr933,0.0
Olfr936,0.0
Olfr935,0.0
Olfr930,0.0
Olfr27,0.0
Olfr943,0.0
Olfr937,0.0
Olfr938,0.0
Olfr242,0.0
Olfr945,0.0034482758
Olfr947-ps1,0.0
Olfr1537,0.0
Olfr944,0.004597701
Olfr948,0.014942529
Olfr952,0.0
Olfr951,0.0
Olfr958,0.0
Olfr955,0.0
Olfr959,0.0
Olfr954,0.0
Olfr44,0.0011494253
Olfr957,0.0
Olfr961,0.0
Olfr149,0.004597701
AW551984,0.78045976
Olfr148,0.0011494253
Olfr960,0.0
Olfr963,0.0
Olfr971,0.0
Olfr968,0.0
Olfr970,0.0
Olfr150,0.0
Olfr969,0.004597701
Olfr965,0.0
Olfr967,0.0011494253
Olfr229,0.0
Olfr972,0.0
Olfr976,0.0
Olfr975,0.011494253
Olfr974,0.0
Olfr981,0.0
Olfr982,0.0
Olfr980,0.0
Olfr983,0.0
Olfr978,0.0
Olfr984,0.0
1700001J11Rik,0.10229875
Olfr979,0.0
Olfr985,0.0
Olfr986,0.0
Tmem225,0.0
Zfp202,6.4471273
Scn3b,6.259772
1700110K17Rik,0.03678161
Bsx,0.008045977
Hspa8,175.80583
Crtam,0.0022988506
4931429I11Rik,0.097701155
1700063D05Rik,0.0
Mir100,0.0057471264
Mirlet7a-2,0.0
2610203C20Rik,3.0574715
Mir125b-1,0.0022988506
Sc5d,22.135643
Tmem136,11.601152
Oaf,4.6712656
Pou2f3,0.011494253
D630033O11Rik,0.0011494253
Trim29,0.088505745
C1qtnf5+Mfrp,0.031034483
Usp2,0.90804577
Mcam,2.7758613
Thy1,0.0022988506
Rnf26,3.8471222
Nlrx1,0.88965505
Pdzd3,0.0068965517
Ccdc153,0.0022988506
Abcg4,0.48620692
Ccdc84,3.9459743
H2afx,36.5839
Slc37a4,12.200003
Rps25,14.883906
Hmbs,18.051735
Trappc4,53.362064
Hyou1,37.89656
C2cd2l,13.982765
Dpagt1,23.010328
Vps11,21.54368
Mir7085,0.029885057
Cxcr5,0.102298796
Upk2,0.012643678
Foxr1,0.0
Bcl9l,2.914939
Treh,0.022988506
Ddx6,28.789646
Arcn1,61.066723
Tmem25,2.5333328
Ttc36,0.013793103
Ift46,43.118374
Atp5l,0.80344635
Mpzl3,0.19885057
Mpzl2,0.14137931
Cd3g,0.0011494253
Cd3e,0.0
Cd3d,0.0011494253
Gm10684,0.0
Tmprss4,0.0022988506
Scn4b,0.044827588
Scn2b,0.68965507
Il10ra,0.07816092
Tmprss13,0.08275863
1700003G13Rik,0.0
Mir7086,0.0
Fxyd2,0.21264365
Fxyd6,23.482767
4833428L15Rik,0.009195402
Bace1,30.127605
Cep164,17.200005
Pcsk7,17.829906
Tagln,0.6885055
Pafah1b2,199.84248
Mir7087,0.042528734
Sidt2,25.754023
Apoa4,0.0
Apoa1,0.90804595
Apoc3,0.0
Bud13,8.86782
Apoa5,0.050574712
Zpr1,37.68737
4931429L15Rik,0.01954023
Gm4791,0.46781614
Gm10677,3.480454
Nxpe2,0.18045978
Rexo2,18.213783
Gm8884,0.0068965517
Rbm7,32.797718
Gm5617,1.7999988
Nnmt,0.03333333
Htr3a,21.429884
Htr3b,0.0011494253
Zw10,23.778175
Tmprss5,0.40689653
Gm4894,0.0011494253
Drd2,0.07701149
Ttc12,2.231034
Ankk1,0.013793103
Il18,0.16896552
Plet1,0.048275862
Bco2,0.0011494253
Pts,10.543685
Tex12,0.0
Plet1os,0.024137931
Sdhd,61.803455
Timm8b,31.429876
AU019823,11.749438
Pih1d2,1.3931032
Dlat,36.721844
2310030G06Rik,0.59885055
Fdxacb1,4.6747117
Cryab,0.43563217
Hspb2,0.043678157
1110032A03Rik,10.214948
Alg9,17.79311
Ppp2r1b,50.586197
Mir34b,0.0
Mir34c,0.0
4833427G06Rik,0.0
Layn,0.01954023
Pou2af1,0.0
1810046K07Rik,0.009195402
Gm684,0.064367816
Arhgap20os,0.049425274
Fdx1,5.7827554
4933407I05Rik,0.004597701
Rdx,64.3839
Mir6244,0.0
AI593442,0.69310296
Kdelc2,2.8011482
4930550C14Rik,0.06896552
Mir130c,0.0
Npat,13.39771
Cul5,31.397705
Rab39,4.43793
Slc35f2,0.3862069
Sln,0.23448275
Elmod1,0.75172395
Tnfaip8l3,0.0
Cyp19a1,0.0
Gldn,1.5333332
Gldnos,0.0057471264
Cib2,5.426437
Idh3a,40.295387
Sh2d7,0.17471266
Crabp1,173.74825
Wdr61,42.943653
Dnaja4,0.90804607
Mir5710,0.0022988506
Ireb2,44.932133
Psma4,59.920692
AY074887,2.4609094
Chrnb4,23.356314
Chrna5,1.5413789
Chrna3,70.572426
Nrg4,0.8919534
Fbxo22,32.59081
AI118078,1.8275858
Isl2,29.12758
Etfa,51.105766
Rcn2,71.63906
Gm7444,0.14022985
Tspan3,235.68169
Odf3l1,0.0034482758
Snupn,13.119543
Snx33,3.809194
Imp3,27.560925
Sin3a,23.965513
Gm10658,1.0103444
Man2c1,12.341385
Neil1,3.3540208
Man2c1os,0.2436783
Trcg1,0.11379299
Commd4,27.458609
1700017B05Rik,7.616094
1700041C23Rik,0.0
4930430J02Rik,0.010344828
Cox5a,92.29313
Rpp25,0.08735632
Scamp5,16.11265
Ppcdc,4.893106
Ulk3,6.001149
Csk,16.24139
Cplx3,0.33218387
Scamp2,28.440224
Lman1l,0.07701149
Mpi,29.297688
Clk3,43.600018
Cyp1a1,0.04252874
Cyp1a2,0.0
Edc3,30.98507
Ubl7,40.36093
Sema7a,0.2931035
Cyp11a1,0.14482759
Gm16130,0.028735632
Islr,2.2597697
Stra6,65.17475
Islr2,32.258625
Pml,6.7425303
Stoml1,12.632183
1600029O15Rik,1.960919
Loxl1,10.837936
Mir6385,0.06321839
Tbc1d21,0.0
1700072B07Rik,0.0
Cd276,18.481604
6030419C18Rik,0.04597701
Adpgk,25.529896
Bbs4,13.872415
Arih1,25.99541
Gm20199,4.9816093
Celf6,0.9965515
Hexa,22.08046
Tmem202,0.0011494253
Pkm,363.0574
Gramd2,0.120689645
Senp8,8.127588
Gm7616,0.008045977
Nr2e3,0.014942529
9230112J17Rik,0.0011494253
Larp6,0.07011494
Gm5122,0.0022988506
I730028E13Rik,0.0
4933433G08Rik,0.020689655
B930092H01Rik,0.01954023
Tle3,44.068993
Kif23,6.778162
Rplp1,111.67817
Mir5133,0.0057471264
Glce,9.873565
A730043L09Rik,0.010344828
Spesp1,0.0011494253
Anp32a,36.625294
Calml4,0.1367816
Cln6,3.5896537
Gm10653,0.10114934
Fem1b,43.06091
Skor1,0.19540232
2300009A05Rik,3.6103399
Aagab,24.094284
1110036E04Rik,0.0034482758
1700055C04Rik,0.0
Scarletltr,0.0
Lctl,0.0034482758
Rpl4,623.8384
Zwilch,6.044829
Snapc5,9.651725
Snord16a,0.51609176
Uchl4,4.750567
Dis3l,12.111496
Tipin,31.314945
Rab11a,85.941414
Vwa9,27.790827
Slc24a1,0.1367816
Igdcc4,9.579315
Dpp8,22.34139
Parp16,3.3241382
Clpx,19.729895
Kbtbd13,0.2321839
Ubap1l,0.29310346
Pdcd7,5.3528743
Slc51b,0.0
Spg21,71.20463
Mtfmt,7.781615
Rbpms2,0.891954
Plekho2,6.1735644
Pif1,3.8482766
Oaz2,24.290794
2810417H13Rik,28.441408
Trip4,20.401154
Snx22,2.8172336
Snx1,36.90459
Fam96a,29.66898
Fbxl22,3.4873557
Aph1b,8.944831
Aph1c,0.15977012
Rps27l,41.173557
Lactb,3.3816078
Tpm1,25.587385
Gm19299,0.0
Mir190a,0.0
C2cd4b,0.9965517
Mir7241,0.0
Mir7242,0.0
C2cd4a,0.044827588
Gm20745,0.009195402
4930502A04Rik,0.0057471264
9530091C08Rik,2.9011483
Mir3109,0.0
Ice2,6.751723
Foxb1,0.03908046
B230323A14Rik,0.013793103
Gtf2a2,34.859787
Gcnt3,0.028735632
Ccnb2,32.208054
Rnf111,27.136793
Mir5626,0.0
Sltm,40.991966
Aqp9,0.0011494253
Aldh1a2,7.0977044
Gm3458,0.009195402
Polr2m,190.91609
Mir378a,0.0068965517
Mns1,4.7655177
4930509E16Rik,0.0022988506
Dyx1c1,0.54252887
Ccpg1os,3.2540214
Pygo1,1.7045969
Rab27a,0.4977011
2310009A05Rik,4.5000005
Pigb,2.2149417
Rsl24d1,13.609207
Khdc3,0.0
Onecut1,8.64598
Gm16551,19.85057
Arpp19,57.602272
Bcl2l10,0.0
Gnb5,11.990806
Leo1,33.336784
4933433G15Rik,0.026436782
Mapk6,124.67122
Tmod3,40.554043
Tmod2,50.78966
Scg3,72.31155
Gfral,0.0
Fam83b,0.0034482758
Tinag,0.0
5730403I07Rik,0.035632186
Klhl31,0.10459769
Gclc,7.3988533
Elovl5,46.459785
Fbxo9,26.447132
Gcm1,0.0
Gsta4,3.670113
Gsta1,0.0
C920006O11Rik,1.4977009
Dppa5a,0.004597701
Omt2b,0.0
Gm3776,0.0
Omt2a,0.0
Gsta2,0.0011494253
Ooep,0.064367816
Gm10639,0.0
Mto1,10.871266
Ddx43,0.013793103
Eef1a1,752.7897
Mb21d1,0.13103448
Slc17a5,6.0356336
Gm10635,0.0022988506
Tmem30a,61.252922
Cox7a2,79.28962
4930429F24Rik,0.075862065
D430036J16Rik,0.016091954
Htr1b,0.0
Hmgn3,8.61954
Lca5,8.021844
Gm2087,0.009195402
Sh3bgrl2,3.55747
Gm2109,0.0
Elovl4,12.9069
Ttk,6.0367813
4930554C24Rik,0.0022988506
Fam46a,0.7137932
Tpbg,3.9206889
Pgm3,15.828735
Rwdd2a,1.0885057
Prss35,0.1678161
A330041J22Rik,0.0
Ripply2,0.04022988
Cep162,10.2632265
Tbx18,0.38505745
Snx14,12.745978
Zfp949,6.7494273
Trim43a,0.0057471264
Snhg5,50.873547
9430037G07Rik,0.08965516
Bcl2a1d,0.0
Gm2382,1.652871
Trim43c,0.004597701
9330159M07Rik,0.07586205
Bcl2a1a,0.0
Trim43b,0.0
Mthfs,0.8172411
Bcl2a1b,0.0068965517
AF529169,0.2735632
Ankrd34c,0.0011494253
Tmed3,11.1
Mir184,0.0
4930524O08Rik,0.01954023
Morf4l1,5.5505733
Ctsh,0.16436782
Tbc1d2b,2.0137925
Zic4,0.37931037
Zic1,0.10229883
Plscr5,0.0
Plscr1,1.9045972
Mir6386,0.0
Plscr2,0.0011494253
1700057G04Rik,0.0
Plscr4,0.6586207
Plod2,7.631039
B430319G15Rik,0.6643678
4933400C23Rik,0.004597701
1700034K08Rik,0.0
1190002N15Rik,26.419548
Mir7656,0.0011494253
Chst2,12.097703
U2surp,50.695396
Paqr9,0.20229883
Trpc1,0.608046
1700065D16Rik,0.07701148
Xrn1,11.396561
Gk5,1.3206897
Rnf7,22.57701
E030011O05Rik,0.016091954
C430002N11Rik,0.0
Slc25a36,6.2597723
Trim42,0.0
4921534H16Rik,0.0068965517
Rbp2,0.01724138
4930579K19Rik,0.2965517
Mrps22,24.50114
E330023G01Rik,0.029885057
Foxl2,0.0034482758
Gm6406,0.0
Prr23a,0.01724138
2410012M07Rik,0.059770115
7420426K07Rik,0.0
Foxl2os,0.057471264
Faim,10.850575
Gm1123,0.014942529
Cep70,6.8218427
Gm6432,0.0011494253
Mras,3.701148
Nme9,0.051724136
1600029I14Rik,0.025287356
Dbr1,10.581605
Cldn18,0.01724138
Dzip1l,3.6896536
Sox14,0.027586207
4930519F24Rik,0.0
Il20rb,1.0402298
Slc35g2,2.247126
Pccb,11.931037
Msl2,9.02069
LOC102633035,0.0
Mir7243,0.0
Ky,0.13908048
Cep63,17.941376
Amotl2,234.62302
Gm5627,0.009195402
Srprb,44.766644
Trf,3.9356318
Cdv3,9.425289
Topbp1,20.48277
5830418P13Rik,0.0
Bfsp2,0.0908046
4932413F04Rik,0.24712643
Nphp3,2.225287
Uba5,33.619553
Ackr4,0.016091954
Mir2136,0.0
Mrpl3,42.45175
Nudt16,10.288511
1700080E11Rik,0.0011494253
Aste1,8.098853
Glyctk,3.211494
Mir135a-1,0.0
Ppm1m,8.61954
Wdr82,38.80923
Tlr9,0.004597701
Mirlet7g,0.0
Twf2,16.808044
Alas1,19.071281
Dusp7,2.0057464
Iqcf1,0.0
Parp3,0.35747126
Rrp9,23.966667
Abhd14a,14.8712635
Acy1,10.174716
Iqcf5,0.0
Gpr62,0.60919535
Pcbp4,347.7428
Abhd14b,2.874711
Iqcf6,0.0
Grm2,10.339081
Tex264,9.94368
Iqcf4,0.0
Manf,81.59313
Rbm15b,20.657465
AA543401,0.0
Mapkapk3,0.36781606
Cish,5.0379305
Hemk1,7.3436823
Mir5120,0.009195402
Ifrd2,5.865517
Cyb561d2,7.727584
Tmem115,16.878159
Zmynd10,0.05402299
Sema3b,0.2804598
Hyal2,33.277027
Hyal1,4.6137924
Hyal3,0.46551722
Tusc2,27.91036
Rassf1,12.178155
Nprl2,16.686214
Nat6,6.1034517
Sema3f,1.1689653
Gnai2,26.74827
Slc38a3,0.21724138
Gnat1,0.042528737
Fam212a,23.15287
Traip,4.663218
Camkv,0.98850566
Mst1r,1.1149426
Actl11,0.040229887
Uba7,0.30459768
Mon1a,9.482759
Apeh,44.304623
Rnf123,25.317236
Mst1,0.18620688
Gmppb,9.750578
Amigo3,2.9770112
Mir7088,0.0011494253
Dag1,28.941385
Amt,3.7885056
Usp4,83.91156
Gpx1,111.13105
Rhoa,54.005737
Nicn1,31.929888
Tcta,14.043679
Ccdc71,13.3046
Usp19,54.44369
Lamb2,4.0494246
Ccdc36,0.4402299
Qars,71.866615
Klhdc8b,15.896549
BC048562,0.0
Impdh2,8.483909
Mir425,0.031034483
Mir191,0.012643678
Dalrd3,18.559776
Ndufaf3,11.022991
Arih2,18.316105
P4htm,3.2241378
Wdr6,133.79192
Prkar2a,45.894257
Slc25a20,11.5023
Tmem89,0.026436782
Celsr3,43.195374
Slc26a6,3.6540222
Ip6k2,7.883913
Nckipsd,6.5804605
Mir711,0.0
Col7a1,0.57471263
Pfkfb4,7.841383
Uqcrc1,156.70915
Ucn2,0.014942529
Tma7,6.439077
Fbxw21,0.0034482758
Trex1,4.37816
Ccdc51,5.591952
Plxnb1,44.345993
Atrip,10.440238
Fbxw14,0.0
Fbxw20,0.0068965517
Fbxw28,0.008045977
Fbxw22,0.0
Fbxw19,0.0
Fbxw15,0.0
Fbxw18,0.0022988506
Fbxw24,0.0
Fbxw26,0.013793103
Spink8,0.012643678
3000002C10Rik,2.0137918
Cdc25a,19.031034
Camp,0.01954023
Mir7089,0.05517239
Cspg5,1.0287358
Elp6,16.983906
Mir6236,5.170116
Ptpn23,12.970125
Ngp,0.0
Klhl18,5.749427
Nradd,13.881609
Setd2,49.36898
Nbeal2,1.2183905
Pth1r,4.0655155
Ccdc12,11.041383
Mir8107,0.0
Prss45,0.06206896
Prss46,0.0
Prss44,0.0
Prss50,0.07586207
Myl3,1.5103445
Prss43,0.0
Prss42,0.0022988506
Tmie,4.114942
Gm590,0.0
Rtp3,0.013793103
Tdgf1,0.27586207
Lrrc2,0.027586207
Ltf,0.0011494253
Ccrl2,0.0
Mlh1,20.065506
Epm2aip1,17.744827
Trank1,0.03448276
Dclk3,1.6701149
Mir128-2,0.0068965517
Pdcd6ip,36.775852
Mir5128,0.031034483
Fbxl2,7.266667
Ubp1,27.572422
Susd5,0.16666667
Crtap,6.065516
4930520O04Rik,0.055172414
Bcl2a1c,0.0
Tmppe,7.00115
4930525D18Rik,0.0
Ccr4,0.028735632
Cnot10,32.582764
Cmtm6,20.597694
Dync1li1,61.167843
Cmtm7,5.941379
Gpd1l,10.333335
Stmn1-rs1,0.224138
4930428G15Rik,0.022988506
Stt3b,162.38069
Azi2,24.209183
Eomes,0.0
4933432G23Rik,0.0011494253
Golga4,39.517227
Vill,1.2505745
Mir26a-1,0.0034482758
Plcd1,39.85058
Slc22a14,0.008045977
Acaa1b,0.26321837
Slc22a13,0.0
Slc22a13b-ps,0.13793102
Myd88,2.1609192
Xylb,3.1517234
Acaa1a,18.05288
Exog,30.5483
Wdr48,26.432186
Csrnp1,0.18505748
Xirp1,0.0
Ttc21a,0.13448277
Mobp,0.0
Slc25a38,12.932186
Rpsa,8.433327
Ccr8,0.0011494253
Snora62,0.21034484
Rpl14,37.073574
Eif1b,53.679314
Entpd3,0.004597701
5830454E08Rik,0.55632186
Ctnnb1,521.2104
1700020M21Rik,0.016091954
4930593C16Rik,0.0
Mir7090,0.68160766
Cck,1.3321838
Lyzl4os,0.0
Deb1,17.321846
Vipr1,0.45057473
E530011L22Rik,0.9057469
Nktr,41.07127
Sec22c,16.351725
Klhl40,0.03908046
Higd1a,8.57587
Hhatl,0.03448276
Ccdc13,0.6999999
Ackr2,0.020689655
Fam198a,0.3505747
Cyp8b1,0.0022988506
Pomgnt2,9.062073
1700048O20Rik,5.5712643
Mir8106,0.009195402
Abhd5,14.550578
A730085K08Rik,0.01954023
9530059O14Rik,0.7402298
Mir138-1,0.0
Topaz1,0.0022988506
Zfp445,53.56436
Zfp105,17.587358
Zkscan7,0.9356323
Tmem42,3.2586195
Tgm4,1.5931029
Kif15,13.951728
Exosc7,22.760921
Clec3b,0.024137931
Tmem158,1.7551724
Lars2,185.1942
Limd1,52.0506
Sacm1l,21.64829
Slc6a20a,0.0057471264
Lztfl1,8.593116
Ccr9,0.020689655
Fyco1,9.532185
Cxcr6,0.2034483
Xcr1,0.064367816
Ccr1,0.01724138
Ccr1l1,0.0
Ccr3,0.0057471264
Ccr2,0.0
2010315B03Rik,1.9126433
Nlrp4g,0.0011494253
4930526I15Rik,2.0172381
Ppp2r3d,5.7011595
Maob,0.54942536
Kif4,8.309196
Dmd,3.3586204
Mageb18,0.0
Gnl3l,39.20349
Eif1ax,59.844833
Frmpd4,0.02183908
Cask,30.26781
Cybb,0.0057471264
Tspan7,41.88047
A230072C01Rik,2.6827557
Gm2012,0.0
6030498E09Rik,0.0
Enox2,8.210346
Tenm1,0.56436783
Gpc3,29.919565
Slc9a6,4.3482747
Ikbkg,15.7241335
Mtm1,1.3574712
Tbl1x,30.52643
Il1rapl1,0.4597701
Heph,3.2172413
Pola1,10.23679
Apoo,0.9689637
Apoo-ps,0.0
Ophn1,11.362075
Amer1,21.928747
Slc16a2,38.666687
Atrx,99.31949
Pcdh11x,1.9735634
Diap2,1.2574712
Col4a5,2.8850577
Il1rapl2,0.0011494253
Gm15127,0.0
Pak3,2.7804594
Zcchc16,0.014942529
Gm15091,0.0
Luzp4,0.0
Phex,0.119540215
Smc1a,69.09884
Gpr64,0.36781612
Reps2,0.57701147
Bc1,0.0022988506
Arhgap6,0.10574713
Mid1,5.08046
Akap4,0.0034482758
5430428K19Rik,0.013793103
Shroom4,0.2908046
Dgkk,0.25172415
Clcn5,5.383909
Ccdc22,10.509203
Ccdc120,4.1781607
Otud5,24.29428
Wdr13,20.79655
Gm14459,0.0
Xk,0.63563216
Gm14499,0.0
Sytl5,0.04137931
Srpx,0.54712635
Bcor,18.033354
Med14,19.035652
Usp9x,26.525288
2010308F09Rik,0.12298849
Maoa,17.613802
Ndp,0.24482758
Fundc1,17.842525
Efhc2,0.077011496
Kdm6a,17.101166
Jade3,8.464373
Slc9a7,0.2908046
Usp11,63.44484
Klhl13,80.30804
Wdr44,3.8873544
Gm5935,0.0
Gm1993,0.0022988506
Gm5169,0.0
Dock11,6.926439
Sept6,56.306873
Upf3b,8.937933
Cul4b,21.233349
Lamp2,33.459774
Gria3,0.5448276
Thoc2,60.050564
Xiap,5.5563254
Stag2,20.39542
4930515L19Rik,0.0
Smarca1,3.1011486
Aifm1,27.036797
Bcorl1,5.868967
Slc25a14,9.548285
Mbnl3,2.5287354
Firre,14.227588
2610018G03Rik,0.14597702
Hs6st2,1.6494249
Usp26,0.010344828
Plac1,0.26666668
Phf6,63.025246
Mospd1,48.985054
Cxx1c,18.009197
Gm14625,0.0
Ddx26b,5.8459773
Zfp449,4.016091
Fhl1,3.8816087
Gm364,0.0
Arhgef6,1.5517243
Fgf13,98.119545
Atp11c,17.58391
Mcf2,0.050574712
1700019B21Rik,0.0
Fmr1,19.978159
Aff2,0.9091952
1700111N16Rik,0.0
Cd99l2,17.643688
Zfp185,0.15747125
Gabra3,2.27816
Gm14685,0.0
DXBay18,0.0
Pdzd4,1.1701144
Tktl1,0.32183906
Renbp,5.0747137
Fam50a,20.035646
Atp2b3,16.972414
Mecp2,18.629902
Gm5936,0.0
F8,0.9413792
Dkc1,48.585064
4933407K13Rik,3.124135
Mir669m-2,0.0
Prrg1,0.8103445
Tab3,4.9172387
Gyk,1.8839076
Pcyt1b,20.183908
Klhl15,2.0954015
Zfx,8.631041
Arhgef9,6.1402287
Zc3h12b,1.0034481
Hsf3,0.0
Las1l,33.59425
Ar,0.0022988506
Dgat2l6,0.0
Eda,1.6229882
Tex11,0.0057471264
Snx12,23.895405
Dlg3,5.101152
Itgb1bp2,1.7195401
Nlgn3,2.9931026
Taf1,17.22299
Phka1,3.708045
Hdac8,5.5264378
Nhsl2,1.7793097
Gm9159,0.07126436
Tsx,0.09195402
Abcb7,10.383908
Zdhhc15,4.441379
Fgf16,0.0068965517
5330434G04Rik,7.175864
Atp7a,28.095423
Fndc3c1,16.68391
Gm5127,0.028735632
Fam46d,0.0
Brwd3,8.774715
Hdx,5.294254
Rps6ka6,38.1667
Chm,7.6505775
Apool,24.533329
Dach2,6.9597716
Klhl4,0.17586206
Sytl4,4.882759
Nox1,0.011494253
Cstf2,28.97358
Zmat1,1.687356
Cenpi,5.1988482
Gprasp1,43.062088
1700008I05Rik,0.0034482758
Tmsb15l,0.0
Tceal1,5.8206925
C330013F16Rik,0.059770115
Nrk,0.7666665
Tbc1d8b,0.21494254
Morc4,1.3080457
Frmpd3,1.416092
Rbm41,5.8206906
Rnf128,0.24022987
Col4a6,0.22183907
Acsl4,13.196557
Gucy2f,0.014942529
Chrdl1,0.5034482
Tmem164,121.40686
Ammecr1,1.748275
Dcx,179.65173
Trpc5,0.01724138
Htr2c,0.008045977
Gm15085,0.0
Gm15085.1,0.0
Ott,0.0
Ott.1,0.0
Gm15114,0.0
Gm15097,0.0
Gm15085.2,0.0
Ott.2,0.0
Gm15093,0.0
Pfkfb1,2.3505738
Wnk3,7.9402313
Fam120c,2.3827567
Huwe1,113.03454
Iqsec2,0.23218392
Kantr,4.536782
Shroom2,1.8264364
4921511M17Rik,0.0
Gm15140,0.0
Samt1,0.0
Gm10057,0.0
Klf8,1.8701147
Magea5,0.0
Ptchd1,0.05402296
Cnksr2,8.050576
Mbtps2,12.568973
Sh3kbp1,8.590809
Map3k15,0.07241379
Ppef1,0.01954023
Phka2,8.824142
Scml2,0.5735632
Cdkl5,1.6137922
Rai2,0.80574703
Nhs,1.016092
Txlng,8.508048
Ctps2,23.188501
Tmem27,0.0034482758
Pir,1.5954024
Bmx,0.028735632
Glra2,0.15287356
Rab9,18.216099
Gpm6b,101.63109
Tlr8,0.0
Prps2,8.05747
Gm21950,0.0
Gm14345+Gm14346+Gm14351+Gm3701+Gm3706+Gm3750,0.0
Gm14345+Gm14346+Gm14351+Gm2913+Gm3701,0.0
Gm14345+Gm14346+Gm14351,0.0
Gm21637+Spin2-ps1,0.0
Gm14346+Gm14351+Gm3701,0.0
Gm3706+Gm3750,0.0
Gm14347,0.0
Gm10921,0.0
Gm10922,0.0
Gm5925,0.0
Gm3706+Gm3750.1,0.0
Gm3763,0.0
Mycs,0.004597701
Gm14374,0.0
Nudt11,5.196552
AU022751,0.032183908
Nudt10,4.657474
Bmp15,0.0
Ccnb3,0.113793105
Mir362,0.0
Mir188,0.0011494253
Mir501,0.0
Mir500,0.0
Mir532,0.0
Usp27x,0.583908
2010204K13Rik,1.8206885
Gm14379,0.06781609
Ppp1r3fos,0.6321839
Foxp3,0.1873564
Ppp1r3f,1.4666665
Praf2,18.259777
Magix,0.024137931
Plp2,1.3183897
Wdr45,10.357473
Syp,78.37127
Cacna1f,0.50919527
Gpkow,13.562067
Prickle3,0.3344828
Tfe3,14.878173
Kcnd1,1.0724138
Mir684-1.4,0.0
Gripap1,22.355183
Pqbp1,45.2264
Timm17b,18.798845
Eras,0.0
Gata1,0.1091954
Slc35a2,8.139083
Hdac6,18.150578
Pcsk1n,1.7080456
Pim2,3.7137911
Was,0.025287356
Suv39h1,34.38507
Glod5,0.009195402
Gm6787,0.25632197
Porcn,18.82643
Tbc1d25,9.649426
Ebp,19.854027
Ftsj1,33.443672
Rbm3os,0.6758621
Rbm3,15.841387
Ssxb9,0.0
Ssxb10,0.0
Slc38a5,0.91494256
Ssxb1,0.0
Ssxb2,0.0022988506
Ssxb3,0.0
Ssxb6,0.0
Ssxb8,0.0
Ssx9,0.0
B630019K06Rik,2.1333323
Ssxb5,0.0
Gm6592,0.018390805
Gm5634,0.0
Fthl17,0.0
Gm14458,0.0
Gm14511,0.0
Gm14499.1,0.0
4930402K13Rik,0.0
Gm5635,0.0
Lancl3,0.016091954
1700012L04Rik,0.0
Gm14501,0.0
Dynlt3,3.8448257
Gm5132,0.0011494253
4930557A04Rik,0.0
Hypm,0.0
Rpgr,16.747139
Otc,0.0
Mid1ip1,13.92644
Gm14479,0.0
Gm14479.1,0.0
Gm14476,0.0
Gm14476.1,0.0
Gm14477,0.0
Gm14477.1,0.0
Gm14477.2,0.0
Gm14477.3,0.0
Gm14475+Gm14476+Gm14477+Gm14479,0.0
Gm14476.2,0.0
Gm14479.2,0.0
Gm14479.3,0.0
Gm14475+Gm14476+Gm14477+Gm14479.1,0.0
Gm14482,0.0
Gm14479.4,0.0
Gm14476.3,0.0
Gm14477.4,0.0
Gm14482.1,0.0
Gm14482.2,0.0
Gm14482.3,0.0
Gm14475,0.0
Gm14478,0.0
Gm14478.1,0.0
Gm4906,0.0
Gm14474,0.0
Gm14476.4,0.0
Gm14475.1,0.0
Gm14475.2,0.0
Gm14475.3,0.0
Gm14475.4,0.0
Gm14483,0.0
Gm14483.1,0.0
Gm14484,0.0
2900008C10Rik,1.9011483
Gm14635,0.0
Atp6ap2,29.422987
Gm4984,0.0908046
1810030O07Rik,17.265528
Gm14634,0.55977017
AA414768,0.12873563
5730405O15Rik,0.08735633
Ddx3x,127.6356
Nyx,0.07241379
Gpr34,0.54712635
Gpr82,0.56206906
Gm5382,0.0
Ppp1r2-ps9,0.0
Cypt8,0.0
Cypt7,0.0
Cypt1,0.0
Dusp21,0.0
4930578C19Rik,0.0022988506
Mir221,0.0
Mir222,0.0
Chst7,0.7517241
Rp2h,9.2827635
Rgn,0.11149426
Rbm10,24.273561
Uba1,413.1242
Cdk16,92.04598
Ndufb11,31.05748
Cfp,1.9287351
Araf,41.04025
Syn1,12.568963
Elk1,10.839093
Timp1,0.35862067
Uxt,2.4632137
Mir5617,0.037931025
Zfp300,1.1413791
Spaca5,0.0
Zfp182,5.0390825
4930453H23Rik,0.0022988506
Gm5124,3.7804568
Gm6938,0.024137931
Agtr2,0.22873564
Slc6a14,0.0
Ppp1r2-ps7,0.0
Gm4907,0.028735632
Gm5934,0.0
Gm4297,0.0
Gm10058+Gm10096+Gm10147+Gm10230+Gm10486+Gm14632+Gm14819,0.0
Gm5168,0.0
Gm2030,0.0
Slx,0.0
Gm14525,0.0
Gm6121,0.0
Gm10058+Gm10096+Gm10147+Gm10230+Gm10486+Gm10487+Gm10488+Gm14632+Gm14819+Gm4836,0.0
Gm10058+Gm10096+Gm10147+Gm10230+Gm10486+Gm14632+Gm14819.1,0.0
Gm10058+Gm10096+Gm10147+Gm10230+Gm10486+Gm10487+Gm10488+Gm14632+Gm14819+Gm4836.1,0.0
Gm10058+Gm10096+Gm10147+Gm10230+Gm10486+Gm10487+Gm14632+Gm14819+Gm4836,0.0
Gm10058+Gm10096+Gm10147+Gm10230+Gm10486+Gm10487+Gm10488+Gm14632+Gm14819+Gm4836.2,0.0
Gm10058+Gm10096+Gm10147+Gm10230+Gm10486+Gm10487+Gm10488+Gm14632+Gm14819+Gm4836.3,0.0
Gm10058+Gm10096+Gm10147+Gm10230+Gm10486+Gm10488+Gm14632+Gm14819,0.0
Gm10058+Gm10096+Gm10147+Gm10230+Gm10486+Gm10487+Gm10488+Gm14632+Gm14819+Gm4836.4,0.0
Gm10058+Gm10096+Gm10147+Gm10230+Gm10486+Gm10487+Gm14632+Gm14819+Gm4836.1,0.0
Gm10921+Gm14345+Gm14346+Gm14351+Gm3701,0.0
Gm10921.1,0.0
Gm21637+Spin2-ps1.1,0.0
Gm2799,0.0
Gmcl1l,0.0
Gm2799.1,0.0
Gm21637,0.0
Gm21951,0.0
Gm2825,0.0
Gm2837,0.0
Gm2863,0.0
Gm2933,0.0
Gm2913,0.0
Gm2927,0.0
Gm14351,0.0
Gm2933.1,0.0
Gm14346,0.0
Gm3706,0.0
Gm14351.1,0.0
Gm3750,0.0
Gm10058+Gm10096+Gm10147+Gm10230+Gm10486+Gm10487+Gm10488+Gm14632+Gm14819+Gm4836.5,0.0
Gm10058+Gm10096+Gm10147+Gm10230+Gm10486+Gm10487+Gm10488+Gm14632+Gm14819+Gm4836.6,0.0
Il13ra1,0.11149425
Zcchc12,0.5712644
Lonrf3,0.18045977
Gm6268,0.0
Pgrmc1,79.10691
Akap17b,4.489656
Slc25a43,0.06666666
Slc25a5,45.842503
Gm15008,0.0
Ube2a,29.206907
Nkrf,4.942529
C330007P06Rik,4.7977
Snora69,0.07126437
Rpl39,27.5747
Sowahd,0.0
Akap14,0.042528734
Nkap,12.582755
Rhox1,0.0
Rnf113a1,2.9160914
Ndufa1,23.812647
Gm9,0.0
Rhox3e,0.0
Rhox4a,0.0
Rhox3a,0.0
Rhox2a,0.0
Rhox3c,0.0
Rhox2b,0.0
Rhox2c,0.0022988506
Rhox4b,0.0
Rhox3e.1,0.0
Rhox4c,0.0
Rhox4a.1,0.0
Rhox2f,0.0
Rhox4f,0.0
Rhox2d,0.0
Rhox4d,0.0
Rhox3e.2,0.0
Rhox4e,0.0
Rhox3f,0.0
Rhox2e,0.0
Rhox4g,0.0
Rhox2h,0.0
Rhox3h,0.0
Rhox2g,0.0
Rhox3g,0.0
Rhox5,0.042528734
Rhox6,0.050574712
Rhox8,0.0
Rhox7,0.0
Rhox9,0.014942529
Rhox10,0.0
Rhox12,0.0
Rhox13,0.01724138
4930430D24Rik,0.0
Rhox11,0.0
4930525M21Rik,0.0
Zbtb33,3.7218378
Tmem255a,0.43218386
Atp1b4,0.0034482758
C1galt1c1,8.827584
Mcts1,27.33677
Cypt15,0.0
Cypt14,0.0
Sh2d1a,0.0
Gm362,0.0
Dcaf12l2,0.096551724
Dcaf12l1,0.82528734
Prr32,0.051724136
Actrt1,0.0
Ocrl,17.058624
Apln,0.0816092
Sash3,0.0068965517
Zdhhc9,15.40345
Xpnpep2,0.022988506
9530027J09Rik,0.2597702
Utp14a,12.191957
Elf4,0.17011493
Zfp280c,13.759772
Rab33a,11.36092
Rbmx2,5.18621
Gpr119,0.014942529
Gm595,0.0
Arhgap36,2.5517242
Olfr1321,0.0
Igsf1,0.345977
Olfr1320,0.0
Olfr1322,0.0
Olfr1323,0.0
Olfr1324,0.0
Frmd7,0.04942528
Rap2c,11.756324
1700080O16Rik,0.0
Gpc4,1.7022989
Mir717,0.0
Mir6384,0.0011494253
A630012P03Rik,0.055172414
Mir363,0.012643678
Mir20b,0.0034482758
Mir92-2,0.0034482758
Mir106a,0.0
Mir18b,0.0011494253
Ccdc160,0.97701114
Kis2,0.01724138
Mir19b-2,0.0011494253
Mir542,0.0
Mir450-2,0.0011494253
Mir450b,0.0022988506
Mir351,0.0
Mir322,0.0
Mir450-1,0.0011494253
Hprt,24.299997
Mir503,0.0
C430049B03Rik,3.6632142
Fam122b,4.0494237
Fam122c,0.0
Etd,0.008045977
AW822252,0.1827586
4933416I08Rik,0.0
LOC100504039,0.0
4930502E18Rik,0.13333333
Cxx1a,2.547118
Cxx1b,5.5390825
Zfp36l3,0.012643678
1700013H16Rik,0.0
Xlr,0.01954023
Gm16405+Gm16430,0.0
Gm16405+Gm16430.1,0.0
Slxl1,0.0
Gm16404,0.0
3830403N18Rik,0.012643678
Gm773,0.0
1600025M17Rik,0.0
6330419J24Rik,0.4149425
Mir5116,0.0
Gm648,0.01724138
Mmgt1,27.395416
Mtap7d3,0.4850574
Htatsf1,49.760918
Brs3,0.008045977
Vgll1,0.0011494253
Cd40lg,0.0
Gm14718,0.0011494253
Rbmx,126.8367
Snord61,0.0022988506
Gpr101,0.0011494253
Zic3,0.29655167
4930550L24Rik,0.02183908
Mir504,0.0011494253
F9,0.0
Mir505,0.0034482758
Gm7073,0.0
Gm715,0.072413795
Sox3,0.011494253
C030023E24Rik,0.009195402
C230004F18Rik,0.05862069
Cdr1,0.008045977
Ldoc1,0.0011494253
4933402E13Rik,0.0
3830417A13Rik,0.0
Gm6760,0.0
Slitrk4,0.35862073
Ctag2,0.0
Slitrk2,1.7919524
Mir880,0.0
Mir743b,0.0
Mir878,0.0
Mir465,0.0
Mir465c-1+Mir465c-2,0.0
Mir465c-1+Mir465c-2.1,0.0
Mir465b-1+Mir465b-2,0.0
Mir465b-1+Mir465b-2.1,0.0
Mir471,0.0
Mir470,0.0
Mir883a,0.0
Mir741,0.0
Mir463,0.0
Mir871,0.0
Mir881,0.0
Mir883b,0.0
Mir743,0.0
Mir742,0.0
Mir465d,0.0
Gm1140,0.0
Gm14692,0.0
Gm14692.1,0.0
Gm1140.1,0.0
Mir509,0.0
Mir547,0.0
4933436I01Rik,0.0
Mir201,0.0
Gm10474,0.01954023
Fmr1nb,0.0
Gm6812,0.0
1700020N15Rik,0.0
Ids,4.233332
1110012L19Rik,9.950576
4930567H17Rik,0.0011494253
BC023829,22.51264
Gm14725,0.0
Mamld1,7.2643685
Mtmr1,7.075866
Hmgb3,12.012656
Gpr50,0.11034483
Vma21,10.011505
Gm1141,0.3149425
Cnga2,0.0
Prrg3,2.324138
Fate1,0.0011494253
Magea4,0.0
Gabre,0.11494252
Mir452,0.0
Magea10,0.0
Mir767,0.0
Mir105,0.0011494253
Gabrq,0.2494253
Nsdhl,50.643677
Mir2137,0.0
Cetn2,25.482765
Xlr3a,0.080459766
Xlr4a,0.12643678
Gm14685.1,0.0
Xlr5a,0.0
DXBay18.1,0.0
Pnma5,0.0034482758
Pnma3,0.3655172
Xlr5b,0.0
F8a,6.5517273
Xlr4c,0.0
Spin2d,0.0
Xlr3c,0.031034483
Xlr3b,0.06206896
Xlr4b,0.031034483
Zfp275,13.933332
Xlr5c,0.0
Bgn,5.558622
Trex2,0.0022988506
Haus7,26.314926
Zfp92,0.056321837
Pnck,3.9689655
Dusp9,1.9620681
Ssr4,34.82757
Srpk3,3.8206885
Bcap31,36.064373
Slc6a8,11.660922
Plxnb3,0.121839084
Idh3g,108.03566
Abcd1,5.271266
Avpr2,0.058620684
Arhgap4,0.82068956
L1cam,49.534477
Naa10,33.17585
Irak1,9.466673
Mir718,0.0
Hcfc1,123.16326
Mir5132,0.004597701
Tex28,0.0
Opn1mw,0.0034482758
Taz,18.759766
Atp6ap1,93.86894
Flna,227.65407
Rpl10,3.0333238
Emd,19.14254
Gdi1,286.34482
Dnase1l1,0.8149424
Snora70,1.7252839
Mir7091,0.004597701
Mir7092,0.20114954
Slc10a3-ubl4,0.02183908
G6pdx,35.808033
Slc10a3,4.1471276
Fam3a,8.703453
Lage3,7.1988497
Plxna3,55.883915
Ubl4,29.397726
Gm6880,0.0034482758
Olfr1325,0.0
Gm5640,0.0
Gm6890,0.0
LOC100503280,0.0
Gab3,0.19885056
Mpp1,9.527584
Smim9,0.0
Fundc2,20.325294
Brcc3,31.066668
Mtcp1,2.0999992
Vbp1,68.05058
Rab39b,10.079312
Pls3,21.022997
Gm4937,0.0
4930428D18Rik,0.0
4930468A15Rik,0.012643678
Mir421.1,0.0
Gm6927,0.0
Pbsn,0.0
Prkx,34.182774
5430402E10Rik,0.0
Gm14744,0.0
Obp1a,0.0
Gm14743,0.0
Gm5938,0.0
4930480E11Rik,0.0
Fam47c,0.0
Gm8787,0.028735632
Gm7173,0.3172413
Mageb16,0.0011494253
Tmem47,17.748278
4930595M18Rik,0.0
Tsga8,0.0
1600014K23Rik,0.0
5430427O19Rik,0.0011494253
Samt3,0.0
Nr0b1,0.050574712
Mageb4,0.012643678
Gm41,0.0
Mir1906-1+Mir1906-2,0.0
Pet2,0.01724138
4932429P05Rik,0.0
4930415L06Rik,0.0
Gm44,0.0
Mageb1,0.0
Mageb2,0.0
Gm5072,0.0
Gm5072.1,0.0
Gm14781,0.0
Mageb5,0.0
Gm5071,0.0
Mageb1.1,0.0
Mageb2.1,0.0
Gm5941,0.0
BC061195,0.0
BC061195.1,0.0
1700003E24Rik,0.0
1700003E24Rik.1,0.0
Arx,0.031034483
Pdk3,17.142527
AU015836,0.0011494253
Eif2s3x,4.8758535
Mir7673,0.008045977
Gm14827,0.45287353
Maged1,315.2057
Gspt2,6.3586216
Zxdb,1.6505738
Zxda,1.2551723
Spin4,1.3022985
Asb12,0.06666666
Zc4h2,39.545967
1700010D01Rik,0.016091954
Msn,56.817215
Vsig4,0.0
F630028O10Rik,0.0
Mir223,0.0
Gpr165,0.08390805
Pgr15l,0.0
Eda2r,3.6264372
Yipf6,12.236784
Stard8,0.30344826
Efnb1,11.596559
Pja1,94.63793
Gm14812,0.0
Tmem28,0.072413795
Mir676,0.0
Igbp1,34.263214
Otud6a,0.0
Awat2,0.34252873
Arr3,0.0057471264
P2ry4,0.01954023
Pdzd11,35.025284
Awat1,0.0
Gdpd2,0.20804597
Slc7a3,0.15747125
Med12,18.808046
Foxo4,0.9436777
Il2rg,1.1977012
Gm614,0.0022988506
Zmym3,15.186212
Gjb1,0.020689655
Nono,177.75171
Ogt,141.3805
Cxcr3,0.0
Rgag4,1.2149419
Rps4x,35.698822
Ercc6l,4.348275
Pin4,0.27011508
Cited1,1.0287356
Gm14858,0.012643678
Gm9112,0.0
Dmrtc1b,0.0
Dmrtc1c1+Dmrtc1c2,0.0
Dmrtc1c1+Dmrtc1c2.1,0.0
1700031F05Rik,0.0022988506
Gm5166,0.0
1700011M02Rik,0.0
Dmrtc1a,0.0908046
Gm5126,0.18850574
1700018G05Rik,0.004597701
Nap1l2,7.778163
4930519F16Rik,0.014942529
Cdx4,0.0
Chic1,5.7000027
Jpx,0.93218356
Xist,110.91272
Tsix,0.059770115
Mir374b,0.0011494253
Mir374c,0.0
Ftx,7.3000045
Zcchc13,0.0
Rlim,37.605774
Mir672,0.0
C77370,1.7735629
Uprt,0.8770115
1700121L16Rik,0.0
Magee2,1.2781609
Pbdc1,26.683926
5530601H04Rik,7.997709
Magee1,20.968971
E530001F21Rik,0.011494253
Mir384,0.0034482758
Cypt2,0.0
Magt1,33.479324
Cox7b,53.385056
Tlr13,0.0
Taf9b,5.143678
Pgk1,8.601158
Fnd3c2,0.0
Mir6382,0.0
Cysltr1,0.03678161
Zcchc5,0.2551724
Lpar4,11.712653
A630033H20Rik,0.0011494253
P2ry10,0.0
Gpr174,0.0
Itm2a,24.251726
4933401B06Rik,0.0022988506
Tbx22,0.0
2610002M06Rik,6.13908
Gm732,0.0
2810403D21Rik,0.4701149
5730416F02Rik,0.0034482758
Hmgn5,8.765521
Sh3bgrl,112.27695
Gm6377,0.03678161
Gm7134,0.009195402
Pou3f4,0.67931026
Cylc1,0.0
Tex16,0.0011494253
4933403O08Rik,0.0034482758
Satl1,0.0057471264
2010106E10Rik,0.0
Zfp711,18.654034
Pof1b,0.037931036
Ube2dnl1,0.0
Ube2dnl2,0.0011494253
Cpxcr1,0.0
H2afb2,0.0
Gm14920,0.0
Tgif2lx1,0.0
Tgif2lx1.1,0.0
Tgif2lx2,0.0
Tgif2lx2.1,0.0
Pabpc5,0.09195402
H2afb3,0.0068965517
Nap1l3,2.5885057
3110007F17Rik,0.46781608
Vmn2r121,0.004597701
4932411N23Rik,0.0
Gm382,0.0
4921511C20Rik,0.0
4930412D23Rik,0.0
4930558G05Rik,0.0
Pcdh19,0.67011493
Srpx2,0.014942529
Tspan6,79.198814
Tnmd,0.0057471264
Mir3112,0.0
Arl13a,0.0068965517
Xkrx,0.0908046
Trmt2b,2.2793095
Tmem35,13.265519
Taf7l,0.008045977
Drp2,1.7528732
Gla,4.465516
Rpl36a,1.314939
Timm8a1,0.7574699
Btk,0.042528734
Hnrnph2,25.690817
B230119M05Rik,0.089655176
Armcx1,17.05633
Armcx4,14.721847
Armcx2,63.340233
Armcx6,0.7528734
Armcx3,1.725283
Mir7093,0.004597701
Nxf2,0.10804597
3632454L22Rik,0.028735632
AV320801,0.0
Tceal6,0.12643677
Gm15023,0.0
Gm5128+Gm7903,0.0
Pramel3,0.0
Gm15023.1,0.0
AV320801.1,0.0
Prame,0.011494253
Nxf7,0.0011494253
Armcx5,4.2057467
Tmsb15a,0.0
Mir7646,0.0
Gprasp2,10.789657
Bhlhb9,46.49198
Arxes1,4.9850597
Arxes2,16.46781
Nxf3,0.0
5730412P04Rik,0.0022988506
Bex2,81.10114
Tceal8,51.30457
Bex4,2.9126358
Mir6383,0.0
Tceal7,0.18505746
Wbp5,52.143684
Ngfrap1,145.59537
Tceal5,0.43563208
Bex1,18.462063
Kir3dl2,0.0
Kir3dl1,0.0034482758
Tceal3,0.40459773
Glra4,0.020689655
Plp1,15.733338
Morf4l2,100.758575
BC065397,2.1540217
H2bfm,0.0
Rab9b,2.375862
Tmsb15b2,0.47701153
Zcchc18,41.029903
Tmsb15b1,0.68620616
Slc25a53,2.1551712
Fam199x,8.094256
Esx1,0.0034482758
Tex13a,0.0
Serpina7,0.0
4930513O06Rik,0.0
Mum1l1,5.3103456
Trap1a,0.0022988506
D330045A20Rik,0.79770106
Cldn2,0.0
Ripply1,0.0068965517
Nup62cl,0.11609195
E230019M04Rik,0.0
Mir3475,0.0
Prps1,40.048233
Tsc22d3,53.43908
Mid2,2.4126427
Tex13,0.0
Psmd10,23.81496
Vsig1,0.0
Irs4,0.011494253
Gm5643,0.11264358
Kcne1l,32.383915
Nxt2,4.8229885
Rgag1,1.1965518
Capn6,9.408051
A730046J19Rik,0.01724138
Alg13,7.716094
Trpc5os,0.0
Mageb16-ps1,0.0
Lhfpl1,0.21264368
Amot,5.7034492
Mir764,0.0
Mir1912,0.0
Mir1264,0.0
Snora35,0.0
Mir448,0.0
Mir1298,0.0
Il13ra2,0.0
Lrch2,3.5953965
Gm15080+Gm15085+Ott,0.0
Gm15107,0.0
Gm15093.1,0.0
Gm15127.1,0.0
Gm15085.3,0.0
Gm15093.2,0.0
Ott.3,0.0
Gm15085.4,0.0
Gm15093.3,0.0
Ott.4,0.0
Gm10439,0.0
Gm15104,0.03678161
Tmem29,16.12989
Apex2,17.957468
Alas2,1.2919532
Mir3620,0.0
Tro,30.506905
Maged2,70.12529
Tsr2,18.977009
Fgd1,3.7057455
A230072E10Rik,0.10229885
Phf8,19.697718
Mirlet7f-2,0.0
Hsd17b10,25.855173
Mir98,0.0022988506
Ribc1,1.4068966
Kdm5c,41.99196
3010001F23Rik,0.8850571
Tspyl2,19.6092
Gpr173,3.841375
Gm7157,0.0
Gpr143,0.0034482758
Mageh1,10.248279
Usp51,0.20344827
9530051G07Rik,0.32988504
Rragb,0.68160903
Foxr2,0.0068965517
Cypt3,0.012643678
Ubqln2,33.39311
Kctd12b,0.22528735
2210013O21Rik,26.451723
Spin2c,1.729885
4921511M17Rik.1,0.0
4921511M17Rik.2,0.0
4921511M17Rik+Gm15140+Samt1,0.0
Samt1.1,0.0
Samt1.2,0.0
Gm15140.1,0.0
Gm10057.1,0.0
Gm10057.2,0.0
Gm16445,0.0
4930524N10Rik,0.0
Samt4,0.0
Samt2,0.0
Magea6,0.0
Gm16390,0.0
Magea8,0.0
Magea2,0.0
Magea3,0.0011494253
1700042B14Rik,0.0
Magea1,0.0
Acot9,10.7885065
Sat1,4.073561
Prdx4,40.926464
4930503H13Rik,0.0
Gm6568,0.2091955
Sms,11.859787
Yy2,5.2482743
Smpx,0.059770115
Klhl34,0.70114946
Rps6ka3,6.5793123
Map7d2,4.1045957
A830080D01Rik,12.613795
Pdha1,57.68277
Rs1,0.03908046
Gja6,0.19885057
Rbbp7,65.14021
Syap1,15.644835
S100g,0.024137931
Grpr,0.0
Rnf138rt1,0.020689655
Ap1s2,22.568964
Zrsr2,16.001156
Mir467a-10+Mir467a-3+Mir467a-6,0.0
Siah1b,6.5919547
Car5b,0.042528734
Ace2,0.0057471264
Asb11,0.010344828
Figf,2.708046
Piga,9.279307
Asb9,0.029885057
Fancb,1.3988504
Mospd2,5.035631
Gemin8,5.95747
Ofd1,10.949429
Trappc2,3.1252794
Egfl6,1.829885
Tceanc,5.196554
Gm1720,0.45402294
Gm8817,0.009195402
Tmsb4x,1910.8734
Tlr7,0.0
Msl3,11.074721
Amelx,0.0
Hccs,14.979311
4933400A11Rik,0.010344828
G530011O06Rik,0.6597696
Asmt,0.0
Gm20854,0.0
Gm20736,0.0
Kdm5d,7.608049
Zfy1,0.004597701
Uty,5.224138
Usp9y,0.0
Rbmy,0.0
Gm21708,0.0
Rbmy.1,0.0
Gm21677,0.0
Gm20736.1,0.0
Gm20823,0.0
Gm20867,0.0
Gm20816,0.0
Gm20738,0.0
Uba1y,0.0
Eif2s3y,9.436787
Tspy-ps,0.020689655
Ddx3y,8.879309
Zfy2,0.0011494253
Gm16501+Gm6026,0.0
Gm16501+Gm6026.1,0.0
Sry,0.0
Rbmy.2,0.0
Rbmy.3,0.0
Gm21708.1,0.0
Gm21677.1,0.0
Gm10352,0.0
Rbmy.4,0.0
Rbmy.5,0.0
Gm21708.2,0.0
Gm4064,0.0
Gm21704,0.0
Gm21677.2,0.0
Gm21693,0.0
Gm10256,0.0
Rbmy.6,0.0
Gm21704.1,0.0
Gm21677+Gm21693+Gm21704,0.0
Rbmy.7,0.0
Gm21708.3,0.0
Gm21693.1,0.0
Gm21677.3,0.0
Gm21693.2,0.0
Rbmy.8,0.0
Gm21708.4,0.0
Gm3376,0.0
Rbmy.9,0.0
Gm20826,0.0
Gm20826.1,0.0
Gm20815,0.0
Gm20822,0.0
Gm20877,0.0
Gm21379+Rbm31y,0.0
Gm20831,0.0
Ssty1,0.0
Gm20822.1,0.0
Gm20877.1,0.0
Gm21379+Rbm31y.1,0.0
Gm20831.1,0.0
Ssty1.1,0.0
Ssty1.2,0.0
Gm20747,0.0
Gm20865,0.0
Ssty2,0.0
Gm20736.2,0.0
Gm20917,0.0
Gm20809,0.0
Gm20857+Gm20858,0.0
Gm20809.1,0.0
Gm20857+Gm20858.1,0.0
Gm20809.2,0.0
Gm20857+Gm20858.2,0.0
Gm20809.3,0.0
Gm20857+Gm20858.3,0.0
Gm20809.4,0.0
Gm20857+Gm20858.4,0.0
Gm20871,0.0
Gm20823.1,0.0
Gm20738.1,0.0
Gm20871.1,0.0
Gm20871.2,0.0
Gm20823.2,0.0
Gm20738.2,0.0
Gm20823.3,0.0
Gm20738.3,0.0
Gm20736.3,0.0
Gm20865.1,0.0
Gm20747.1,0.0
Gm20736.4,0.0
LOC100040786,0.0
Sly,0.0
Gm21943,0.0
LOC100040786.1,0.0
Sly.1,0.0
Gm21943.1,0.0
Gm20871.3,0.0
Gm20823.4,0.0
Gm20738.4,0.0
Gm20823.5,0.0
Gm20738.5,0.0
Gm20736.5,0.0
Gm20865.2,0.0
LOC100040786.2,0.0
Ssty2.1,0.0
Gm20806,0.0
Gm20823.6,0.0
Gm20736.6,0.0
Gm20823.7,0.0
Gm20736.7,0.0
Gm20809.5,0.0
Gm20865.3,0.0
Gm20747.2,0.0
Gm21943.2,0.0
Gm20736.8,0.0
Sly.2,0.0
Gm20736.9,0.0
Gm20806.1,0.0
Gm20917.1,0.0
Gm20736.10,0.0
Ssty2.2,0.0
Gm20806.2,0.0
Ssty2.3,0.0
Gm20806.3,0.0
Gm20747.3,0.0
Gm20736.11,0.0
Gm20854.1,0.0
Erdr1,0.009195402
Clvs2,0.11494252
Ust,1.4528732
Armc2,0.34712645
Gm20757,0.0
Utrn,29.90231
Vta1,37.25058
Txlnb,1.0988503
Ahi1,20.666676
Rnf146,20.586203
Ptprk,9.628739
Nkain2,0.18735632
Lama2,0.3804598
Wasf1,22.729898
Frk,0.42183906
Rev3l,26.954035
Hs3st5,16.297707
Grik2,4.045976
Prep,74.29656
Pkib,0.4
Nus1,13.2482815
Micu1,27.140223
Col13a1,0.2597701
Unc5b,1.9494245
Ctnna3,0.012643678
Lrrtm3,0.08275862
Pcdh15,52.98622
Arid5b,4.2505755
Slc16a9,0.029885057
Lss,47.03335
Gzmm,0.4310345
Pttg1ip,41.021854
Txnrd1,122.396484
Ap3d1,78.871254
4930483K19Rik,0.5
Anks1b,2.1080449
Ric8b,21.79425
Ano4,0.38390803
Bpifc,0.014942529
Dcn,0.77701133
Gm20110,0.035632186
5730420D15Rik,0.004597701
Mgat4c,0.4183908
Acss3,2.391953
Caps2,0.18045978
Tmem19,16.844831
Grip1,14.106899
Fam19a2,0.19770119
Ppm1h,1.1643676
Xrcc6bp1,2.0091946
Mthfd1l,6.986207
Plekhg1,4.6206903
Ppp1r14c,0.8091953
Akap12,61.07356
Esr1,2.1459758
Syne1,3.0735629
Rgs17,0.4183908
Syne1.1,0.014942529
Ipcef1,0.022988506
Cnksr3,2.6413777
Oprm1,0.0
Lrp11,38.30692
Katna1,26.52299
Zc3h12d,0.0011494253
Ulbp1,0.03333333
Sash1,1.2597693
Adgb,0.055172414
Stxbp5,6.821843
Grm1,0.0068965517
Epm2a,0.043678157
Phactr2,6.813799
Plagl1,59.249443
Hivep2,3.895402
Aig1,9.525286
Gpr126,1.3379308
Gm20125,0.08045977
Nhsl1,55.356335
Ccdc28a,1.7172408
Reps1,17.56783
D10Bwg1379e,3.4678154
Tnfaip3,0.67586195
Map3k5,0.24367817
Bclaf1,130.30806
Map7,0.2678161
Pde7b,0.025287356
Sgk1,0.92183906
Hbs1l,36.64599
Raet1c,0.0
Raet1a,0.039080456
Slc2a12,0.055172414
Raet1b,0.0
H60b,0.13793103
Eya4,0.12873563
Vnn3,0.0034482758
Med23,21.221842
Enpp1,0.16551726
Moxd1,4.0034475
Epb4.1l2,8.436789
Akap7,3.9666646
4930401C15Rik,0.0
L3mbtl3,8.064376
Arhgap18,2.2816083
Themis,0.0034482758
9330159F19Rik,15.049435
Rspo3,0.32528737
Hddc2,18.797703
Trmt11,9.119547
Ncoa7,7.6402373
Rnf217,1.9471265
Trdn,0.22298853
Trappc3l,0.014942529
Zufsp,11.01495
Nt5dc1,2.6724136
Fyn,47.822983
E130307A14Rik,6.2068987
Lama4,5.3068986
Cdk19,10.12644
Slc16a10,0.60114944
BC021785,0.014942529
Rpf2,34.542538
Mettl24,0.38160917
Ddo,0.10229885
Sesn1,14.085056
Fig4,17.447134
Ccdc162,0.08505747
Scml4,0.44712642
Lace1,1.9862067
Foxo3,0.55632186
Sobp,2.7804582
Pdss2,5.6540246
Rtn4ip1,11.398847
Speer5-ps1,0.0
Atg5,20.0931
Bves,1.4850574
Hace1,9.870117
Sim1,0.054022983
Ascc3,15.231045
Dcbld1,10.003453
Ros1,0.025287356
Slc35f1,28.888515
Cep85l,28.650578
Asf1a,33.85057
Fam184a,1.2126431
Mcm9,2.9459753
Man1a,1.6459768
Tbc1d32,3.1976998
Lims1,32.583897
Smpdl3a,3.286207
Ranbp2,24.491972
Mcu,6.2390833
Sh3rf3,5.518391
Psap,113.36437
Cdh23,0.14367816
Ascc1,13.919547
Aifm2,3.1701143
Pald1,3.2413783
Npffr1,0.048275862
Adamts14,0.37011495
Ccar1,96.610245
Hkdc1,0.105747126
Tacr2,0.0
Herc4,19.028744
Mypn,0.096551724
Pbld2,0.47011492
Jmjd1c,29.571276
Rtkn2,0.78850555
Zfp365,0.554023
Cdk1,28.52991
Ank3,44.386192
Ccdc6,11.1632185
Fam13c,4.3413806
Bicc1,0.6011495
C730027H18Rik,0.0022988506
D630013N20Rik,0.016091954
A330049N07Rik,0.008045977
Rtdr1,0.042528734
Specc1l,40.976994
Gnaz,6.524139
Bcr,31.325304
Dip2a,3.7862043
Pcnt,15.385072
Slc5a4a,0.0022988506
Cabin1,28.21839
Col18a1,26.274723
Adarb1,2.519539
Pcbp3,93.81613
Pfkl,53.706917
Tspear,0.39770108
Vmn2r80,0.0
Bc1.1,0.0057471264
Scamp4,32.106888
Arid3a,5.8287373
Sbno2,8.87357
Misp,0.65402293
Adamtsl5,0.0068965517
Mir6912,0.062068924
Gng7,6.2735662
Gm10778,0.0873563
Hcfc2,11.880464
Zfp781,0.1241379
Zfp873,7.679307
Chst11,2.860919
1500009L16Rik,4.5770116
Aldh1l2,4.4298854
D10Wsu102e,24.624134
Appl2,7.487357
Polr3b,16.58507
Rfx4,0.23448277
Nuak1,6.9402323
Btbd11,1.6942527
Stab2,0.22988504
Syn3,5.963221
BC030307,1.4689652
1700113H08Rik,0.004597701
Pah,0.014942529
Mybpc1,3.6827576
Ccdc53,8.57816
Chpt1,1.3517241
Arl1,12.433331
Dram1,0.088505745
Scyl2,10.757478
Uhrf1bp1l,16.645979
Nr1h4,0.01724138
Ikbip,3.2942514
Rmst,0.29655173
Cdk17,11.171273
Snrpf,11.278159
Vezt,26.127583
Lta4h,57.336777
Usp44,1.3804599
Ntn4,0.6839079
Fgd6,5.6563225
Plxnc1,0.6850572
Cradd,3.1264362
Cep83,7.242536
Nudt4,30.754023
Eea1,6.434486
Gm10754,0.0
Epyc,0.032183908
Gm8633,0.0
Atp2b1,22.47817
Cep290,5.4390855
Lrriq1,0.60689646
Alx1,0.5609196
Slc6a15,8.736783
Tmtc2,5.4954057
Mettl25,4.45977
Ppfia2,4.796551
Lin7a,4.151724
Otogl,0.18045977
Ptprq,0.016091954
Syt1,5.0114946
Pawr,0.64712656
Ppp1r12a,18.004604
Nav3,1.487356
E2f7,6.306898
1700020G17Rik,0.0
Glipr1l1,0.0011494253
Osbpl8,7.954028
Kcnc2,0.008045977
Tph2,0.9827585
Trhde,2.8919532
Tbc1d15,20.133343
Ptprr,18.82645
Lgr5,3.6402285
Cnot2,56.867817
Rab3ip,30.38275
Myrfl,2.3390806
Rap1b,33.18966
Mdm2,39.51839
Irak3,0.029885057
Hmga2,8.134493
Gns,60.80806
Msrb3,0.7103448
Srgap1,8.103449
4930503E24Rik,1.6574655
Slc16a7,0.6609196
Dctn2,151.88165
Avil,0.36666667
Nxph4,1.1034484
R3hdm2,13.381623
Nab2,1.067816
Sarnp,11.098851
Pan2,30.63908
Pmel,0.19080457
Erbb3,2.9678154
B020014A21Rik,0.0
H60c,0.0
Iyd,0.24597701
Zbtb2,4.4850593
1700052N19Rik,11.710348
Rmnd1,0.15747125
Gm5512,0.0
Ccdc170,0.12528735
Myct1,0.027586207
Vip,0.0
Mtrf1l,6.989658
Fbxo5,9.003449
BC020402,1.2057468
A630066F11Rik,1.9551723
Lats1,13.905752
Pcmt1,42.310345
Nup43,17.403454
Ppil4,33.014957
Ginm1,6.677012
Mir5104,0.0
Tab2,20.479324
Gm6150,0.0022988506
Samd5,0.36666662
Rab32,0.5643678
Gm5177,0.15977016
4930567K20Rik,0.0
Shprh,17.960926
Fbxo30,18.604614
Stx11,0.2781609
B230208H11Rik,0.12643678
Sf3b5,36.194263
Zc2hc1b,0.02183908
Ltv1,36.486206
Pex3,8.378161
Fuca2,3.8689651
Adat2,2.9379306
1700016L04Rik,0.027586207
Gje1,0.0
Nmbr,0.077011496
Cited2,42.262085
Heca,3.011492
Abracl,40.472374
Ect2l,0.044827588
Hebp2,3.760919
4930444F02Rik,0.0011494253
Gm4922,0.07816091
Perp,0.6034482
Gm20139,0.0
Olig3,0.2793104
Ifngr1,7.7505784
Il22ra2,0.0011494253
Il20ra,0.0
Pex7,9.342531
Slc35d3,0.12068965
Gm6251,0.073563166
4930405J17Rik,0.0
Mir6413,0.0
Mtfr2,0.32413787
Myb,0.9850574
4930455C13Rik,0.15862067
Aldh8a1,0.008045977
1700020N01Rik,0.0
Gm5420,0.0
E030030I06Rik,0.69885045
4930444G20Rik,0.0011494253
Raet1e,0.111494236
Gm10825,0.0022988506
C920009B18Rik,0.022988506
Raet1d,0.05287356
Tbpl1,76.48968
Mir7663,0.022988506
Tcf21,0.15517242
Rps12,0.7264361
Slc18b1,2.8103442
Snord100,0.3804598
Snora33,0.20229888
Taar1,0.0
Taar2,0.02183908
Vnn1,0.037931032
Taar6,0.0
Taar5,0.0
Taar4,0.0011494253
Taar3,0.0
Taar8b,0.0
Taar7e,0.0
Taar9,0.0
Taar8a,0.0
Taar7a,0.0
Taar7b,0.0
Taar7f,0.0
Taar8c,0.0
Taar7d,0.0
Stx7,46.27585
Ctgf,0.12643677
Enpp3,1.5321834
Arg1,2.7045972
Mir6905,0.1609196
Smlr1,0.0
Mir680-3,0.0
Gm9767,0.0
Tmem200a,0.31954026
Samd3,0.010344828
Gm8709,0.043678142
4930519F09Rik,0.70114857
2310057J18Rik,0.0
Soga3,37.145977
Echdc1,2.886204
Cenpw,7.2183943
Hint3,1.5494243
Gm20300,1.2034482
Hey2,1.3655171
Gm3258,3.5919368
Tpd52l1,1.0804594
D830005E20Rik,0.0022988506
Gm4794,0.0011494253
Rsph4a,0.11609195
Sult3a1,0.0
A830082N09Rik,1.4413791
Rwdd1,12.195408
Fam26d,0.0057471264
Fam26f,0.022988506
Fam26e,0.6218391
Dse,3.4505742
Tspyl1,48.40111
Tspyl4,36.91611
Col10a1,0.1137931
Hdac2,224.38744
Marcks,114.65282
Rfpl4b,0.0
Fam229b,1.95977
Wisp3,0.2413793
Tube1,4.608046
Traf3ip2,0.40344837
2010001E11Rik,0.0011494253
G630090E17Rik,0.0011494253
AA474331,0.15172416
AI317395,0.009195402
Gtf3c6,25.002296
Amd1,0.0034482758
Amd2,0.0
Slc22a16,0.0
Cdc40,24.718403
Gpr6,0.0
Zbtb24,12.231034
Mical1,14.388506
Cd164,132.83794
Smpd2,22.220701
Ppil6,0.35517237
5730435O14Rik,0.0
Cep57l1,5.8091965
Nr2e1,0.004597701
Snx3,40.200012
Ostm1,8.267817
Sec63,25.531046
9030612E09Rik,0.65862066
Bend3,4.2609177
1700021F05Rik,8.281618
Cd24a,336.82758
F830002L21Rik,0.043678157
1700027J07Rik,0.024137931
Qrsl1,8.495405
Aim1,0.2689655
Mir1929,0.0011494253
Prdm1,0.08160919
Popdc3,0.637931
Lin28b,18.097694
D030045P18Rik,0.120689645
Snord14c,0.0
Snord14d,0.0
C130030K03Rik,0.0057471264
Gp49a,0.0034482758
Lilrb4,0.013793103
Gprc6a,0.010344828
Fam162b,0.08275862
Rfx6,0.0
4933411G06Rik,0.0
Vgll2,0.66091967
Nepn,0.04137931
Gopc,13.177016
Zfa-ps,0.096551664
Gm19395,0.1045977
Pln,3.3390782
Gm20597,0.024137931
Gm16998,0.01724138
Msl3l2,4.521838
Gja1,14.516095
Hsf2,22.913815
Serinc1,125.102295
4930467K11Rik,0.027586207
Fabp7,55.648247
Dux,0.03678161
Gcc2,14.91725
Gm4981,0.0
Ccdc138,2.734482
BB019430,0.0034482758
Edar,0.057471264
Sept10,5.0367823
Sowahc,4.556323
P4ha1,29.778173
Oit3,1.1287357
Pla2g12b,0.020689655
Dnajb12,7.3080473
Anapc16,26.94368
Ddit4,6.8241444
Spock2,49.419483
Mir6906,0.15402296
Chst3,4.2632184
Gm17455,0.028735632
4632428N05Rik,0.35632178
Slc29a3,14.289653
Pldi,0.0
Mir6408,0.0
Gm20611,0.0
Pcbd1,7.371264
Tbata,1.9045973
Sgpl1,52.616127
Prf1,0.0
Nodal,0.031034483
Eif4ebp2,9.574723
Lrrc20,4.61954
Ppa1,96.58733
Tysnd1,15.762079
Sar1a,97.104546
H2afy2,71.21838
Mir5108,0.0022988506
2010107G23Rik,3.7091959
Tspan15,6.9701185
Neurog3,0.12183908
Mir7662,0.0
Hk1,14.779311
Hk1os,0.09885058
Vps26a,30.817242
Srgn,0.15632182
4930507D05Rik,0.6931033
Supv3l1,17.054033
2510003E04Rik,19.388502
Ddx21,43.581615
Ddx50,30.305761
Snord98,0.052873544
Stox1,3.5333326
Mir7215,0.0011494253
Tet1,15.225298
Rufy2,15.577025
Dna2,12.043684
Hnrnph3,16.445974
Slc25a16,4.752876
Pbld1,0.0
Atoh7,0.020689655
Dnajc12,4.2666674
Sirt1,9.23793
1700023F02Rik,0.0068965517
Reep3,23.088526
LOC102634101,0.21724136
Nrbf2,3.0770051
Ado,31.420681
Egr2,0.49195403
4930545H06Rik,0.0
1700040L02Rik,0.0
Tmem26,0.7252873
Rhobtb1,4.9275885
2310015B20Rik,0.08390805
Phyhipl,4.6379304
Ube2d1,62.594242
Tfam,21.09656
Ipmk,9.84943
Cisd1,31.09882
1700049L16Rik,0.0022988506
Zwint,170.69427
Rab36,4.309196
Gm5779,0.04482758
Adora2a,1.1873562
4933407G14Rik,0.0
Upb1,0.016091954
Ggt1,0.07356322
Lrrc75b,0.51609194
Ggt5,0.047126435
Snrpd3,44.775845
Gucd1,17.26437
Susd2,6.6988506
Gstt4,0.0
Gstt2,0.72643673
Gstt3,0.18735634
Ddt,14.48621
Gstt1,0.24482761
Mif,44.88043
Derl3,0.6275861
Smarcb1,115.112625
Gm5134,0.004597701
Chchd10,1.4977007
Mmp11,7.2287354
Vpreb3,0.09655172
Gm867,0.009195402
Mir6409,0.0
Zfp280b,18.140219
Slc5a4b,0.0057471264
Prmt2,60.78618
Mir678,0.0
S100b,0.12758622
1700094J05Rik,0.008045977
Mcm3ap,22.08966
2610028H24Rik,0.004597701
Ybey,3.0632164
Col6a2,1.1091952
Ftcd,0.040229887
Spatc1l,0.020689655
Col6a1,1.1310343
Gm10787,0.027586207
Slc19a1,14.416089
Pofut2,22.277018
Gm10941,0.25747126
Gm17769,0.7551724
Itgb2,0.03333333
Fam207a,26.856337
Krtap12-1,0.0
Mir1930,0.0011494253
Ube2g2,58.325275
Gm10024,0.0068965517
Gm19402,0.0
Sumo3,95.66668
Gm10272,0.0
Gm10142,0.0
Gm3238,0.0
Krtap10-4,0.0
Gm10318,0.0
Gm19668,0.0
Gm2696,0.0
Gm10100,0.0
Krtap10-10,0.0
1810043G02Rik,16.560917
Gm3285,0.0
1700009J07Rik,0.0
Trpm2,0.109195404
Lrrc3,1.6379308
Dnmt3l,0.0022988506
Aire,0.0022988506
Icosl,0.113793105
Pwp2,16.21035
D10Jhu81e,12.9574795
Trappc10,8.432184
Agpat3,11.44368
Cstb,13.066661
Pdxk,2.7781606
Rrp1,126.28049
Mir6907,0.0022988506
Mir6410,0.0
Mir6908,0.0
Ilvbl,9.819538
Syde1,1.3643675
Olfr1357,0.0
Ccdc105,0.01954023
Casp14,0.0
Olfr1356,0.0
Slc1a6,0.08965517
Olfr1355,0.0
Olfr1354,0.0
Olfr57,0.0011494253
Olfr1351,0.0
Olfr8,0.0
Olfr1353,0.0011494253
Olfr1352,0.0034482758
2610008E11Rik,27.294262
Vmn2r81,0.0034482758
Vmn2r82,0.0
Vmn2r83,0.0
Ppap2c,4.4563217
Mier2,18.38391
Mir6909,0.0022988506
C2cd4c,0.697701
Tpgs1,12.755176
Shc2,41.370125
Odf3l2,0.025287356
Cdc34,24.143675
Theg,0.0022988506
Madcam1,0.32068965
Polrmt,15.713791
Palm,86.64142
Hcn2,0.10689654
Fstl3,0.057471268
Rnf126,12.106897
Bsg,142.67589
Fgf22,0.016091954
Prss57,0.17471263
Mir7669.1,0.0
Ptbp1,105.46785
Prtn3,0.7965516
Med16,24.255161
R3hdm4,57.356327
Elane,0.0
BC005764,81.2356
E130317F20Rik,3.6655157
Kiss1r,0.38850576
Mir6910,0.37126407
Cfd,0.0068965517
Wdr18,35.649433
Hmha1,0.754023
Gpx4,13.791958
Cnn2,12.779307
Polr2e,69.55407
Abca7,25.951727
Grin3b,0.8241377
Tmem259,6.747134
Dos,3.8195324
Stk11,19.04597
1600002K03Rik,3.078159
Atp5d,97.124146
Efna2,7.3080535
Midn,19.20576
Cirbp,18.295412
Dazap1,10.543682
2310011J03Rik,15.890803
Mum1,33.903458
Ndufs7,40.901134
Pcsk4,0.23103449
Gamt,36.86783
Reep6,6.793104
Apc2,76.63906
Rps15,59.50118
Mir6911,0.07011491
Tcf3,91.3448
Plk5,0.0034482758
Uqcr11,28.27125
Mbd3,59.540207
Mex3d,9.891962
Onecut3,0.026436782
Atp8b3,0.87126404
Adat3,3.593101
Abhd17a,14.150578
Rexo1,28.597729
Klf16,3.9885035
Btbd2,22.89886
Csnk1g2,21.902304
Mknk2,20.465525
Izumo4,2.7137911
Mob3a,29.751728
Plekhj1,22.690807
Oaz1,0.20229909
Dot1l,14.857476
Lingo3,0.20574713
Sf3a2,13.293098
Mir1982,0.40000007
Oaz1-ps,0.0
Jsrp1,0.059770107
Amh,0.016091954
Lsm7,0.8402283
Sppl2b,12.608056
Gadd45b,0.2264368
Timm13,45.23908
Lmnb2,30.404613
Tmprss9,0.2114943
Sgta,96.168945
Slc39a3,23.514944
Map2k2,70.732254
Creb3l3,0.09080461
Thop1,38.08047
Diras1,2.4068964
Mir5615-1,0.0
Mir5615-2,0.0
Dapk3,8.181609
Nmrk2,0.032183908
Zfr2,1.826436
Zbtb7a,7.61725
Atcay,8.806896
Pias4,28.151722
Matk,0.3678161
Atcayos,0.0022988506
Eef2,640.5623
Snord37,0.32643676
Gipc3,0.0
Mir3057,0.06091953
Mfsd12,4.291953
Pip5k1c,41.673603
Fzr1,48.598846
Dohh,37.18159
Tbxa2r,0.31379312
Tjp3,0.36666664
Apba3,13.156324
Hmg20b,17.594261
Cactin,18.341385
Smim24,1.0471265
Mrpl54,24.45747
4930404N11Rik,0.7735626
Mir6913,0.34942505
S1pr4,0.01724138
Nfic,25.998848
Gna15,0.022988506
Ncln,41.54484
Celf5,1.1724136
Mir1191b,0.0068965517
BC025920,1.5068963
Tle6,0.75287354
Aes,30.90805
Tle2,5.965519
Sirt6,21.882767
Gna11,28.174728
Ankrd24,7.6689706
Zfp781.1,0.24827592
Zfp433,0.07931031
Gm10778.1,0.0
Zfp433.1,0.3310345
AU041133,3.1885037
Zfp938,7.0367846
Gm1553,0.0
Tdg,0.25057492
Gm9855,0.0
Glt8d2,0.14597702
1190007I07Rik,1.7758601
Nfyb,20.967796
1700028I16Rik,0.0
Eid3,0.36321837
Slc41a2,0.13333333
A230046K03Rik,22.687359
Ckap4,29.050577
4930463O16Rik,0.016091954
C330046G13Rik,0.0011494253
Tcp11l2,5.8057475
Cry1,14.029897
Mterfd3,18.997686
Fhl4,0.76206887
Tmem263,10.049428
Prdm4,25.26323
Pwp1,42.511494
Rtcb,110.11033
Ascl4,0.07356322
Fbxo7,4.164368
4930486F22Rik,0.009195402
Timp3,5.5137954
1810014B01Rik,0.8965514
Hsp90b1,259.13925
Nt5dc3,0.9034481
Ascl1,0.9620689
Igf1,1.5298849
Tyms-ps,1.2367787
Pmch,0.01954023
Parpbp,1.5172408
Nup37,9.827587
Sycp3,0.11379309
Gnptab,7.616093
Gm4925,0.16436781
Spic,0.024137931
Utp20,12.051736
Slc5a8,0.027586207
Gas2l3,2.0919538
Slc17a8,0.009195402
Actr6,7.7735662
Apaf1,11.348284
Tmpo,61.608093
Slc25a3,268.72037
Mir135a-2,0.0
Mir1251,0.0011494253
Nedd1,74.16431
Mir1931,0.044827584
Elk3,2.8080442
Gm17745,0.0057471264
Amdhd1,0.05862069
Hal,0.12528735
Ccdc38,0.40459764
Gm15915,0.06436782
Gm8580,0.20459788
4933408J17Rik,0.06206896
Mir331,0.051724136
Metap2,86.86096
Nr2c1,10.893103
Ndufa12,27.383896
Gm4792,0.073563226
Tmcc3,0.22298855
Mir7211,0.0011494253
Cep83os,1.5862068
Socs2,1.0666667
2310039L15Rik,0.0
Mrpl42,28.897697
Ube2n,20.265545
Mir3058,0.0057471264
4930459C07Rik,0.0022988506
Btg1,22.905758
4930556N09Rik,0.0022988506
Mir3966,0.0
Lum,1.6011496
Kera,0.12528737
4930473O22Rik,0.0011494253
Ccer1,0.0
Poc1b,13.244832
Galnt4,1.4954021
Dusp6,10.463214
Gm18409,0.0
Csl,2.7137828
Kitl,0.7183909
Gm4303,0.0
Gm4303.1,0.0
Gm4301+Gm4312,0.0
Gm4301+Gm4312.1,0.0
Gm4303+Gm4305+Gm4307,0.0
Gm4305,0.0
Gm4305.1,0.0
Gm4301+Gm4312.2,0.0
Gm4302,0.0
Gm4303.2,0.0
Gm4302.1,0.0
Gm4307,0.0
Gm4307.1,0.0
Gm4307.2,0.0
Gm4305.2,0.0
Tmtc3,6.763222
1700017N19Rik,0.050574712
4930430F08Rik,3.525284
Mir3059,0.0
Nts,0.059770115
Rassf9,0.08045977
Gm20765+Gm21293+Gm21304+Gm21312+Gm4340+Gm6763+Gm8764,0.0
Gm20765+Gm21293+Gm21304+Gm21312+Gm6763+Gm8764,0.0
Mir6411,0.0
Gm15663,0.6471264
Ccdc59,10.994252
Myf6,0.3367816
Myf5,0.32643676
Gm5136,0.18045989
9230102K24Rik,0.0057471264
Zdhhc17,34.537945
Csrp2,42.35055
Bbs10,3.1597695
Nap1l1,96.241394
Phlda1,28.40115
Gm5176,0.15402296
4933440J02Rik,0.009195402
Gm20758,0.05402299
Glipr1,0.018390805
Krr1,19.875875
Glipr1l2,0.0
1700010J16Rik,0.0
Atxn7l3b,141.20006
Mir669h,0.0
Rab21,3.873557
Zfc3h1,18.702295
Thap2,10.097711
A930009A15Rik,0.032183908
Tspan8,0.16896553
4933416C03Rik,0.12873563
Ptprb,0.26321843
Kcnmb4,2.1540213
Kcnmb4os1,0.043678157
1700030O20Rik,0.0
Lrrc10,0.012643678
4933412E12Rik,0.11724137
Best3,0.1275862
D630029K05Rik,0.004597701
Frs2,9.440231
Cct2,260.9562
Yeats4,34.265514
Lyz2,0.07931034
Lyz1,0.004597701
9530003J23Rik,0.0
Cpsf6,92.421745
Cpm,2.3206897
Slc35e3,2.3298824
Nup107,29.77011
4933411E08Rik,0.008045977
Mdm1,10.013801
Il22,0.0022988506
Iltifb,0.0
Ifng,0.0
Tmevpg1,0.0
Dyrk2,5.033333
C230029M16,0.0
1700064J06Rik,0.0
Cand1,107.750534
1700025F24Rik,0.020689655
Grip1os2,0.09770114
Helb,1.7264361
Tmbim4,21.97127
Llph,5.690809
9230105E05Rik,0.012643678
4921513I03Rik,0.088505745
Lemd3,5.9643726
Gm15910,0.25747126
Wif1,0.5022988
Tbc1d30,7.6965537
Rassf3,14.420696
Xpot,14.229883
Tbk1,17.903461
BC048403,1.4114941
D930020B18Rik,0.16666666
Gm9079,0.075862065
Gm4489,0.0
Tmem5,10.949437
Avpr1a,0.08620689
A130077B15Rik,0.0
Mir8104,0.0
Mirlet7i,0.014942529
Mon2,21.767818
Usp15,41.14137
Lrig3,6.8390837
Mir546,0.0
Ctdsp2,27.97817
Mir26a-2,0.0068965517
LOC100504703,1.6068935
Cdk4,555.95685
Mettl1,6.879311
LOC100504608,0.018390805
Cyp27b1,0.06666666
Os9,35.816093
March9,1.7551719
Tspan31,68.89195
Agap2,0.16436784
Tsfm,13.3862095
Arhgef25,19.639072
F420014N23Rik,0.30574706
B4galnt1,1.016092
Pip4k2c,12.596558
Kif5a,40.55404
Slc26a10,0.9091953
Dtx3,23.500006
Mir7669.2,0.0
Mars,62.080456
Inhbe,0.0022988506
Gli1,0.33678162
Inhbc,0.013793103
Ddit3,10.779318
Mbd6,10.425294
Arhgap9,0.02183908
Ndufa4l2,0.06206896
Shmt2,41.43335
Stac3,0.4724137
Lrp1,13.619535
Stat6,1.6528733
Gpr182,0.454023
Tac2,0.009195402
Tmem194,4.3172417
Zbtb39,3.479307
Myo1a,0.13908045
Rdh9,0.057471268
Rdh1,0.05747126
1700012D01Rik,0.03448276
Rdh7,0.0
Rdh16,0.012643678
Sdr9c7,0.0
Rdh19,0.0034482758
BC089597,0.0
Rdh18-ps,0.0011494253
Naca,31.017242
Hsd17b6,0.0011494253
Prim1,14.922993
Rbms2,15.814945
Ptges3,27.325293
Mir677,0.097701125
Atp5b,1017.83606
Baz2a,37.668983
Il23a,0.09425288
Timeless,17.775867
Gls2,0.18045977
Apon,0.17126437
Mip,0.07471264
Stat2,12.148278
Spryd4,7.0229897
Apof,0.029885057
Coq10a,6.439082
Nabp2,38.603447
Rnf41,53.055183
Slc39a5,0.05402299
Cs,195.10922
Cnpy2,60.30347
Mir6914,0.028735632
Ankrd52,14.374714
Mir6915,0.04827585
Pa2g4,116.258606
Smarcc2,43.591957
Esyt1,53.573563
Myl6,23.750584
Zc3h10,8.373565
Myl6b,0.1011494
Rpl41,38.191948
Mir8105,0.0
Mir6916,0.06091954
Rps26,73.017296
Rab5b,11.287365
Cdk2,18.741379
Ikzf4,1.5862064
Suox,9.271263
Mir6917,0.0011494253
Wibg,3.598842
Ormdl2,8.056323
Mmp19,0.09770114
Dgka,4.303448
Dnajc14,22.80804
Tmem198b,6.5724154
Itga7,0.9632183
Cd63,10.767818
Rdh5,0.5574712
Gdf11,1.485056
Bloc1s1,15.959788
Mettl7b,0.0
Olfr767,0.0
Olfr768,0.0
Olfr763,0.0
Olfr765,0.0
Olfr9,0.0
Olfr771,0.0
Olfr773,0.0
Olfr772,0.0
Olfr770,0.0
Olfr769,0.008045977
Olfr775,0.0
Olfr777,0.0
Olfr774,0.0011494253
Olfr780,0.0
Olfr781,0.0
Olfr776,0.0
Olfr782,0.0
Olfr784,0.0
Olfr788,0.0
Olfr786,0.0
Olfr787,0.0
Olfr791,0.0
Olfr798,0.0011494253
Olfr794,0.0
Olfr790,0.0
Olfr796,0.0
Olfr792,0.0
Olfr805,0.0
Olfr800,0.0
Olfr799,0.0
Olfr801,0.0
Olfr807,0.0
Mir684-1.5,0.0
Olfr803,0.0
Olfr806,0.0022988506
Olfr802,0.009195402
Olfr804,0.0057471264
Olfr809,0.0
Olfr810,0.0
Olfr814,0.0
Olfr813,0.0
Olfr812,0.0
Olfr808,0.0
Olfr811,0.0
Olfr816,0.0068965517
Olfr818,0.0
Olfr247,0.0
Olfr819,0.0
Olfr820,0.0
Olfr247.1,0.0
Olfr815,0.0011494253
Olfr822,0.0011494253
Olfr824,0.0
Olfr821,0.0
Olfr823,0.0
Neurod4,232.09303
Olfr827,0.0
Olfr825,0.0
Olfr826,0.0
Tespa1,0.28275862
Vmn2r84,0.0
Vmn2r85,0.0
Vmn2r86,0.0
Vmn2r87,0.028735632
Olfr318,0.0
Gabrp,0.11609195
Gabrg2,1.416092
Egfr,0.60804594
Prpf8,123.44944
Hnf1b,0.032183908
Sfi1,5.229885
Tbc1d10a,8.3919525
Kremen1,4.5046
Abca13,0.018390805
Bcl11a,31.533342
Ehbp1,6.26207
Ubtd2,27.273571
Tenm2,0.64597696
Slit3,0.78850573
Dock2,0.16781609
Sgcd,0.04942529
Adam19,43.548286
Glra1,0.058620695
Sowaha,1.5045975
Rapgef6,131.96095
Galnt10,6.452875
Col23a1,1.5597697
Arhgap44,4.406897
Cox10,14.183911
Mprip,72.87013
Dnah9,0.052873567
Tekt1,6.3022976
Alox12,0.05632184
Stx8,10.327589
Rap1gap2,16.849426
Myo1d,1.45977
Rffl,13.604594
Rab11fip4,0.6747126
Taok1,38.193096
Nlk,12.5413885
Abr,26.03564
Asic2,0.7172414
Mir8115,0.009195402
Vezf1,63.06094
Skap1,0.06896552
Spop,42.29539
Krtap2-4,0.0
Car10,0.1954023
Srcin1,1.6379304
Abcc3,0.0068965517
Wnt3,0.9942528
Prkca,3.5540218
Tanc2,58.135624
Rnf157,11.144828
Otop3,0.0862069
Slc39a11,20.097704
Engase,4.4011493
B3gntl1,3.7448237
Smtn,5.195402
Morc2a,43.443676
Limk2,50.040226
Osbp2,2.3344817
Mir3470a,0.008045977
Emid1,0.19770114
Mtmr3,26.032198
Zmat5,12.911494
Ap1b1,38.60692
Nudcd3,47.642548
Znrf3,7.1597733
Ankrd36,0.0022988506
Myl7,0.8137928
Camk2b,0.27126434
2210015D19Rik,7.1563196
Igfbp3,8.878162
Adcy1,28.032177
Ccm2,29.264364
Tns3,1.4586197
Sun3,0.0011494253
Zpbp,0.28965515
Vwc2,0.0
Cobl,1.0540229
Ppp3r1,46.208035
Meis1,9.058623
Sertad2,36.86782
Aftph,13.535643
Slc1a4,17.613794
Peli1,56.412685
Wdpcp,5.972414
4932414J04Rik,0.011494253
Ugp2,8.513797
Commd1,37.01262
Pus10,20.571268
Usp34,27.057491
0610010F05Rik,37.011497
4933430M04Rik,0.0011494253
5730522E02Rik,0.95747095
Vrk2,2.3172407
Ccdc85a,0.9448275
Ccdc104,24.904612
Eml6,0.61724126
Ccdc88a,92.49658
Sptbn1,53.211533
Psme4,70.47356
Acyp2,0.71839035
Erlec1,6.1011553
Asb3,11.37586
Nprl3,13.783911
Sh3pxd2b,21.142536
Ranbp17,23.70576
Npm1,237.54506
Kcnip1,5.7977023
Fam196b,0.2126437
Lcp2,0.41494253
Pank3,22.587368
Wwc1,12.037935
Gabrb2,0.76551723
Adra1b,0.56666666
Atp10b,0.07701149
Ebf1,74.78508
Rnf145,65.78508
Sox30,0.1413793
Clint1,19.59082
Gm12169,0.0011494253
Cyfip2,245.51833
Mir6989,0.0022988506
Mir6380,0.0
Gm5431,0.0
Sqstm1,71.01148
Cnot6,50.880474
Gfpt2,4.402298
Rasgef1c,0.76551723
Rnf130,23.598862
Adamts2,0.14137931
Grm6,0.014942529
Cdkl3,2.73908
Sar1b,34.24137
Fstl4,13.105753
Slc22a4,0.20574714
Slc22a5,3.7988489
4930404A10Rik,0.0011494253
Tnip1,5.640229
Ccdc69,0.052873567
Slc36a2,0.0011494253
Gria1,0.07816091
Zfp672,11.362076
Sap30l,4.1367793
Trim11,13.571268
Obscn,1.132184
Prss38,0.042528734
4933439C10Rik,3.6816077
Rai1,27.910358
Tom1l2,20.724152
Gid4,13.217245
Pemt,2.0839078
Alkbh5,30.679306
Aldh3a1,0.0011494253
Slc47a2,0.0
Map2k3,15.019541
Prpsap2,6.137934
Specc1,4.205746
Adora2b,0.09080459
Zfp286,10.159773
Mmgt2,4.917241
Ncor1,58.633354
Mir6354,0.0
Hs3st3a1,0.10804597
Shisa6,0.2862069
Gas7,0.59770095
Glp2r,0.010344828
Myh4,0.0068965517
Myh13,0.025287356
Usp43,0.11149425
Arhgef15,0.24367815
Myh10,60.816113
Pik3r6,0.0862069
Ntn1,1.0471263
Dnah2,0.85976994
Gabarap,143.87471
Rnf167,30.844831
Rabep1,40.228745
Nlrp1b,0.009195402
Pitpnm3,0.34252873
Trpv3,0.016091954
Ankfy1,15.894253
Gsg2,3.3367813
P2rx1,0.013793103
Ube2g1,51.52984
Zzef1,15.167829
Itgae,0.11494253
Spns2,3.967815
Pafah1b1,40.234493
Smyd4,4.406896
Rtn4rl1,16.009195
Mnt,5.845979
Smg6,22.840244
Timm22,37.181576
Vps53,30.709206
Nxn,54.26554
Rph3al,0.18045977
Ywhae,410.38956
Pitpna,24.928734
Fam101b,6.2298822
Ssh2,17.15288
Cpd,9.914946
Ccdc55,13.714946
Myo18a,27.275852
Foxn1,0.0034482758
Fam222b,19.821844
Sdf2,32.7023
Tmem199,37.644836
Phf12,15.112652
Nf1,9.514945
Ksr1,3.5471241
Rhot1,33.644836
Rhbdl3,21.108063
Utp6,32.0345
Cdk5r1,10.977012
Tmem132e,3.4333327
Ap2b1,57.99426
Taf15,3.2597659
Heatr6,24.774733
Synrg,17.394266
Acaca,9.972415
Bcas3,33.136765
Ppm1d,15.014937
Appbp2,44.594276
Usp32,9.3046
Brip1,1.9287349
Rps6kb1,28.844828
Mir467c,0.02183908
Vmp1,27.131044
Ints2,34.61265
Dhx40,24.613792
Ppm1e,7.4160967
Trim37,29.902304
Lpo,0.64137924
Tex14,0.04022988
Rnf43,0.2804598
Mrps23,34.28162
Msi2,18.467836
Ankfn1,0.0022988506
4932411E22Rik,0.0011494253
Stxbp4,24.617249
4930405D11Rik,0.0
Spag9,96.62639
Wfikkn2,1.4747127
Kat7,49.32988
Mycbpap,0.66781616
Pdk2,9.857471
Lrrc59,82.27933
A730090H04Rik,0.0
Hoxb3,10.480467
Socs7,13.596555
Npepps,42.993095
Rpl23,28.044823
Med1,23.963224
Erbb2,3.726435
Stac2,9.5229845
Casc3,34.302296
Rara,9.755184
Krt23,0.012643678
Smarce1,30.373539
Ifi35,0.54022974
Stat3,31.840235
Stat5b,4.203448
Nbr1,57.44944
Cntnap1,1.4643676
Atp6v0a1,41.649433
Psme3,70.22988
Dusp3,5.1999993
Gpatch8,47.81727
Gm884,0.0
Gfap,0.09655172
Gosr2,48.209187
Kansl1,26.203459
Nsf,31.14598
Tlk2,17.804615
March10,0.032183908
Pecam1,0.70229894
Strada,18.521841
Smurf2,12.862079
Dcaf7,68.44142
Tex2,5.2540264
Ern1,1.3988502
Bptf,48.157467
Helz,18.101154
Pitpnc1,11.045983
Cacng4,4.1379304
Cep112,1.5172409
Axin2,2.058618
Apoh,0.06781609
Abca8b,0.07011493
Wipi1,4.68161
Fam20a,0.072413795
LOC100503496,0.037931032
Kcnj16,0.0022988506
Map2k6,6.634483
Abca6,0.07586207
2610035D17Rik,16.82989
Sdk2,2.3471248
Tmem104,7.566668
Mir466n,0.0
4932435O22Rik,0.025287356
Ttyh2,50.541374
Itgb4,0.33793104
Srp68,55.128746
Trim65,2.0931025
Mrps7,36.048264
Sept9,174.8977
Cygb,0.18505745
Cyth1,11.765519
Afmid,0.56321836
Tnrc6c,22.934496
Dnah17,1.6183895
Tbc1d16,35.017258
Rbfox3,39.471268
Gaa,16.97472
Rptor,23.618408
Csnk1d,81.22416
Tbcd,36.649456
Ccdc57,2.21839
Lrrc45,17.35977
Rab40b,1.0379308
Narf,63.898853
Pisd-ps1,19.54254
Eif4enif1,25.941404
Drg1,112.078156
Patz1,52.19427
Gm11944,1.5976992
Pik3ip1,10.489655
8430429K09Rik,0.33908042
Pla2g3,2.9494245
Rnf185,33.3977
Selm,8.818404
Inpp5j,0.118390806
8430429K09Rik.1,4.3103433
Tug1,69.72411
Slc35e4,5.5103455
4921536K21Rik,0.7034483
Tcn2,11.086214
Dusp18,18.958622
Pes1,31.344849
Gal3st1,0.042528734
Sec14l4,0.031034483
Ccdc157,4.872415
Mir3060,0.04942528
Rnf215,10.417249
Mtfp1,3.1344817
Sec14l3,0.0011494253
Sec14l2,0.12988505
Sf3a1,73.194244
Lif,0.016091954
Gatsl3,0.58620703
Osm,0.0
Hormad2,0.044827584
Ascc2,18.250578
Uqcr10,34.87355
Gm11961,0.040229887
Nf2,41.44368
Cabp7,0.2689656
Nefh,0.4586207
Nipsnap1,45.751675
Thoc5,42.71723
AA413626,0.18965521
Mir6918,0.20229894
Gas2l1,5.7172422
Ewsr1,148.34715
Rhbdd3,4.4908037
Rasl10a,0.08850575
Mir3079,0.0
Xbp1,91.02528
Ccdc117,17.403448
Urgcp,15.281611
Mrps24,16.693106
Pgam2,0.8057466
Dbnl,58.65976
Aebp1,0.5735632
Polm,5.7873573
Pold2,20.728733
Ykt6,24.80115
Gck,0.62068963
Ddx56,41.616108
Tmed4,59.221863
Rps15a-ps6,0.95057315
Npc1l1,0.0
Ogdh,71.603485
Zmiz2,32.387356
Ppia,0.1758621
H2afv,83.02647
Gm11974,6.770119
Myo1g,0.008045977
Purb,16.223001
Nacad,56.808033
Gm11978,0.05632183
Wap,0.009195402
Ramp3,2.891954
Tbrg4,20.957464
Snora5c,0.037931032
Gm11981,0.0
Igfbp1,0.27931035
Gm11985,0.08045977
Hus1,9.531037
Gm11992,0.16436781
Upp1,2.6999993
4930415F15Rik,0.1091954
Ikzf1,0.09770116
Fignl1,14.587357
Ddc,0.4068965
1700042O10Rik,0.012643678
Grb10,197.15524
1700046C09Rik,0.0
Pom121l12,0.0
Vstm2a,0.028735632
Sec61g,1.7287294
Fbxo48,0.13793102
Eldr,0.7885056
Plek,0.43793106
Cnrip1,20.381613
Pno1,22.960922
Wdr92,14.387359
C1d,29.406912
Etaa1,6.4160943
4933406G16Rik,0.0
Spred2,1.2839081
Actr2,31.108072
Rab1,120.30693
Cep68,19.032194
Lgalsl,4.496552
Mir1933,0.009195402
Vps54,8.470121
Mdh1,179.40224
Otx1,0.037931032
Tmem17,2.5103438
B3gnt2,7.517242
Fam161a,0.28620693
Cct4,248.89993
Zrsr1,5.06207
Xpo1,66.53909
Ahsa2,49.306923
1700093K21Rik,0.03448276
Gm12060,2.994243
Pex13,24.189674
Rel,0.43333346
Papolg,10.774715
Gm10466,0.0
4933427E13Rik,0.004597701
Mir6372,0.0011494253
Fancl,7.781619
Gm12070,0.013793103
2810471M01Rik,0.16551727
Mir217,0.010344828
Mir216b,0.0011494253
Mir216a,0.0
Mir216c,0.0
Efemp1,0.4183908
Smek2,32.48507
Pnpt1,33.73104
Rps27a,3.962055
1700034F02Rik,0.22183907
Prorsd1,3.145974
Mtif2,17.371275
Rtn4,78.55628
4931440F15Rik,0.077011496
4930505A04Rik,0.024137931
Gpr75,0.6885056
Chac2,3.8666656
Stc2,0.10804598
Bod1,25.344843
D630024D03Rik,0.0
4930524B15Rik,0.13103448
Cpeb4,17.539093
Nsg2,43.87816
Rhbdf1,4.575861
Mpg,8.27127
Il9r,0.0
Snrnp25,21.635628
Hba-a1,0.0
Hba-a2,0.0
Hba-a2.1,0.0
Hba-x,19.96437
Hbq1b,0.025287356
Hbq1a,0.0068965517
Hba-a1.1,0.0
Stk10,3.19885
Efcab9,0.034482755
Fbxw11,48.91265
Smim23,0.0
Fgf18,0.73908037
Tlx3,15.967828
Kcnmb1,0.613793
Foxi1,0.0
Spdl1,6.093104
Mir218-2,0.0
Mir103-1,0.0
Rars,83.812614
Fbll1,1.0919534
Gm12130,0.0
Hmmr,10.700004
Nudcd2,31.881615
Ccng1,32.812622
Mat2b,31.33792
Gabra1,0.07931034
Gabra6,0.0
Mir146,0.0
Pttg1,20.55632
C1qtnf2,1.4999998
Slu7,37.975864
Fabp6,0.02183908
Ccnjl,41.10691
Pwwp2a,17.920689
Ttc1,33.92531
Il12b,0.008045977
Ublcp1,9.263222
Gm12159,0.0
F630206G17Rik,0.0011494253
Thg1l,8.089665
Lsm11,3.296551
Mir8100,0.025287356
Nipal4,0.09080459
Fndc9,2.05862
Mir7239,0.0
Itk,0.04712644
Havcr2,0.050574712
Med7,18.94942
Fam71b,0.06781609
Dppa1,0.0
Gm12171,0.0
BC053393,0.0
Gm4926,0.0
Havcr1,0.0
Timd2,0.009195402
Timd4,0.008045977
Irgm1,0.48045978
Snord95,0.19310349
Snord96a,1.3666637
Trim41,7.3563275
Gnb2l1,497.82065
Trim7,2.6195302
9930111J21Rik2,0.0
Psme2b,8.447139
Tgtp1,0.0
9930111J21Rik1,0.0
Gm12185,0.0
Olfr56,0.0
Olfr1395,0.0
Ifi47,0.083908044
Olfr1396,0.014942529
Tgtp2,0.0
9930111J21Rik2.1,0.0011494253
Mgat1,8.566668
Btnl9,0.011494253
Olfr1393,0.008045977
Olfr1394,0.0
Zfp62,29.23218
Olfr1390,0.0
Olfr10,0.0
Olfr1391,0.0
Olfr1392,0.0
Olfr1388,0.0011494253
Olfr1389,0.0
Olfr1387,0.0
Olfr1384,0.0
Olfr1382,0.0
Olfr1385,0.0
Olfr1386,0.0
Olfr1383,0.0
Scgb3a1,0.0068965517
Olfr1381,0.0
Flt4,0.35632187
Olfr1380,0.0
Mapk9,22.273565
Tbc1d9b,28.56093
3010026O09Rik,5.749426
Mir340,0.014942529
Ltc4s,0.0057471264
Canx,168.6207
Mgat4b,15.583912
Maml1,10.989655
Mir6919,0.05862066
Hnrnph1,366.62335
Rufy1,8.0046015
Mir804,0.0
Zfp354c,14.655176
Zfp879,0.437931
Zfp2,15.017241
Olfr1377,0.0
Zfp454,11.052878
Olfr1378,0.0
Zfp354b,0.570115
Prop1,0.0034482758
Olfr51,0.0
9230009I02Rik,0.0
Olfr54,0.018390805
Zfp354a,4.7735615
5133400J02Rik,0.0
Clk4,30.429869
BC049762,0.13218391
Phykpl,3.1666622
Rmnd5b,25.078167
Hnrnpab,292.65848
Nhp2,51.532166
Sec24a,9.660926
0610009B22Rik,11.837931
D930048N14Rik,0.016091954
N4bp3,0.31954023
Jade2,0.043678157
Ube2b,71.02525
Cdkn2aipnl,33.744827
Mir3061,0.12413792
Ppp2ca,85.696556
Olfr1373,0.010344828
Olfr1372-ps1,0.0011494253
Skp1a,170.1815
Tcf7,1.7160916
Olfr1371,0.0
Vdac1,105.94365
9530068E07Rik,81.63104
Gm11186,0.04942529
Hspa4,97.28966
Zcchc10,6.436783
Aff4,57.714912
Gdf9,0.7034482
Uqcrq,47.427605
Shroom1,0.3781609
Leap2,0.051724132
Mir6920,0.04367815
Kif3a,43.889675
Sept8,18.710358
Il13,0.0
Il4,0.01724138
Rad50,7.2103486
Il5,0.0022988506
Irf1,3.6298845
Gm12216,0.010344828
Mir7671,0.0
Slc22a21,0.66321844
P4ha2,21.170118
Pdlim4,75.080536
Csf2,0.0034482758
4933405E24Rik,0.011494253
Acsl6,9.862071
Il3,0.0
Fnip1,7.591961
Cdc42se2,81.58043
Hint1,73.29658
Lyrm7os,0.0022988506
Gpx3,5.9091973
Lyrm7,1.8689649
Anxa6,45.60692
Gm2a,6.5666685
Slc36a3,0.0
Fat2,0.055172414
Slc36a1,2.5528727
Slc36a1os,0.004597701
Sparc,24.544838
Gm12238,0.17931037
G3bp1,100.04825
Atox1,21.139084
Nmur2,0.01724138
Mfap3,37.26549
Fam114a2,40.966682
Hand1,0.02183908
Larp1,19.404608
Gemin5,30.977013
Gm12250,0.40344828
Mrpl22,7.401151
Cnot8,54.98849
Irgm2,0.0011494253
Zfp692,10.865519
Igtp,0.09425288
1810065E05Rik,0.0
Lypd8,0.0057471264
Sh3bp5l,34.89312
Olfr30,0.0
4930504O13Rik,0.0
Gm12253,0.0
Olfr224,0.0057471264
Olfr330,0.0
Olfr328,0.0
Olfr325,0.0
Olfr332,0.0
Olfr329-ps,0.0
Olfr331,0.0
Olfr322,0.0
Olfr323,0.0
Olfr319,0.0
2210407C18Rik,0.0034482758
Olfr320,0.0
Trim58,0.12758622
Olfr324,0.0
Fam183b,0.07011494
Olfr315,0.0
Olfr312,0.0
Olfr314,0.0
Olfr311,0.0057471264
Olfr316,0.0
Olfr317,0.0
Olfr313,0.0
2810021J22Rik,7.434487
Hist3h2a,12.52414
Rnf187,226.86313
Trim17,0.30344826
Zfp39,5.4862084
Hist3h2ba,12.472414
Btnl10,0.008045977
Hist3h2bb-ps,0.20919539
Arf1,109.12178
Gjc2,0.056321837
2610507I01Rik,2.3494253
Guk1,29.533323
Mrpl55,20.529892
Iba57,4.257471
2310033P09Rik,7.544825
Wnt3a,0.028735632
Wnt9a,3.7793093
Zkscan17,31.481606
Jmjd4,14.822993
Zfp867,6.2540245
Snap47,60.451725
Olfr223,0.03448276
Nlrp3,0.0068965517
Olfr222,0.0034482758
Olfr225,0.0
1700007J10Rik,0.102298856
Pld6,0.36091956
Flcn,23.691954
Cops3,100.785095
Nt5m,32.00577
Gm16062,0.34137934
Rasd1,0.44022986
Med9,17.982752
Med9os,0.25632182
Srebf1,25.842531
Mir6921,0.016091954
Mir6922,0.03333333
Atpaf2,19.732183
Lrrc48,0.5425287
Myo15,0.2091954
Drg2,55.313847
Shmt1,12.778165
Smcr8,12.924141
Mir5100,0.0011494253
Llgl1,68.13798
Mief2,7.365523
Flii,48.245987
Top3a,6.410348
Natd1,40.85976
Dhrs7b,13.311493
Tmem11,27.74942
Map2k3os,0.60574704
Kcnj12,7.3862085
Tnfrsf13b,0.010344828
Usp22,226.54135
Aldh3a2,9.468967
Rnf112,21.640242
Slc47a1,0.06091954
Epn2,31.493107
Mapk7,62.813824
B9d1,10.102305
Mfap4,454.92874
Slc5a10,0.004597701
Grap,0.12643678
Fam83g,0.08390805
Ulk2,24.164375
Akap10,8.058623
Ttc19,5.095403
Zswim7,2.8137908
Pigl,6.170115
Cenpv,2.7563205
Snord49a,0.21609198
Lrrc75a,2.5206892
Trpv2,13.352874
Snord49b,0.19885072
Snord65,0.15747127
Ubb,62.739086
Gm1821,0.0
2410006H16Rik,16.767822
Zfp287,6.4229884
Trim16,10.0528755
Fbxw10,0.1965517
Tvp23b,12.974717
Cdrt4,0.0011494253
Tekt3,0.0034482758
Pmp22,12.639084
Hs3st3b1,1.7885053
2810001G20Rik,7.371268
F930015N05Rik,0.029885057
Elac2,29.117256
Myocd,0.61379313
Gm12295,0.011494253
Mir744,0.018390805
Map2k4,41.310383
Zkscan6,12.060924
Gm12298,0.010344828
Pirt,78.295395
Myh3,1.4666663
Sco1,8.000005
Tmem220,0.30574715
Adprm,13.033329
Mir6923,0.0022988506
2310065F04Rik,0.48850572
Myh2,0.20574713
Myh1,0.052873563
Myh8,0.117241375
Rcvrn,0.0022988506
Dhrs7c,0.0022988506
Wdr16,0.02183908
Mir6406,0.0
Pik3r5,0.621839
Ccdc42,0.022988506
Mfsd6l,0.0
Rpl26,0.66666555
Ndel1,30.65402
Odf4,0.09195402
Rnf222,0.0011494253
Gm15772,0.0
Tmem107,4.7046
Mir3062,0.027586207
Ctc1,25.403448
Rangrf,1.1482737
Pfas,31.8931
Slc25a35,1.445977
2310047M10Rik,5.8287396
Aurkb,13.868967
Hes7,0.010344828
Alox8,0.009195402
Vamp2,31.31954
Alox12b,0.0068965517
Aloxe3,0.029885057
Per1,5.3275905
Cntrob,11.758628
Kcnab3,0.5448276
Gucy2e,0.01954023
Trappc1,54.625305
Naa38,8.547128
Tmem88,1.082757
Chd3,60.94828
Cyb5d1,1.0287343
Kdm6b,45.373585
Chd3os,2.8459764
Trp53,80.124115
Wrap53,12.587356
Efnb3,5.0080457
Mpdu1,30.112637
Eif4a1,58.876972
Senp3,25.077032
Mir1934,0.0022988506
Sox15,0.028735632
Tnfsf12Tnfsf13,0.0
Tnfsf12,0.057471268
Tnfsf13,0.0034482758
Sat2,5.155171
Tnfsf12Tnfsf13.1,0.0
Atp1b2,3.6413784
Fxr2,19.01609
Shbg,0.013793103
Cd68,1.0183908
Nlgn2,6.195405
Tmem102,0.0
Plscr3,22.76208
4933402P03Rik,0.0
Tmem256,20.360931
Zbtb4,0.8459769
Slc35g3,0.0
Tnk1,0.08390803
Fgf11,0.9160919
G630025P09Rik,0.016091954
Spem1,0.044827584
Chrnb1,0.2402299
Polr2a,78.84936
Cldn7,0.35632184
Eif5a,338.38058
Slc2a4,4.1356316
Ybx2,0.19425288
Elp5,61.075882
Gps2,19.967821
Neurl4,31.197702
Kctd11,1.0103447
Ctdnep1,8.401155
Tmem95,0.009195402
2810408A11Rik,6.6988544
Acap1,0.057471264
Mir6924,0.0
Asgr2,0.0034482758
Dlg4,8.25403
Phf23,27.811495
Mir324,0.042528726
Asgr1,0.028735632
Acadvl,29.466661
Dvl2,11.028736
Slc16a13,8.683911
Bcl6b,0.13448276
Clec10a,0.0
0610010K14Rik,20.904608
Mir497,0.0
Mir195a,0.0
Mgl2,0.0
Slc16a11,0.087356314
Rnasek,53.52642
Mir497b,0.0
Alox12e,0.0022988506
Alox15,0.0034482758
Arrb2,7.08621
Tm4sf5,0.0
Cxcl16,0.20689656
Vmo1,0.020689655
Med11,12.408057
Zmynd15,0.065517224
Pelp1,19.720686
Mir7115,0.1471264
Mink1,6.9977064
4930544D05Rik,0.008045977
Pld2,0.20229883
Psmb6,152.1954
Chrne,0.0068965517
Gp1ba,0.27011493
Slc25a11,78.0758
Gltpd2,0.080459766
Spag7,49.15632
Camta2,8.001154
Inca1,0.06551724
Zfp3,4.3183904
Pfn1,237.8896
Eno3,6.988505
Kif1c,0.7850573
Mir6925,0.0022988506
Scimp,0.0011494253
Nup88,104.097664
Dhx33,18.735634
Rpain,10.372421
6330403K07Rik,83.11957
Derl2,13.716096
Mis12,21.024158
C1qbp,88.75522
Nlrp1a,0.0034482758
Nlrp1c-ps,0.0022988506
Wscd1,5.3402305
4930401O10Rik,0.0
Fam64a,15.410341
Aipl1,0.07011494
Med31,14.93679
Txndc17,54.263214
4930563E22Rik,1.6793107
4933427D14Rik,14.027602
Xaf1,0.044827588
Fbxo39,0.0022988506
1700051A21Rik,0.0
Slc13a5,0.06321839
Mybbp1a,95.1334
Smtnl2,12.621839
Ggt6,0.018390805
Mir6338,0.0034482758
Spns3,0.009195402
Cyb5d2,2.0333326
Atp2a3,0.010344828
Camkk1,7.344825
1200014J11Rik,27.993124
Emc6,37.439064
Ctns,15.602302
Shpk,0.74827576
Tax1bp3,4.7080474
P2rx5,0.09310345
Trpv1,0.7
Olfr20,0.0
Olfr376,0.0
Olfr1,0.004597701
Spata22,0.0034482758
Aspa,0.035632186
Olfr382,0.0
Olfr378,0.0
Olfr75-ps1,0.0
Olfr381,0.0
Olfr380,0.0
Olfr384,0.0022988506
Olfr385,0.0
Zfp735,0.0022988506
Olfr390,0.0
Olfr389,0.0
Olfr395,0.0
Olfr393,0.0
Olfr394,0.0
Olfr392,0.004597701
Olfr391-ps,0.0
Olfr139,0.0
Olfr397,0.0
Olfr23,0.0
Olfr399,0.0
Olfr398,0.0
Zfp616,0.009195402
Olfr401,0.0
Olfr402,0.0
Olfr406,0.010344828
Olfr59,0.0
Olfr43,0.0
Olfr403,0.0
Olfr411,0.0
Olfr410,0.0
Olfr412,0.040229887
Cluh,19.389648
E130309D14Rik,4.3597703
Mettl16,18.854023
Srr,7.3471355
Sgsm2,5.778161
Snord91a,0.060919516
Tsr1,23.878178
Mir6926,0.0
Mir684-1.6,0.0
Mir132,0.0022988506
Hic1,0.7011494
Mir212,0.0
Ovca2,15.375863
Dph1,8.742526
Rpa1,37.190804
Wdr81,6.290806
Serpinf1,9.704595
Mir22,0.0
Tlcd2,0.7206897
Serpinf2,0.42528743
Mir22hg,0.9448276
Slc43a2,6.701152
Rilp,0.17356318
Mir3971,0.0022988506
Gm12338,0.25402302
Scarf1,0.3183908
Crk,62.801163
Myo1c,3.9287348
Inpp5k,20.250572
Doc2b,4.1252866
1700016K19Rik,0.0034482758
Rnmtl1,5.9643703
Gemin4,15.620695
Glod4,37.563232
Dbil5,0.114942536
Fam57a,11.313794
Bhlha9,0.026436782
Tusc5,0.0816092
Gosr1,18.609196
Tmigd1,0.0
Slc6a4,0.027586207
Blmh,95.63794
Efcab5,0.6298851
Mir423,0.0057471264
Ankrd13b,32.194256
Coro6,0.025287356
Trp53i13,14.27241
Abhd15,38.72301
Git1,14.440226
Cryba1,28.02874
Nufip2,22.89656
Sez6,4.6333337
Pipox,0.31379306
Gm11190,0.0
Dhrs13,4.5471263
Flot2,34.321823
Mir144,0.004597701
Eral1,17.129883
Mir451a+Mir451b,0.0022988506
Nek8,2.5057464
Tlcd1,0.87931037
Snord42a,0.03333333
Supt6,45.93681
Rpl23a,0.5333327
Snord42b,0.19770113
Snord4a,0.15402302
Traf4,113.65629
Proca1,0.46091962
Rab34,16.035637
Mir7653,0.0
Aldoc,0.9850574
Unc119,9.721844
Spag5,16.916088
2610507B11Rik,39.21494
Pigs,28.312653
BC030499,0.26091954
Slc13a2os,0.0
Sarm1,14.431038
Sebox,0.04942529
Slc13a2,0.0
Vtn,0.4793103
Slc46a1,3.4321828
Tmem97,6.916095
Tnfaip1,48.190792
Ift20,12.466664
Poldip2,57.051746
Fam58b,10.831032
Lyrm9,10.605751
Gm11201,0.7597699
Nos2,0.0011494253
Lgals9,17.802305
Wsb1,144.69647
Evi2a,0.6632184
Omg,0.27471265
Evi2b,0.013793103
Evi2a-evi2b,0.0
AU040972,0.12413792
Rab11fip4os2,0.011494253
Rab11fip4os1,0.2781609
Mir193a,0.0
Mir365-2,0.0
Crlf3,14.603446
Suz12,8.547133
Rnf135,1.1827585
Tefm,7.5448294
Atad5,12.650581
Adap2,0.0068965517
Zfp207,200.52063
Psmd11,64.795364
5730455P16Rik,18.526442
Spaca3,0.0011494253
4930507D10Rik,0.0
Tmem98,17.465515
1700071K01Rik,0.004597701
5530401A14Rik,0.0
Ccl7,0.0
Ccl2,0.0
Ccl8,0.0011494253
Ccl12,0.0
Ccl11,0.0
Ccl1,0.0
Gm11426,0.0
Zfp830,15.46437
Lig3,28.094276
Mir1928.1,0.0
Cct6b,0.17816095
Slfn5os,0.0034482758
Rad51d,8.802302
Unc45b,0.48505744
Slfn5,0.049425267
Nle1,9.700001
Fndc8,0.21034484
Slfn2,0.035632186
Slfn8,0.013793103
Slfn9,1.289655
Slfn10-ps,0.0
Mir7679,0.0
Slfn3,0.0011494253
Slfn4,0.0022988506
Slfn1,0.0
AI662270,0.012643678
AA465934,0.53563184
AI450353,1.080459
Pex12,11.932189
Snord7,0.0
Slfn14,0.08850575
Mmp28,0.040229887
1700020L24Rik,0.0
Rasl10b,0.8942529
Gas2l2,0.07356322
Ccl5,0.03333333
Ccl9,0.060919542
Ccl6,0.0034482758
Heatr9,0.037931032
E230016K23Rik,0.0011494253
Ccl3,0.009195402
Wfdc21,0.0
Wfdc17,0.0
Wfdc18,0.0011494253
Ccl4,0.0
Ddx52,24.547129
Dusp14,21.770124
Tada2a,15.374711
Gm11437,0.051724143
Lhx1os,0.54137933
Lhx1,0.57126427
Aatf,23.750595
1700109G15Rik,0.0011494253
Dhrs11,2.6160905
Pigw,1.2390802
Ggnbp2,51.425285
Myo19,7.1356335
Znhit3,16.294249
4930502E09Rik,0.025287356
Mrm1,2.9091945
Car4,0.020689655
1700125H20Rik,0.035632186
D630032N06Rik,0.06666666
Bcas3os1,0.39195397
Tbx2,1.817241
Bcas3os2,0.091954015
2610027K06Rik,0.17241378
Tbx4,0.17931037
Gm20759,0.0
Med13,37.471294
Rnft1,5.7264395
Tubd1,8.782763
Mir21a,0.0
Ptrh2,27.641369
Cltc,90.612625
Ypel2,6.071268
Gdpd1,62.216106
Prr11,5.222991
Mir301,0.025287356
Smg8,19.335642
Ska2,19.213797
Rad51c,3.6942523
Sept4,1.7689654
Hsf5,0.2735632
Mtmr4,56.98163
Mpo,0.105747126
Supt4a,14.112648
Mir142,0.0
Bzrap1,0.6965516
1110028F11Rik,0.009195402
Mir142b,0.0
Olfr463,0.0
Olfr464,0.0
Olfr462,0.0
Epx,0.0022988506
Mks1,6.786207
Dynll2,10.109194
Srsf1,176.26086
2210416O15Rik,0.05287356
Cuedc1,9.510351
1700106J16Rik,20.345978
Mir378b,0.059770107
C030037D09Rik,0.96436757
Akap1,16.411497
2210409E12Rik,0.0
Coil,16.726437
Gm15698,0.0022988506
Scpep1,41.836777
Scpep1os,0.029885057
Trim25,1.0666665
Dgke,7.70805
Gm525,0.0034482758
Dgkeos,0.087356314
Nog,0.032183908
Tmem100,0.01954023
Pctp,1.4735631
Mmd,8.660921
Hlf,0.024137931
Cox11,9.470121
Tom1l1,7.9643717
Kif2b,0.0
Mbtd1,17.350573
Nme2,53.86438
Nme1,232.54126
Utp18,27.063234
Tob1,7.473568
Luc7l3,47.7563
Ankrd40,15.397709
Cacna1g,1.947126
Epn3,0.044827588
Spata20,0.0
Acsf2,0.08160918
Chad,0.0
Rsad1,1.793103
Mrpl27,10.786211
Eme1,6.793105
Xylt2,8.652879
Gm11545,0.0034482758
Gm11541,0.14022988
Gm11544,0.0011494253
Tmem92,0.0
Sgca,0.0034482758
Col1a1,7.0931053
Samd14,49.758625
Hils1,0.0
Ppp1r9b,15.687357
Dlx3,0.2137931
Dlx4,0.0
Itga3,0.8977011
Tac4,0.113793105
Slc35b1,58.526413
Fam117a,1.7448269
Nxph3,0.08275862
Ngfr,23.65978
Phb,14.785062
B130006D01Rik,0.7356321
Zfp652os,0.08735633
Zfp652,2.8816087
Gngt2,0.008045977
Abi3,0.042528734
B4galnt2,0.04137931
Phospho1,0.010344828
4833417C18Rik,0.17471263
Gip,0.0034482758
Mir3063,0.0
Snf8,10.974707
Atp5g1,4.8976946
Igf2bp1,152.86423
Ube2z,22.274725
Hoxb13,0.048275862
Gm11538,0.012643678
Calcoco2,0.0
Ttll6,0.0
Mir196a-1,0.0034482758
Hoxb9,28.36322
Hoxb6,35.009197
Gm53,0.83103424
Hoxb4,2.7172358
Hoxb7,19.672415
Mir10a,0.032183908
Hoxb8,9.0873575
Hoxb5,15.396561
Hoxb1,0.44367814
Gm11529,0.0
Hoxb2,12.406903
Copz2,1.894253
Snx11,14.990804
Cbx1,33.881634
Mir152,0.0
Nfe2l1,25.56784
Gm11517,0.1816092
Pnpo,7.01954
Sp2,7.302303
Cdk5rap3,32.694267
Prr15l,0.028735632
D030028A08Rik,4.691956
Osbpl7,4.4149423
Mrpl10,24.644835
Sp6,0.22528736
Scrn2,4.850574
Tbx21,0.024137931
Lrrc46,0.91494244
Mir8103,0.0
Tbkbp1,0.86436784
Kpnb1,120.82644
Mir7235,0.0
Gpr179,0.3011494
Mrpl45,26.134497
4933428G20Rik,0.20459771
Arhgap23,2.07816
E130012A19Rik,4.1218367
2410003L11Rik,0.014942529
Pcgf2,5.378167
Psmb3,17.966673
Mllt6,9.471272
Cisd3,1.9816078
Pip4k2b,2.657469
1700001P01Rik,0.09770114
Cwc25,15.082766
Mir6927,0.0034482758
Mir8102,0.0057471264
Fbxo47,0.13563217
Snora21,0.066666655
Lasp1,15.511492
B230217C12Rik,2.1149426
Arl5c,0.0068965517
Cacnb1,3.7976997
Plxdc1,0.028735632
Rpl19,2.363208
Fbxl20,30.15401
Mir5119,0.014942529
Cdk12,18.293118
Tcap,0.17126437
Ppp1r1b,0.0011494253
Stard3,13.762071
Pnmt,0.13563219
Neurod2,4.691953
Pgap3,1.5586203
1700003D09Rik,0.0
Zpbp2,0.037931036
Ikzf3,0.13333333
Grb7,0.57241374
Mien1,40.267807
Gsdma,0.012643678
Gsdma2,0.012643678
Gm12,0.0
Ormdl3,19.563225
Psmd3,103.17013
Gsdma3,0.0
Med24,46.13677
Msl1,26.788498
Csf3,0.0011494253
Gm12359,0.39540228
Thra,6.785069
Nr1d1,2.2045953
Cdc6,7.875865
Wipf2,7.4643717
Rapgefl1,0.38390806
Igfbp4,43.637947
Gjd3,0.06666666
Top2a,65.43562
Tns4,0.031034483
Ccr7,0.0068965517
Krt222,0.08390805
Krt24,0.3011494
Krt26,0.0
Krt27,0.0057471264
Krt25,0.010344828
Krt28,0.049425285
Krt20,0.0
Krt12,0.0011494253
Krt10,4.3137913
Krtap3-1,0.0
Gm11938,0.0
Krt40,0.0
Gm11937,0.0
Krt39,0.0
Krtap3-2,0.0
Krtap3-3,0.0
Krtap1-5,0.0
Krtap1-4,0.0
Krtap9-3,0.0
Krtap1-3,0.0
Gm11562,0.0
Krtap4-2,0.0
Krtap4-7,0.0
Gm11563,0.0
Krtap4-1,0.0
Krtap4-6,0.0
Gm11554,0.0
Krtap4-8,0.0011494253
Krtap4-9,0.0
Gm11568,0.0
Gm11554.1,0.0
Krtap4-13,0.0
Gm11569,0.0
Gm11596,0.0
Gm11559,0.0
Krtap9-1,0.0
2300003K06Rik,0.0
Gm11595,0.0011494253
Krtap4-16,0.0011494253
Gm11564,0.0
Krtap17-1,0.025287356
Gm11570,0.10114942
Gm11567,0.0068965517
Krtap9-5,0.0
Gm11565,0.0
Krtap31-1,0.0
Krtap31-2,0.0
Krt31,0.004597701
Krt34,0.0
Krt36,0.016091954
Krt13,0.04137931
Krt33a,0.02183908
Krt15,0.45517242
Krt33b,0.0
Krt35,0.012643678
Krt32,0.0
Krt17,0.07931034
Krt9,0.013793103
Krt16,0.004597701
Krt42,0.0
Krt19,0.21034484
Krt14,0.4045976
Hap1,3.4413776
Gast,0.024137931
Jup,92.0621
Eif1,51.84942
Nt5c3b,22.63334
Fkbp10,3.914943
Leprel4,5.972415
Klhl11,4.9747133
Acly,309.97034
Klhl10,0.26781607
Cnp,13.82184
Nkiras2,10.654025
Dnajc7,95.46198
Ttc25,0.675862
Zfp385c,0.25287357
Kcnh4,0.5873562
Ghdc,5.3804574
Dhx58,0.9850573
Hspb9,0.057471264
Kat2a,35.175854
Rab5c,24.488495
Hcrt,0.0
Stat5a,0.18850575
Ptrf,0.58735627
Mir6928,0.09885052
Plekhh3,2.0126429
Mlx,30.927591
Fam134c,12.245978
Ccr10,0.11954023
Hsd17b1,0.024137931
Coasy,33.34483
Tubg2,2.2517238
Tubg1,53.236794
Naglu,4.0505753
Psmc3ip,11.212635
Ramp2,0.7827585
Coa3,35.232212
Cntd1,0.40229866
Vps25,44.720688
Wnk4,1.0218393
Ezh1,5.371265
Becn1,44.15632
Aoc3,0.09425286
G6pc,0.0
Aoc2,2.1908042
Aarsd1,37.222996
Ptges3l,0.913793
Rpl27,0.80574495
Rundc1,11.64828
Mir6929,0.009195402
Brca1,5.7770114
Vat1,7.9839125
Rnd2,2.4712622
Rdm1,1.3264365
Tmem106a,0.43678162
LOC666331,0.0011494253
Arl4d,19.017242
Etv4,0.2
Dhx8,36.57702
Sost,0.0
4930417O22Rik,0.0
Meox1,0.9931032
Cd300lg,0.011494253
Mpp3,20.026442
1700006E09Rik,0.0057471264
Ppy,0.0
Mpp2,2.4827588
Lsm12,6.2045975
Hdac5,32.032196
Nags,0.020689655
Pyy,0.0057471264
Tmem101,9.566665
G6pc3,7.2229915
Mir8101,0.0
Asb16,0.009195402
Atxn7l3,13.049439
Tmub2,38.041393
Ubtf,41.117218
BC030867,3.3310342
Slc4a1,0.783908
Rundc3a,20.993124
Itga2b,0.22758622
Slc25a39,78.23566
Grn,21.204592
Fam171a2,2.2459748
Mir6930,0.011494253
Fzd2,11.947134
Gm11627,0.21839082
2810433D01Rik,0.009195402
Gm1564,0.09080459
Ccdc43,23.11724
Gjc1,14.43448
Fam187a,0.0
Ccdc103,0.6206896
Eftud2,101.929886
Adam11,80.34713
Higd1b,0.03333333
Dcakd,102.290794
Kif18b,3.0505745
C1ql1,0.035632186
2410004I01Rik,0.21149425
Mir6931,0.0
Nmt1,31.718401
Hexim2,2.6689646
Hexim1,2.886205
Acbd4,0.46551725
Plcd3,0.17471263
Fmnl1,0.055172414
Spata32,0.0034482758
Map3k14,1.1574713
1700023F06Rik,0.004597701
Arhgap27,0.09770114
Arhgap27os3,0.0022988506
Plekhm1,8.651729
Lyzl6,0.0068965517
Rprml,0.012643678
C130046K22Rik,2.112643
Wnt9b,0.0022988506
Arf2,36.479313
Crhr1,0.21034484
Sppl2c,0.020689655
Mapt,31.398859
Cdc27,44.53332
Myl4,1.2057471
Itgb3,1.0747125
Efcab3,0.016091954
1700052K11Rik,2.0275855
Mettl2,16.68391
Mrc2,1.5781609
Kcnh6,36.020687
Ace,1.0241379
Ace3,0.009195402
Cyb561,6.5954056
Gm11651,0.004597701
Limd2,58.139053
Taco1,2.8080447
Map3k3,9.373562
Tcam1,0.12298851
Smarcd2,52.447155
Ccdc47,27.790815
Ddx42,58.859787
Psmc5,187.08374
Ftsj3,48.00001
Cd79b,0.027586207
2310007L24Rik,0.0011494253
Icam2,0.40344825
Scn4a,0.0068965517
Gh,0.0011494253
Snord104,0.9034467
Milr1,0.055172406
Ddx5,463.61603
Mir3064,0.9333316
Cep95,9.285065
Polg2,2.8482752
1810010H24Rik,0.19310346
Kpna2,3.8930893
Nol11,35.834484
Psmd12,78.58045
Cacng1,0.101149425
Mir6932,0.032183908
Cacng5,6.129886
Mir7223,0.0
E030025P04Rik,0.0022988506
Rgs9,0.29425287
Amz2,18.348299
Gna13,19.551735
1700096J18Rik,0.018390805
Gm11696,0.46781605
Slc16a6,1.3298849
Arsg,0.54597694
Prkar1a,235.11156
1700012B07Rik,0.0
1700023C21Rik,0.0
Abca8a,0.011494253
Abca9,0.11034483
Abca5,0.837931
Kcnj2,0.010344828
BC006965,0.0022988506
Sox9,2.6816072
4732490B19Rik,0.12643677
Sstr2,36.406895
Cpsf4l,0.07701148
Cdc42ep4,83.08161
Fam104a,10.9011545
D11Wsu47e,8.758623
Cog1,94.74938
1700092K14Rik,0.0
Rpl38,8.835636
Kif19a,6.8977075
Btbd17,53.311512
Dnaic2,2.860919
Gpr142,0.07471264
Cd300a,0.06781609
Gprc5c,5.45862
Cd300lb,0.0
AF251705,0.009195402
Cd300lh+Gm11710+Gm11711,0.0
Gm11710+Gm11711,0.0
Cd300e,0.0
Cd300c,0.010344828
Cd300lh,0.0
Cd300ld,0.012643678
Cd300lf,0.052873563
Slc9a3r1,7.2885094
Rab37,0.4436782
Nat9,5.8241405
Grin2c,0.04597701
Fads6,0.11609195
Fdxr,5.9390783
Ush1g,1.0724138
Otop2,0.004597701
Kctd2,6.3448277
Ict1,24.916077
Atp5h,26.645973
4933422H20Rik,0.03333333
Cdr2l,15.879313
Slc16a5,0.083908044
Hid1,36.087364
Mir3968,0.0
Gga3,18.737942
Sumo2,0.21954036
Hn1,222.67131
Nt5c,20.07816
Mir684-1.7,0.0
Armc7,2.8586204
Nup85,40.91726
Mif4gd,2.7965503
Grb2,13.728737
Slc25a19,12.794256
2310067B10Rik,13.671266
Llgl2,0.7390805
Caskin2,5.1482773
Tsen54,9.54138
Mir5621,0.016091954
Smim6,0.32758626
Sap30bp,32.63217
Smim5,0.22413789
Recql5,12.574715
Trim47,0.64827585
Galk1,24.409193
H3f3b,285.0196
Unk,19.40001
Wbp2,59.554024
Unc13d,0.17701149
Mrpl38,26.69311
Acox1,30.663202
Ten1,15.875859
Fbf1,22.671272
Evpl,0.7057471
Cdk3-ps,0.55057466
Galr2,11.406904
Foxj1,0.083908044
Exoc7,32.759773
Qrich2,0.071264364
Prpsap1,113.94378
Ubald2,0.23333356
Gm7367,0.0
Sphk1,5.5252876
Aanat,0.12413792
Rhbdf2,58.87815
Ube2o,43.3161
St6galnac2,0.35517234
Snord1a,0.0
Snord1c,0.028735632
Gm11744,0.06896552
St6galnac1,0.0
Snord1b,0.09655171
BC018473,0.01954023
1810032O08Rik,8.442531
Mettl23,13.617243
Srsf2,144.83109
Jmjd6,35.585068
Mfsd11,13.352876
Mxra7,5.5103426
Mgat5b,6.233336
Sec14l1,40.535656
2810008D09Rik,4.8942547
Mir6516,0.1528736
2900041M22Rik,0.13793103
Tmc8,0.2183908
Tk1,4.6988516
Syngr2,7.9057503
Tmc6,7.0126514
6030468B19Rik,0.0034482758
Birc5,22.73793
Tha1,1.1850572
Tmem235,0.0
Pgs1,22.696548
Mir6933,0.09540223
Socs3,0.55632186
BC100451,0.057471268
Timp2,7.2827606
Usp36,14.742541
C1qtnf1,0.55402297
Lgals3bp,0.50344825
Cant1,17.310349
Gm11747,0.01724138
Enpp7,0.0011494253
Cbx8,3.4034472
Cbx2,48.83567
Cbx4,2.1965513
Ccdc40,12.757474
Mir6934,0.0034482758
Eif4a3,74.34251
Mir1932,0.0011494253
Sgsh,3.0080447
Card14,0.022988506
Slc26a11,0.96781605
Endov,19.90689
Gm11762,0.011494253
Nptx1,0.73103446
Chmp6,24.179314
Rptoros,0.35287365
Mir338,0.0
Mir3065,0.0
Aatk,0.43908045
Baiap2,6.41954
1810043H04Rik,4.4241314
2810410L24Rik,1.3367805
Enthd2,11.617247
Slc38a10,67.863235
Cep131,13.414948
Bahcc1,16.989658
Nploc4,29.73333
Pde6g,0.12298851
2310003H01Rik,18.702305
Tspan10,0.011494253
Actg1,21.08849
Fscn2,0.12873563
0610009L18Rik,1.0390803
Mir6935,1.3896524
Slc25a10,21.605755
Arl16,16.488504
P4hb,258.8552
Ccdc137,17.444834
Hgs,53.14945
Ppp1r27,0.05632184
Arhgdia,243.28984
Gcgr,0.027586207
Fam195b,73.41032
Oxld1,2.299999
Mrpl12,38.951714
Myadml2,0.0022988506
Sirt7,20.531033
Alyref,20.314938
Stra13,8.726439
Mafg,8.6655245
Anapc11,24.813797
Aspscr1,32.712643
Notum,0.47586206
Npb,0.022988506
Pcyt2,25.916101
Pycr1,5.6873593
Mir6936,0.027586207
Cbr2,0.059770115
Dcxr,4.7080455
Gps1,10.786211
Rac3,8.822989
Dus1l,26.378166
Rfng,21.422983
Fasn,160.85522
Slc16a3,12.443678
Sectm1a,0.014942529
Sectm1b,0.0022988506
Cd7,0.0
BC017643,30.07013
Hexdc,4.163219
Tex19.1,0.03333333
Ogfod3,5.7540255
Tex19.2,0.028735632
Uts2r,0.010344828
Foxk2,23.857489
Wdr45b,39.08735
Fn3k,0.2735632
Fn3krp,2.8689647
Mir7236,0.0034482758
Zfp750,0.22643681
Metrnl,0.15287355
Ptchd3,0.0011494253
Mdga2,0.28505746
Immp2l,1.0126436
Greb1,4.82184
Begain,1.0540226
Numb,10.500002
Ppp2r5e,28.795416
Rps6ka5,1.7425284
Adcy3,2.0827577
Klhl29,3.349424
4931412M21,0.0011494253
Slc26a3,0.011494253
4930480M12Rik,0.0
Hdac9,2.0229883
Etv1,0.14712642
Mir5125,0.0011494253
Npas3,0.32413793
Scfd1,23.602291
Fam179b,24.91839
D830013O20Rik,0.013793103
Pole2,4.1724124
Trim9,62.479294
Rtn1,291.59442
Plekhg3,0.23333335
Gphn,10.589651
Rgs6,0.010344828
Rad51b,1.93908
Nrxn3,5.4586225
Tmem63c,0.28505751
Ttll5,11.616097
Cep128,4.054023
Arel1,21.158623
Kcnk10,4.629886
Bcl11b,17.49081
Ubr7,26.366665
Clmn,1.4931035
Tc2n,0.009195402
Rab10,70.33332
Dtnb,5.606897
1110002L01Rik,2.6505716
Ncoa1,10.794256
BC068281,4.8206916
Atad2b,20.4667
Fam228a,0.16436782
Apob,0.28505746
1110057K04Rik,35.440224
Sdc1,11.0161
1700022H16Rik,0.0
Smc6,27.889631
Kcns3,0.3091954
Vsnl1,0.11954024
Fam49a,8.349426
Ddx1,121.8081
Nbas,13.265518
Atp6v1c2,0.21034485
Rock2,11.843687
Hpcal1,23.554018
Adam17,16.62415
Asap2,12.94139
Taf1b,14.379306
Mboat2,18.068964
Kidins220,63.96782
Rnf144a,14.335638
Cmpk2,4.8597703
Allc,0.0011494253
Trappc12,22.226433
Tssc1,26.496565
Dcdc2c,0.0011494253
Myt1l,16.66322
Sntg2,0.06321839
Pxdn,37.855167
Sh3yl1,4.944831
Lamb1,10.067817
Prkar2b,6.4126453
Cog5,8.819541
Atxn7l1,4.747127
Snx13,10.357476
Ahr,1.5068961
Ispd,8.658624
Ankmy2,6.179311
Agmo,0.0
Dgkb,0.07011494
Scin,0.014942529
Dock4,4.8643703
Zfp277,13.558619
Pnpla8,16.583904
Stxbp6,0.87931025
Nrcam,21.93335
Nova1,3.809194
Prkd1,1.3954021
Hectd1,61.068962
Strn3,39.747154
Nubpl,4.8229876
Heatr5a,5.260922
Akap6,76.46208
Arhgap5,24.613789
1110008L16Rik,10.941381
Srp54b,0.0
Mir1198,0.0
Snx6,65.7253
2700097O09Rik,13.626438
Baz1a,31.712666
Ralgapa1,25.337948
Brms1l,12.440232
E030019B13Rik,0.0011494253
Mipol1,2.3609185
Slc25a21,0.042528734
Sec23a,36.272423
Lrfn5,0.88045967
Mis18bp1,9.616088
5830428M24Rik,0.0034482758
Sos2,10.166676
Atp5s,2.8459747
Map4k5,21.967817
Nemf,42.364388
2700049A03Rik,20.168964
Mir466o,0.04022988
Arid4a,11.37702
Jkamp,38.579315
Daam1,16.278166
Lrrc9,2.5551708
Mnat1,19.388515
Prkch,0.6701149
Hif1a,83.77122
Syt16,0.9643678
Kcnh5,0.49770114
Rhoj,0.58620673
Esr2,0.0068965517
Mthfd1,23.778175
Syne2,39.085083
Fut8,10.577016
Max,18.179325
Sptb,0.67816085
Rab15,4.427586
Plek2,0.01724138
Vti1b,29.449398
Mpp5,9.845979
Plekhh1,6.222992
Dcaf5,13.316098
Exd2,21.93909
Actn1,6.9770164
Smoc1,3.4298837
Slc8a3,0.4482759
4933426M11Rik,48.83909
Ttc9,0.837931
Synj2bp,19.101154
Sipa1l1,7.8689737
Pcnx,14.333333
Dpf3,1.9459761
Acot1,4.6034465
Ltbp2,0.28045976
Ccdc176,0.2942529
Pnma1,0.9885058
Ylpm1,47.997707
Nek9,28.111504
Ift43,25.022999
Esrrb,0.10344828
Gpatch2l,12.779311
Gstz1,10.209196
BB287469,0.0
Ism2,0.1494253
Tshr,0.02183908
Ston2,1.573563
Ttc8,7.2609215
Foxn3,18.126442
Ptpn21,4.147125
Eml5,9.317245
Kcnk13,0.0954023
Efcab11,2.0103443
Ttc7b,4.902299
Nrde2,8.543686
Ccdc88c,3.4758599
9030617O03Rik,0.9643678
Smek1,27.9023
Catsperb,0.0
Trip11,14.136784
Itpk1,54.826427
Rin3,2.2574708
Slc24a4,0.029885057
Ddx24,59.808086
Ppp4r4,0.8494253
Unc79,4.8160934
Dicer1,35.481613
Ak7,0.075862065
Atg2b,14.859777
Syne3,0.0
Tunar,0.09425287
Vrk1,30.079308
4933406K04Rik,0.0011494253
Eml1,83.668945
Evl,9.268965
Ccdc85c,0.29655173
Wdr25,3.7229881
Setd3,18.06324
Ppp2r5c,53.0207
Wdr20,5.9080434
Cinp,18.964365
Dync1h1,162.39076
Xrcc3,5.9448285
Eif5,133.92532
Klc1,141.48291
A230065H16Rik,0.012643678
Tdrd9,0.91839075
Brf1,27.150568
Inf2,0.9471264
Mta1,12.574716
Gpr132,0.0
Vipr2,0.37011492
Wdr60,7.545982
Ptprn2,1.2816092
Gm5441,0.004597701
Dnah11,0.064367816
Rapgef5,5.8482766
Abcb5,0.0
Rab10os,2.0126417
Kif3c,41.27473
Asxl2,22.708055
Dnmt3aos,0.012643678
Dnmt3a,65.01147
Pomc,1.2574704
Efr3b,19.30804
Dnajc27,8.055172
Ptrhd1,5.3425355
Cenpo,7.5229907
Itsn2,9.955189
Sf3b6,61.394287
Gm6682,0.31264365
Fkbp1b,4.082759
Fam228b,0.38965526
Pfn4,0.79885036
Mfsd2b,2.2942524
Ubxn2a,13.787353
2810032G03Rik,0.7735632
1700101O22Rik,0.0022988506
Hs1bp3,5.2885056
Gdf7,0.028735632
Rhob,28.934486
Slc7a15,0.16436782
Pum2,64.111496
Ttc32,2.3540213
Matn3,0.3436782
Laptm4a,61.37933
Wdr35,8.916092
Osr1,0.8367815
Rdh14,6.5793104
Nt5c1b,0.02183908
7420701I03Rik,0.0
Gen1,1.5758622
Msgn1,0.0011494253
Mir7675,0.0022988506
Rad51ap2,0.06666666
4930511A02Rik,0.0
Tubb2a-ps2,1.9045943
4921511I17Rik,0.013793103
Mycn,69.24941
Fam84a,32.17126
Gm16497,0.056321844
4930448C13Rik,0.0011494253
Trib2,18.7322
Mir6387,0.0
Lpin1,10.024141
Ntsr2,0.12988506
E2f6,9.956326
Pqlc3,1.3678157
2410004P03Rik,0.16666666
Pdia6,204.37706
Kcnf1,0.15287355
Mir3066,0.0022988506
Nol10,16.754032
Odc1,24.552887
5730507C01Rik,0.41609183
1700030C10Rik,0.1586207
Iah1,13.86667
Cpsf3,71.045975
Itgb1bp1,20.793106
Ywhaq,62.81725
2410018L13Rik,0.45172417
9030624G23Rik,0.1770115
Grhl1,0.51954025
Klf11,10.124139
Rrm2,74.804596
Cys1,0.03678161
Gm17746,0.0862069
Id2,18.97013
Rsad2,0.0068965517
Mir6538,0.032183908
Gm20187,0.68505734
Gm9866,0.07126437
Sox11,382.06674
Rnaseh1,6.751726
Colec11,0.077011496
Rps7,17.135614
Adi1,10.334488
Mir6937,0.0793103
C630031E19Rik,0.11724138
Tpo,0.0022988506
2310016D03Rik,0.0011494253
Tmem18,8.827586
Acp1,12.240239
Fam150b,0.0022988506
Fam110c,0.0
6030469F06Rik,0.010344828
Dld,54.032173
Cbll1,17.085058
Slc26a4,0.0
Bcap29,7.574717
Dus4l,1.6988503
Gpr22,0.65057456
Hbp1,52.86322
Pik3cg,0.034482755
Ccdc71l,3.1689632
Nampt,29.216114
Gdap10,2.5954018
Sypl,6.6402307
4933406C10Rik,0.040229887
F730043M19Rik,0.2229885
Cdhr3,0.01724138
Atxn7l1.1,1.8264362
Efcab10,0.016091954
Twistnb,8.054027
Ferd3l,0.0022988506
Twist1,0.40344828
Prps1l1,0.0011494253
9130015A21Rik,0.011494253
Agr3,0.0
Agr2,0.0
Tspan13,44.35634
Gm5434,0.5517236
Bzw2,117.062126
Lrrc72,0.0011494253
Sostdc1,0.26551723
Meox2,0.637931
Mir467a-10+Mir467a-3+Mir467a-6.1,0.0
4930428E07Rik,0.0
Arl4a,15.355179
Ifrd1,33.240246
Mir1938,0.0057471264
Lsmem1,0.009195402
Gm7008,0.11149424
Lrrn3,44.031048
Dnajb9,12.762073
Gm2027,0.083908014
Mir5627,0.0
Foxg1,0.15862069
3110039M20Rik,0.08275862
1810007C17Rik,0.0
G2e3,20.2161
Coch,1.2310345
Ap4s1,9.921841
Gpr33,0.0
Dtd2,8.735633
1700031P21Rik,0.0
Egln3,1.1011494
1700104L18Rik,0.004597701
Gm7550,0.0011494253
Mir1892,0.0
Sptssa,33.517246
Eapp,19.233349
Cfl2,104.38383
1700047I17Rik2+Fam177a,0.0
Srp54a,0.8988486
Ppp2r3c,14.047131
1700047I17Rik2+Fam177a.1,0.0
Srp54b.1,0.0
Srp54c,0.0
Psma6,146.75874
Nfkbia,9.314935
Aldoart2,0.060919493
Insm2,0.04827586
Mbip,11.6494255
Gm19990,0.0
C87198,0.0
Nkx2-9,0.0
Nkx2-1,0.0
Pax9,0.20689657
Prps1l3,31.21266
Foxa1,0.031034483
4921506M07Rik,0.0022988506
Sstr1,0.16551724
Clec14a,0.30574712
Gemin2,6.388505
Trappc6b,20.279325
Mia2,0.0
Pnn,69.21494
Ctage5,26.106901
Fbxo33,3.9183896
Gm20063,0.0
Fscb,0.0022988506
Klhl28,10.822989
Gm527,0.47241372
Fkbp3,56.963207
Prpf39,25.120703
Fancm,9.77701
Wdr20rt,0.0367816
Rpl10l,0.0011494253
Gm17821,0.01724138
Dnaaf2,12.235636
Rps29,1.1218358
Rpl36al,14.040233
Lrr1,1.9149426
Mgat2,20.98276
9330151L19Rik,2.3448267
Klhdc1,0.5183908
Klhdc2,97.631065
Arf6,10.19771
Vcpkmt,5.4758635
L2hgdh,3.3436773
4930512B01Rik,0.37701148
Mir681,0.0
Cdkl1,0.008045977
4931403G20Rik,1.1425283
Atl1,28.417238
Sav1,2.6206863
Gm3086,0.027586207
Nin,51.382767
Pygl,6.522991
F730035M05Rik,0.0011494253
Abhd12b,0.024137931
Tmx1,45.270084
Frmd6,9.26667
Psma3,20.23449
Actr10,70.956345
3110056K07Rik,2.2298844
Timm9,11.83333
Tomm20l,0.013793103
Dact1,31.741392
4930404H11Rik,0.08160919
Gpr135,0.10229884
L3hypdh,1.4436778
Ccdc175,0.0022988506
Pcnxl4,17.542526
Dhrs7,1.495402
Ppm1a,15.524148
Six6,0.0
4930447C04Rik,0.25402308
Six4,37.281597
Six1,140.36554
Slc38a6,6.263224
Trmt5,13.251727
Tmem30b,0.86551714
2210039B01Rik,0.043678157
Snapc1,7.8390803
Dbpht2,0.2091954
1700086L19Rik,0.283908
Gphb5,0.0
Rplp2-ps1,0.0
Wdr89,2.9712634
Sgpp1,2.8045979
Mir5101,0.032183908
Tex21,0.0
Zbtb25,4.9908056
Hspa2,2.1701148
Zbtb1,6.631036
Akap5,2.563218
Gm10451,0.0
Ppp1r36,0.0
Mir5135,0.0
AI463170,0.013793103
Churc1,24.993103
Gpx2,0.0011494253
Fntb,20.62414
Fam71d,0.1229885
Atp6v1d,39.12873
Eif2s1,51.935627
Tmem229b,3.534483
9230116L04Rik,0.0908046
Arg2,0.3965517
Pigh,5.508045
Rdh11,11.390807
Rdh12,0.38275862
Zfyve26,8.558626
Zfp36l1,12.088512
2310015A10Rik,1.7149421
Scarna3b,0.013793103
Mir1843a,0.0011494253
Galnt16,1.2804599
2310002D06Rik,0.0
Erh,6.2873526
Plekhd1,0.004597701
Slc39a9,17.462074
Plekhd1os,0.0
Ccdc177,8.314946
Srsf5,44.183876
Slc10a1,0.13678159
1700052I22Rik,0.0
Gm20337,0.8264369
Mir3067,0.0022988506
Gm4787,0.27701145
Cox16,12.117256
Adam4,0.7459769
Adam21,0.3942529
Med6,23.648281
Map3k9,3.4712634
1700085C21Rik,0.0
Dcaf4,11.173573
Zfyve1,19.379328
Rbm25,74.07468
Psen1,43.100018
Papln,1.013793
2410016O06Rik,9.544828
Acot2,2.9103432
Acot3,0.087356314
Acot4,0.16206896
Acot5,0.0034482758
Dnal1,4.9229903
Acot6,0.24252874
Elmsan1,4.852873
Entpd5,3.0103438
Zfp410,48.973553
Ptgr2,5.5482783
Coq6,17.617237
Fam161b,2.4563217
Rnf113a2,9.308046
Aldh6a1,5.7862077
Lin52,4.4264374
Vrtn,0.0
Vsx2,0.08505747
Abcd4,4.027584
Isca2,21.583906
Npc2,107.039116
Syndig1l,0.008045977
D030025P21Rik,0.05747126
Fcf1,17.756317
Rps6kl1,11.775864
Pgf,2.490805
Dlst,129.47932
Prox2,7.7471285
Zc2hc1c,0.7149426
Eif2b2,43.443687
Acyp1,4.372412
Mlh3,6.213796
Mir6938,0.0057471264
Tmed10,26.242529
Fos,11.259771
Jdp2,0.071264364
Batf,0.0
Mfsd7c,0.24712645
0610007P14Rik,19.232187
Tgfb3,12.056325
Gm805,0.2689655
Vash1,39.558636
Angel1,25.065527
Lrrc74,0.004597701
Irf2bpl,1.7701143
Cipc,20.442537
Zdhhc22,0.010344828
Ngb,0.08045977
Pomt2,7.078162
Ahsa1,71.21724
Tmed8,4.3712626
Vipas39,60.450645
Noxred1,0.6873564
Samd15,0.12183908
Sptlc2,22.582762
Nrp,2.374708
Slirp,20.06895
Mir3068,0.067816086
Alkbh1,27.777023
Gm8300,0.0
Snw1,40.51723
Gm2042,0.0
Gm4027,0.0
Gm16381,0.0
Oog1,0.0
BB287469.1,0.0
Gm21319,0.0034482758
Gm1995,0.05862066
Gm16381.1,0.0
Gm2022,0.0
Gm2016,0.0
Gm2042.1,0.0
Gm10436,0.0068965517
Gm7104,0.037931025
Gm5039,0.0
Gm5662,0.0011494253
3200001D21Rik,0.32068968
Adck1,6.7770133
Mir466b-3.1,0.0
Dio2,0.0
5430427M07Rik,0.0068965517
Mir669c,0.0
Gtf2a1,24.133348
Sel1l,32.70001
Mir8099-1+Mir8099-2,0.0
Flrt2,4.0275865
1700019M22Rik,0.0
Gpr65,0.020689655
Galc,2.6839046
Spata7,7.610349
Zc3h14,25.044825
4930474N09Rik,0.0
1700064M15Rik,0.03333333
Tdp1,24.739077
Psmc1,97.33913
Calm1,478.34702
Gm10433,0.49080458
Gm10432,0.25632182
Gpr68,0.2137931
Mir1190,0.0
D130020L05Rik,0.5287355
Kif4-ps,0.057471246
Fbln5,0.27126437
Atxn3,6.997703
Cpsf2,39.29081
Lgmn,17.526434
Golga5,16.317247
Chga,46.599987
Mir1936,0.0022988506
Moap1,0.18045977
Gm20604,0.0
AK010878,6.0620728
Tmem251,8.88276
Btbd7,7.266672
Cox8c,0.0
Prima1,0.2034483
Asb2,0.23333333
Otub2,16.010344
Fam181a,0.05402299
Ifi27l2a,0.01954023
Ifi27l2b,0.0
Ifi27,0.19195402
Serpina10,0.035632186
Serpina6,1.3000001
Serpina1f,0.0
Serpina1b,0.19310343
Serpina1d,0.027586207
Serpina1c,0.0
Serpina1a,0.06896552
Serpina12,0.011494253
Serpina11,0.0
Serpina1e,0.027586207
Serpina9,0.008045977
Serpina3c,0.0
Serpina4-ps1,0.0
Serpina3b,0.0
Serpina3a,0.004597701
Serpina5,0.013793103
Serpina3i,0.0
Serpina3f,0.016091954
Serpina3j,0.0
Serpina3g,0.018390805
Serpina3h,0.0
Serpina3k,0.0
Serpina3m,0.0068965517
Serpina3n,0.03448276
Gsc,0.07241379
Mir3069,0.0
Scarna13,0.36091954
Glrx5,46.05974
Snhg10,1.4724127
Tcl1b3,0.0
Tcl1,0.0
Tcl1b2,0.0022988506
Tcl1b4,0.0
Tcl1b1,0.004597701
Tcl1b5,0.0
D430019H16Rik,34.38391
Gm2721,0.0
Bdkrb1,0.07126437
Bdkrb2,3.094252
AU015791,0.004597701
Gskip,14.251732
Papola,83.39424
1700121N20Rik,0.0
4930465M20Rik,0.0057471264
Ccnk,3.55287
Cyp46a1,0.1275862
Hhipl1,0.004597701
Gm16596,0.79540175
Degs2,5.151726
Mir345,0.009195402
Wars,73.80921
Yy1,9.071267
Slc25a47,3.7080455
Slc25a29,8.673568
Dlk1,2.4643645
Mir1906-2,0.0
Mir770,0.0
Mir1906-1,0.0
Mir673,0.04137931
Meg3,86.8943
6430411K18Rik,0.0
Mir1188,0.0034482758
Mir3071,0.0
Mir3070b,0.0011494253
Mir3070a,0.0011494253
AF357359,0.06321837
DQ267100,0.024137931
Mir665,0.0068965517
Mir433,0.0
Mir136,0.0
Mir431,0.0
Mir493,0.016091954
Mir540,0.008045977
Mir882,0.0
Mir432,0.0
Rian,9.097704
Mir341,0.0011494253
Mir337,0.0011494253
AF357355,0.07471264
Rtl1,2.0379305
Mir434,0.0
Mir127,0.0
DQ267102,0.012643678
AF357426,0.013793103
AF357425,0.29080462
DQ267101,0.012643678
Mir370,0.0022988506
Mir3544,0.0
Mir376a,0.0011494253
Mir369,0.0057471264
Mir487b,0.0011494253
Mir494,0.0
Mir329,0.029885057
Mir543,0.004597701
Mir668,0.0022988506
Mir758,0.016091954
Mir667,0.026436782
Mir496a,0.004597701
Mir666,0.004597701
Mir3072,0.047126435
Mir134,0.0011494253
Mir1197,0.022988506
Mir1193,0.0034482758
Mir376c,0.0
Mir539,0.0022988506
Mir654,0.0
Mir453,0.029885057
Mir412,0.0
Mir411,0.0068965517
Mir376b,0.0
Mir382,0.0011494253
Mir381,0.0
Mir380,0.018390805
Mir379,0.0022988506
Mir377,0.029885057
Mir541,0.0
Mir300,0.0034482758
Mir299a,0.0022988506
Mir495,0.0011494253
Mir485,0.013793103
Mirg,1.5494245
Mir323,0.011494253
Mir154,0.0
Mir679,0.0
Mir410,0.0
Mir409,0.0
Mir299b,0.0
3110009F21Rik,0.0011494253
Dio3os,0.0022988506
Dio3,0.018390805
Mir1247,0.0
B930059L03Rik,0.25862068
Hsp90aa1,119.59538
1700001K19Rik,0.34942532
Zfp839,3.2643673
Mok,2.7908034
Tecpr2,7.8747168
6030440G07Rik,0.0
Ankrd9,1.4022989
Rcor1,9.424145
Traf3,9.7758665
Amn,0.088505745
Cdc42bpb,23.959785
Exoc3l4,0.07701149
Snora28,0.73563176
Tnfaip2,0.21839082
Gm266,0.9804598
Ckb,212.38971
Mark3,29.787355
2810029C07Rik,1.7080455
Trmt61a,5.426438
Apopt1,10.925291
Bag5,23.865532
Ppp1r13b,1.3298849
Zfyve21,8.762072
5033406O09Rik,0.2873563
2010107E04Rik,73.31835
Rd3l,0.0
Mir203,0.0011494253
Kif26a,1.2390803
Mir3073a,0.0
Aspg,0.21034487
Mir3073b,0.0
B020018J22Rik,0.010344828
A730018C14Rik,0.0011494253
Tmem179,1.649425
A530016L24Rik,0.075862065
Zbtb42,0.7942527
Akt1,33.871258
Adssl1,1.7172412
Siva1,16.980465
Mir6939,0.012643678
BC022687,4.180459
Pld4,0.37011495
Cdca4,65.54484
Cep170b,3.9942505
Mir6940,0.0
Btbd6,5.7735624
Jag2,9.172411
Nudt14,12.840236
Mir6941,0.0
Pacs2,36.754017
Tex22,0.029885057
Crip1,0.8977008
4930427A07Rik,15.543684
Crip2,44.21953
Tmem121,2.4425278
Adam6b,0.0
Adam6a,0.0
Mir7094-1,0.0
Mir7094-2,0.0
Mir6388,0.0
Zfp386,60.03678
Esyt2,8.852879
Ncapg2,5.7287374
D430020J02Rik,1.9804597
Gm10421,0.039080456
Mir153,0.0057471264
Cdca7l,3.9160912
Sp4,7.1804647
D230030E09Rik,0.0
Sp8,0.13333336
Itgb8,0.20574713
Macc1,0.0011494253
Tmem196,0.03448276
Rslcan18,0.31839085
Dcdc2a,4.639081
Adarb2,9.51724
Ak6,15.02184
Msh3,15.267822
Pde4d,1.3954024
Akr1c13,0.2965517
Lyst,4.3494225
Gli3,8.471268
Dip2c,6.6367855
Ero1lb,1.8356321
Lrrc16a,1.1390802
Aoah,0.018390805
Prl3a1,0.0
Cdkal1,10.583918
Gcnt2,2.4942534
Rnf144b,0.04827586
Phactr1,12.193106
Fgd3,7.332186
A330033J07Rik,0.17126437
Tgfbi,2.7011495
Spock1,5.187357
Simc1,19.039085
Isca1,6.735636
2210408I21Rik,4.249425
Mctp1,0.13218391
Cetn3,49.365536
Edil3,11.777011
Homer1,4.575862
Ap3b1,24.77816
Ankdd1b,2.334482
Fam159b,0.025287356
Dimt1,6.9241347
Pik3r1,13.298853
Mast4,9.055178
Ndufs4,56.824085
Rab3c,7.688507
Gm7120,0.75862056
Tubal3,0.0034482758
Gdi2,160.3184
Akr1c14,0.0022988506
Akr1c6,0.0011494253
Pitrm1,63.047173
Zmynd11,27.187365
Chrm3,0.059770115
Ryr2,1.1103445
Lgals8,5.6218395
Mtr,9.624141
Actn2,0.6850573
Nid1,7.359774
Gpr137b,3.6229835
Tbce,14.62185
Arid4b,63.074726
Hecw1,10.978162
Sugct,0.108045965
Vps41,50.28853
4930448F12Rik,0.0
Pou6f2,0.16666669
Nme8,0.0068965517
Amph,8.22184
Gpr141,0.0
Elmo1,46.314957
Zscan12,11.549432
Hist1h2be,0.38620695
Slc17a3,0.0022988506
Btn1a1,0.0011494253
Scgn,0.020689655
Cmah,0.09195399
Fam65b,22.068964
Gm11351,0.016091954
2610307P16Rik,17.737938
Mboat1,0.5206896
Dusp22,6.072415
Exoc2,24.874712
Gmds,3.7379293
Mylk4,0.009195402
Serpinb9b,0.0011494253
Serpinb6a,14.7275915
Slc22a23,1.3471264
1110046J04Rik,0.5804597
Fars2,11.8919525
Lyrm4,14.76207
Cdyl,4.1264343
Ly86,0.027586207
F13a1,0.1781609
Rreb1,1.2517236
Bmp6,0.04827586
Cage1,0.20229886
Ofcc1,0.0
Adtrp,0.024137931
Mak,0.2551724
Nedd9,26.319542
Hivep1,11.412651
Gfod1,5.706897
Rnf182,2.473563
Sirt5,4.316089
Jarid2,47.72299
Dtnbp1,9.163217
Atxn1,0.50229883
Kdm1b,11.036785
Kif13a,11.677018
Cap2,0.6977011
4931429P17Rik,0.008045977
Zfp169,1.3678161
Fam120a,24.051722
Nol8,16.05173
Aspn,0.18045981
Cenpp,3.3908021
Spin1,27.179316
Sema4d,6.618393
Shc3,0.0022988506
Ror2,12.812647
Sptlc1,28.110348
Eif4e1b,0.0
Faf2,35.154022
Nsd1,79.81386
Uimc1,16.849436
H2afy,92.37931
Trpc7,0.043678157
Ubqln1,94.31042
Klhl3,0.08620689
Kif27,0.2827586
Slc28a3,0.0068965517
Agtpbp1,11.16782
Golm1,59.82065
Ntrk2,0.39885062
Dapk1,28.839088
A530065N20Rik,0.0057471264
Zfp934,1.0183904
Gm5141,2.7977006
Ercc6l2,12.772414
Fancc,11.010346
2010111I01Rik,36.833344
1190003K10Rik,0.0
Cntnap3,0.0
Cdc14b,16.781612
Ptdss1,37.162067
A530054K11Rik,3.032183
Zfp456,0.5540229
Adcy2,0.47701147
Srd5a1,7.266666
Ube2ql1,3.233332
Adamts16,0.050574712
Irx1,1.4471252
Irx4,0.17356323
Slc6a18,0.0011494253
Exoc3,38.042564
Cep72,3.9275837
Slc12a7,21.406895
Trip13,11.1218405
Pcsk1,0.5241379
Cast,3.944826
Rhobtb3,36.64827
Ttc37,10.656329
Ell2,2.1724122
Ankrd32,11.322993
Fam172a,15.654029
9330111N05Rik,0.0034482758
Gpr98,0.75287354
Lysmd3,5.401151
Mef2c,1.5827584
Tmem161b,9.317244
Ccnh,22.436792
Xrcc4,3.7540221
Atg10,5.6298885
Rasgrf2,0.093103446
Acot12,0.01724138
Ssbp2,33.63792
Cmya5,0.29310346
Serinc5,11.23449
Papd4,12.465523
Dmgdh,0.032183908
Arsb,0.7643678
Scamp1,16.633333
Lhfpl2,1.0988504
Jmy,14.095404
AW495222,0.0022988506
Pde8b,0.5563218
Sv2c,3.612644
Iqgap2,1.6367815
Fam169a,1.5471258
Col4a3bp,6.9195447
Arhgef28,7.127589
Map1b,892.9089
Mrps27,18.91839
Zfp366,0.014942529
Mccc2,14.380465
Ocln,0.10574712
Cwc27,16.741386
Adamts6,2.288505
Nln,11.27702
Rnf180,2.6206896
Rgs7bp,2.8643668
4933425L06Rik,0.0
Ipo11,31.079319
Zswim6,4.7494287
AI197445,0.15057473
Ndufaf2,9.780461
Elovl7,0.10344828
Map3k1,5.131036
Ppap2a,5.648281
Ankrd55,0.11724137
Slc38a9,12.994258
Arl15,7.0448337
Mocs2,22.701157
Itga1,0.3804598
4930544M13Rik,0.0
Parp8,3.4448266
Hcn1,0.46436784
Fgf10,1.6459769
Nnt,22.624142
Speer6-ps1,0.0011494253
2810429I04Rik,0.20689662
1700024F13Rik,0.04712643
Fam208b,27.533352
Asb13,10.08621
Net1,4.913793
Calm4,0.0068965517
Calml3,0.0068965517
Calm5,0.0
Ucn3,0.0022988506
Akr1c18,0.0
Marcksl1-ps4,0.11379306
Akr1c19,0.18965517
Akr1c12,0.10344827
Akr1c21,0.024137931
Akr1c20,0.0034482758
Akr1e1,23.513792
1700016G22Rik,0.0
Klf6,33.831028
Pfkp,6.1413817
Wdr37,21.273577
Idi1,1.2471232
Idi2,0.064367816
Gtpbp4,75.79881
Larp4b,23.052866
Zp4-ps,0.0011494253
Gm10336,2.311493
Heatr1,21.000006
Edaradd,0.4229885
Gpr137b-ps,7.286211
Prl2c3,0.0
Prl2c4,0.0
Prl2c2,0.0011494253
Prl2c5,0.0
Gng4,0.27701148
B3galnt2,13.163229
Ggps1,17.125284
AW209491,11.921841
Psma2,135.48161
Mrpl32,14.820693
A530046M15Rik,0.011494253
4933412O06Rik,0.0034482758
Inhba,0.018390805
Cdk13,7.7816153
Mir466i,0.018390805
Mplkip,10.343689
Rala,44.926434
Yae1d1,7.025287
Stard3nl,39.041393
Epdr1,5.7425323
Sfrp4,0.22298852
A530099J19Rik,0.0057471264
Olfr1370,0.0
Olfr263,0.0
Olfr1368,0.0011494253
Trim27,66.35859
Olfr1367,0.0
Gpx6,0.0034482758
Gpx5,0.0068965517
Nkapl,1.1068968
Pgbd1,2.9022982
Zkscan4,1.9229883
Mir1896,0.0
Zkscan3,33.573574
Mir6942,0.03448276
Zscan26,18.019545
Olfr1364,0.0
Zkscan8,9.9816065
Olfr1366,0.0
Olfr1362,0.0
Olfr1535,0.0034482758
Zfp389,0.26551726
Olfr1361,0.0
Hist1h4k,0.047126435
Hist1h4j,0.04252873
Hist1h2bl,0.054022983
Olfr1360,0.0
Olfr11,0.010344828
Hist1h2bn,0.01724138
Olfr1359,0.0
Olfr1359.1,0.0
Hist1h3h,0.054022983
Hist1h2bm,0.16896553
Hist1h2ak,0.1413793
Hist1h2ai,0.13563217
Hist1h4n,0.0
Hist1h4n.1,0.08620686
Hist1h2bq+Hist1h2br,0.0
Hist1h1b,3.9793077
Hist1h2bp,0.10229885
Hist1h2ao,0.0
Hist1h2ao.1,0.0
Hist1h4m,0.0011494253
Hist1h2bq+Hist1h2br.1,0.0
Hist1h3i,0.33908066
Hist1h2ap,0.0
Hist1h2ap.1,0.0
Hist1h2an,0.14022985
Pom121l2,0.03678161
Zfp184,15.665521
Mir1983,0.022988506
Prss16,0.0
Hist1h2ah,0.042528734
Hist1h4i,1.6620665
Vmn1r189,0.0
Hist1h2ag,0.39770114
Hist1h2bj,0.2402299
Vmn1r188,0.0
Hist1h2bk,0.27471274
Vmn1r193,0.0034482758
Vmn1r192,0.0
Vmn1r195,0.0
Vmn1r191,0.0
Vmn1r194,0.0
Vmn1r197,0.0
Vmn1r196,0.0
Vmn1r199,0.0
Vmn1r200,0.0
Vmn1r198,0.0
Vmn1r201,0.0
Vmn1r202,0.0
Vmn1r-ps103,0.0
Vmn1r203,0.0068965517
Vmn1r205,0.0
Vmn1r206,0.0
Vmn1r204,0.0011494253
Vmn1r208,0.0
Vmn1r207-ps,0.0
Vmn1r209,0.0
Vmn1r210,0.0011494253
Vmn1r211,0.0022988506
Vmn1r212,0.0
Vmn1r213,0.013793103
Vmn1r214,0.0
Vmn1r217,0.0
Vmn1r218,0.0
Vmn1r215,0.0
Vmn1r216,0.0
Vmn1r219,0.0
Vmn1r220,0.0
Vmn1r222,0.0
Vmn1r223,0.0
Vmn1r221,0.0
4933404K08Rik,0.0
Zfp322a,22.341385
C230035I16Rik,0.5011494
Abt1,14.598848
Hist1h2af,0.03563218
Hist1h4f,0.02183908
Hist1h4d,4.3724117
Hist1h3d,0.2045977
Hist1h3f,0.13563213
Btn2a2,0.09885057
Hist1h3g,0.087356314
Hist1h2bg,0.18390808
Hist1h3e,0.20574722
Hist1h2bh,0.08620688
Hist1h2ae,3.7448227
Hist1h1d,0.5597699
Hist1h4h,0.14942527
Hist1h2bf,0.022988506
Hist1h2ad,0.041379303
Hist1h1t,0.0
Hist1h2bc,3.3206887
Hist1h2ac,0.13908045
Hist1h1e,6.849436
Hfe,0.01724138
Hist1h4c,0.2885058
Hist1h3c,0.3114942
Hist1h2ab,1.2091944
Hist1h4b,0.07126435
Hist1h4a,0.03333333
Hist1h3a,0.07931033
Hist1h1c,1.1655163
Slc17a2,0.0
Trim38,0.01954023
Hist1h2bb,0.14022987
Hist1h3b,0.028735632
Hist1h1a,0.30229887
Slc17a1,0.0068965517
Slc17a4,0.0
Hist1h2ba,0.0011494253
Hist1h2aa,0.032183908
Gm11346,3.3459764
Gmnn,11.660919
BC005537,31.099983
Tdp2,20.690811
D130043K22Rik,0.3965518
Acot13,12.652875
Gpld1,3.4953997
Aldh5a1,3.2908046
Mrs2,4.6873574
4932702P03Rik,0.0
9330162012Rik,0.03448276
Nrsn1,41.188515
1700092E19Rik,0.013793103
Hdgfl1,0.0068965517
Prl,0.0
Prl3d2,0.0
Prl3d1,0.0
Mir3970,0.0
Prl3c1,0.0
Prl3b1,0.0
Prl3d3,0.0
Prl6a1,0.0011494253
Prl8a2,0.19999999
Prl2b1,0.0034482758
Prl8a6,0.0
Prl8a8,0.0011494253
Prl7a1,0.0
Prl7b1,0.0
Prl8a9,0.0
Prl8a1,0.0
Prl7d1,0.0
Prl7a2,0.0
Prl7c1,0.0022988506
Prl2a1,0.0
Prl2c1,0.0
Prl4a1,0.0
Prl5a1,0.0
Mir6368,0.071264364
Sox4,22.970129
A330102I10Rik,0.026436782
E2f3,11.818393
Agtr1a,0.15517241
Uqcrfs1,97.01496
4930519D14Rik,0.0
Irf4,0.044827584
Hus1b,0.0816092
4930401O12Rik,0.0
1700018A04Rik,0.013793103
Foxq1,0.041379303
Foxf2,0.25632182
Foxc1,0.28735635
Serpinb1a,0.0
Serpinb1c,0.0011494253
Wrnip1,14.448273
Serpinb6b,0.010344828
Serpinb9,0.14827587
Serpinb1b,0.010344828
Serpinb9c,0.0034482758
Serpinb9d,0.0022988506
Serpinb9e,0.0
Serpinb9f,0.0
Serpinb9g,0.0
Serpinb6d,0.0
Serpinb6c,0.01724138
Serpinb6e,0.0068965517
Nqo2,13.045978
Ripk1,5.3701177
Tubb2a,87.47819
Bphl,5.6080475
Psmg4,11.35633
Tubb2b,96.16206
4930447K03Rik,0.0011494253
Pxdc1,0.035632186
LOC101056149,0.0
Fam50b,0.0
Eci3,0.03448276
Eci2,43.341393
4933417A18Rik,0.0
Fam217a,0.083908044
Prpf4b,39.204617
1700011B04Rik,0.0
Rpp40,8.194257
Ppp1r3g,0.032183908
Nrn1,24.650578
Ssr1,76.18048
Riok1,18.393114
Snrnp48,7.7195454
Dsp,0.39655167
Txndc5,45.385048
Bloc1s5,11.2678175
Eef1e1,40.422962
Slc35b3,9.532185
Tfap2a,6.7000084
Pak1ip1,35.413803
Tmem14c,33.545963
Gcm2,0.0
Elovl2,24.278152
Smim13,13.875863
Tmem170b,9.550584
Gm5082,0.0022988506
Gm10790,0.0
Edn1,0.06551724
Tbc1d7,17.0839
Nol7,25.031021
Ranbp9,9.022996
Mcur1,5.691956
Gm20751,0.02183908
Cd83,0.48735633
Gm5083,0.020689655
A330076C08Rik,0.011494253
1700029N11Rik,0.0
Mylip,3.460918
Gmpr,4.055172
Stmnd1,0.0
Rbm24,0.18505748
C78339,0.70574695
Nup153,24.3299
Tpmt,15.53449
Nhlrc1,1.9494251
Dek,39.08161
G630093K05Rik,0.04827586
Id4,0.27931035
A330048O09Rik,0.010344828
Ptpdc1,3.5149426
Mirlet7d,0.01724138
Mirlet7a-1,0.0
Mirlet7f-1,0.0
Barx1,0.32298848
Phf2,7.1344876
Fam120aos,2.0034475
Wnk2,19.060915
Susd3,0.18620692
Ninj1,4.601149
1110007C09Rik,14.155176
Bicd2,123.585045
Ippk,11.81149
Ecm2,0.24137932
Ogn,0.21609196
Omd,0.12988506
Iars,69.47238
Gm906,0.0
2310081J21Rik,0.0
Fbxw17,12.900001
Gm806,0.0034482758
Mir683-1+Mir683-2,0.0011494253
Gm904,0.0
Mir683-1+Mir683-2.1,0.0
2310081J21Rik.1,0.0
Gm8765,0.0
4930518P08Rik,0.0
9430083A17Rik,0.8494254
Nxnl2,0.112643674
S1pr3,2.1839077
Secisbp2,12.503458
Cks2,2.5057418
Gadd45g,116.631
4921525O09Rik,0.15517241
Diras2,0.075862065
Syk,0.64942515
Gm2848,0.0
BB123696,0.0034482758
Auh,8.278162
Nfil3,17.005743
Gm2762,0.11264367
Msx2,0.48275858
Sfxn1,26.86093
Drd1a,0.0
Hrh2,0.099999994
Cplx2,60.978157
Thoc3,42.362064
Nop16,41.34255
Higd2a,21.927576
4833439L19Rik,128.5299
Cltb,11.395397
Arl10,5.8528743
Sncb,2.8149424
Rnf44,43.975815
Gprin1,9.4069
Cdhr2,2.5241377
Tspan17,8.494254
Hk3,0.025287356
Unc5a,0.8701149
Zfp346,15.268966
Fgfr4,0.49425265
F12,0.0011494253
Lman2,62.464394
Pfn3,0.018390805
Prelid1,72.81148
Slc34a1,0.0
Rgs14,0.07816091
Rab24,34.9391
Mxd3,2.1528723
Pdlim7,27.127577
Grk6,16.687351
Dbn1,191.86671
Prr7,0.34942535
Ddx41,41.51953
Fam193b,21.552876
Dok3,1.3229879
Mir6943,0.08965515
Mir6944,0.42643654
Mir6945,0.029885057
Ddx46,57.77472
Tmed9,34.928726
B4galt7,8.974715
B230219D22Rik,47.201164
Caml,24.533339
Catsper3,0.03678161
Pitx1,0.48505744
Pcbd2,1.7862055
Txndc15,31.593105
Tifab,0.05862069
Neurog1,54.034492
Cxcl14,1.3620687
Il9,0.0
Slc25a48,0.013793103
Gm10782,0.01724138
Lect2,0.011494253
Fbxl21,0.52873564
Smad5,28.60575
Mir874,0.0
Hnrnpa0,31.494234
Idnk,12.279302
Gkap1,3.5011437
Mir6369.1,0.0
2210016F16Rik,17.074717
Mir7-1,0.09885055
Hnrnpk,184.73003
Rmi1,2.0505724
4930455J16Rik,0.0
A230056J06Rik,0.12413793
Naa35,40.385082
4921517D22Rik,0.0367816
Spata31d1b,0.0
Spata31d1a,0.0011494253
Spata31d1d,0.04712644
4930528D03Rik,0.0022988506
Zcchc6,21.04943
Etohd2,0.8172412
Gas1,15.835631
Gm5084,0.018390805
BC051665,0.0022988506
Ctsll3,0.0
Ctla2a,0.16436781
Tpbpb,0.0
Ctla2b,0.018390805
Tpbpa,0.0
4930486L24Rik,0.0
Ctsj,0.0011494253
Ctsq,0.0
Ctsr,0.0
Cts6,0.0
Cts8,0.0
Cts8-ps,0.0
Cts7,0.0011494253
Cts3,0.0
Ctsm,0.0
BC052688,0.0011494253
Zfp808,1.2172408
Gm3604,0.94942534
Zfp935,7.749428
6720489N17Rik,3.9413795
Mir713,0.0034482758
Fbp1,0.13563217
Fbp2,0.118390806
Mir3074-1,0.0
Mir24-1,0.0
Gm16907,3.0022979
Mir27b,0.0
Mir23b,0.0
Ptch1,3.8482714
Hsd17b3,0.0022988506
Habp4,9.45403
Zfp367,3.1241367
Slc35d2,2.5229878
1810034E14Rik,0.38505745
Aaed1,3.3011465
Cdk20,4.820691
Ctsl,65.83677
Spata31,0.01724138
Hiatl1,13.765516
Spata31d1c,0.0
Olfr466,0.0034482758
Nlrp4f,0.0022988506
Zfp369,1.9471262
Gm10324,0.0
2410141K09Rik,0.0
Mterfd1,14.012647
Uqcrb,10.636778
Gm10767,0.34827584
4933433G19Rik,0.17356324
Zfp712,3.5770104
Zfp708,3.5643675
Zfp759,2.466666
Zfp455,0.59195405
Rsl1,1.8850576
Zfp953,0.8689656
Zfp595,1.2689654
F630042J09Rik,0.01954023
Zfp457,0.014942529
Zfp458,2.0218387
Zfp874b,0.8034484
Zfp874a,4.465518
Zfp459,0.12758622
Zfp429,1.1620688
Zfp58,5.2942524
AA987161,3.4735625
Zfp748,6.994258
Zfp87,13.89081
Zfp65,5.1103444
Zfp85os,0.4827586
Zfp85,1.6988504
Zfp738,4.4160905
Zfp273,2.7402298
4930525G20Rik,0.3218391
Zfp493,1.7091949
BC048507,1.4080459
Mtrr,4.9954042
Fastkd3,12.116096
1700001L19Rik,0.12413793
Papd7,9.865522
Nsun2,90.11493
Med10,37.710377
1700084F23Rik,0.0034482758
4930520P13Rik,0.0
1700100L14Rik,0.018390805
Ice1,24.90805
8030423J24Rik,0.0034482758
Gm20554,0.024137931
Irx2,0.5850573
D730050B12Rik,0.0022988506
Mrpl36,22.183914
Ndufs6,29.064358
D630045M09Rik,0.0022988506
Lpcat1,16.452883
Slc6a3,0.043678157
Clptm1l,46.156334
Tert,3.7252858
Slc6a19,0.03448276
Slc6a19os,0.0
Nkd2,2.0321836
Tppp,0.9517244
Brd9,30.325293
Zdhhc11,0.01954023
Slc9a3,0.03448276
Ahrr,0.30804598
Pdcd6,44.711494
Zfp72,1.394253
Lrrc14b,0.60689634
Ccdc127,29.429886
Sdha,151.5631
Mir692-2b+Mir692-3.1,0.0
Zfp825,4.345979
Erap1,0.64597696
Mir682,0.009195402
Glrx,9.274715
Rfesd,7.1195407
Spata9,0.22873566
Arsk,3.8793101
Gpr150,0.24252874
Pou5f2,1.6988504
Nr2f1,4.271263
A830082K12Rik,1.4586205
Arrdc3,37.286247
5430425K12Rik,0.0
Polr3g,3.7471251
Mblac2,3.4091945
C130071C03Rik,0.18850575
Mir9-2,0.0022988506
2810049E08Rik,0.029885057
Rasa1,21.444838
Cox7c,2.3643575
Hapln1,0.254023
Vcan,36.189682
Tmem167,51.554024
Rps23,2.4034383
Atp6ap1l,0.04597701
A830009L08Rik,0.0057471264
4833422C13Rik,0.29540232
Zcchc9,19.23219
Ckmt2,0.010344828
Dhfr,15.265518
Zfyve16,12.398856
Fam151b,0.031034483
Ankrd34b,0.047126435
Spz1,0.0
Thbs4,0.13908046
Mtx3,5.3287344
A630019I02Rik,0.0011494253
Gm4814,0.057471264
Bhmt2,0.0011494253
Bhmt,0.0034482758
Mir5624,0.0
Gm9776,0.78850573
Tbca,21.439072
Otp,0.0022988506
Wdr41,13.547124
Mir1940,0.011494253
Snora47,0.029885057
Zbed3,11.663221
Aggf1,30.435638
F2rl1,0.071264364
Crhbp,0.14712642
S100z,0.0
F2r,101.17132
F2rl2,0.16091953
Poc5,18.966679
Polk,3.6666663
Hmgcr,109.23559
Gcnt4,0.0
1700029F12Rik,0.0
Gfm2,25.108059
Nsa2,3.141368
Hexb,10.856322
Enc1,68.19883
Lincenc1,0.45517236
Gm5086,0.01724138
Ankra2,11.34829
Utp15,30.766672
Btf3,37.096542
Foxd1,0.13218391
2310005E17Rik,0.004597701
Tmem174,0.004597701
Tmem171,0.0057471264
Fcho2,8.580465
Tnpo1,27.135633
1700024P04Rik,0.0
2310020H05Rik,0.0
Ptcd2,18.739079
6430562O15Rik,0.7413789
Cartpt,0.8206895
Smn1,22.862072
Bdp1,22.05631
Serf1,12.313795
Naip2,0.014942529
Naip5,0.18735631
Naip7,0.0
Naip6,0.0
Naip1,0.0057471264
Gtf2h2,20.278166
Rad17,15.612655
Taf9,23.322985
Marveld2,0.37816092
Mrps36,0.7632174
Cdk7,27.765524
Cenph,6.685057
Ccdc125,0.31264368
Ccnb1,13.394261
Slc30a5,26.091957
4933416M06Rik,0.0
5930438M14Rik,0.0
4922502H24Rik,0.0
Cd180,0.0
Srek1,48.549458
Erbb2ip,16.886219
Trappc13,44.078182
Sgtb,8.0046015
Trim23,10.396553
Cenpk,4.968966
Ppwd1,6.9080496
Srek1ip1,8.264373
Htr1a,2.024138
Kif2a,13.637947
3830408C21Rik,0.44827586
1700006H21Rik,0.0
Mir325,0.008045977
Smim15,22.53218
Ercc8,17.113787
Depdc1b,1.5241377
Mir582,0.0
Mir1904,0.0022988506
Gapt,0.0011494253
Plk2,169.95738
3110015C05Rik,0.0011494253
Actbl2,0.01724138
Gpbp1,47.58622
Mier3,9.590816
Il6st,7.3862104
Il31ra,0.004597701
Ddx4,0.24827588
Skiv2l2,46.606876
Dhx29,21.858624
Gpx8,18.404598
Cdc20b,0.14252873
Mcidas,0.03678161
Gzma,0.0
Mir449c,0.010344828
Ccno,0.53908044
Mir449a,0.0011494253
Mir449b,0.0
Esm1,0.004597701
Gzmk,0.0
4921509O07Rik,0.011494253
Snx18,43.50806
Hspb3,0.18275861
A430090L17Rik,0.77816087
Fst,0.20804599
Itga2,0.13218392
Pelo,2.1701124
Isl1,445.43903
Gm6416,0.0034482758
Emb,18.164366
4933413L06Rik,0.06436781
Mrps30,28.788502
1700003P14Rik,0.0
4833420G17Rik,31.729904
3110070M22Rik,0.17126435
Paip1,24.554022
Ccl28,0.055172414
Hmgcs1,150.92531
Nim1k,0.7931033
Zfp131,13.363224
1700074H08Rik,0.0
Tcstv1,0.0
AF067063,0.0
B020031M17Rik,0.0
Gm20767,0.0
Tcstv3,0.0
AF067061,0.0
BC147527,0.0022988506
Rarb,4.6195426
Gpc6,9.367824
Siah3,0.031034483
Cadps,19.185072
Fhit,0.6091954
Vcl,23.968988
Gng2,180.27252
Ube2e2,11.701149
Gm10248,0.009195402
1700112E06Rik,0.04827586
Thrb,0.28160915
Cacna1d,0.7137929
Arhgef3,2.4068964
Erc2,22.593115
Cacna2d3,0.74367815
Nrg3,0.09425287
Peli2,20.394253
Gch1,0.45057473
Parp4,0.38275862
Atp8a2,5.537932
Mipep,14.540231
Adam2,0.2954023
Ints9,24.048273
Wdfy2,1.6448264
Ppp3cc,2.7402294
Serp2,4.810346
Enox1,7.4275885
Dgkh,6.193105
Diap3,1.236781
4930474H20Rik,0.0
Klhl1,0.037931036
Pcdh9,3.377011
D130009I18Rik,22.262074
Gpc5,0.12413793
Dock9,0.9436781
Abcc4,1.6114942
Hs6st3,0.25977013
Itgbl1,0.14712644
Pcca,10.497702
1700110I01Rik,0.0
1700110I01Rik.1,0.0
Gm5795,0.0
Gm5795.1,0.0
Gm10409,0.0
Gm3264,0.0
Gm3500,0.0011494253
Acox2,0.013793103
Flnb,18.798859
Pxk,11.627584
4930452B06Rik,1.9195398
Ptprg,13.562069
Synpr,8.990808
Gm5087,0.004597701
Atxn7,5.417244
Nek10,0.012643678
Ngly1,8.82644
Top2b,135.85744
Nr1d2,1.1896548
Nid2,10.613797
Plau,0.5310345
Ttc18,0.088505745
Zswim8,27.989655
Usp54,6.2413845
Nudt13,3.1609194
Kat6b,10.562068
Adk,16.755177
Samd8,14.001156
Kcnma1,0.6402299
Cphx1,0.0
Cphx1.1,0.0
Cphx2,0.0
Cphx2.1,0.0
Zmiz1,66.98043
Dennd6a,37.48509
Slmap,12.728747
Hesx1,0.024137931
Chdh,0.016091954
Sfmbt1,8.305755
Nisch,260.4782
Itih1,0.0034482758
Rft1,6.2344823
Pbrm1,82.248215
Parg,26.395407
Ankrd28,5.8172417
Wdfy4,0.03678161
Mapk8,16.175869
Vstm4,0.5586207
Arhgap22,0.4747126
Prrxl1,17.440233
A630023A22Rik,0.012643678
Glud1,52.894226
Bmpr1a,23.491968
Grid1,0.28390804
Wapal,18.445982
Cdhr1,276.83237
Ccser2,268.4002
Nrg3os,0.0
Mbl1,0.0011494253
4930503E14Rik,0.0
4930431P03Rik,0.0
Ddhd1,6.904602
Fermt2,31.062078
Gpr137c,2.4827573
Samd4,0.23103449
Mapk1ip1l,32.448296
Ktn1,47.92183
Otx2os1,0.008045977
Exoc5,46.55975
Tmem260,7.377014
Slc35f4,0.009195402
Tep1,7.5310388
Mettl3,17.814957
Supt16,82.02639
Ang4,0.027586207
Gm5622,0.0
Olfr221,0.0
Slc7a7,1.9045979
Abhd4,28.808044
Acin1,41.172417
Efs,21.016092
Tgm1,0.17356321
Rnf17,0.5298851
Pspc1,26.654018
Il17d,0.16896552
Cryl1,1.2735635
B020004C17Rik,0.0
Sap18,11.794256
Micu2,18.07012
Cab39l,18.595413
Gm6904,0.0022988506
Mtmr6,26.181631
Spata13,4.0252857
Ebpl,7.995406
Trim13,12.601151
Sacs,1.7356311
Dleu2,0.9793099
4931440J10Rik,0.0
Xkr6,1.8850567
Fam167a,0.20114942
Fdft1,74.87927
Kif13b,9.488502
Msra,9.922989
Prss51,0.0022988506
Hmbox1,6.0908074
Fbxo16,9.417245
Elp3,67.84366
Pnoc,0.054022986
Scara5,0.0068965517
Scara3,0.48965517
Dpysl2,262.44708
Ptk2b,0.101149425
Adra1a,0.25747123
Ebf2,134.0023
Dock5,0.8965516
4930438E09Rik,0.3850575
Bin3,15.450572
Chmp7,60.9552
Pebp4,0.050574712
Gm16677,0.0
Bmp1,74.01724
Piwil2,0.008045977
Npm2,0.3885057
Gfra2,0.56091946
Fndc3a,27.267843
Rb1,21.747124
Nudt15,0.26896557
Lrch1,4.5528727
Lrrc63,0.035632186
Mir466f-3,0.0
Ccdc122,0.14712642
Akap11,45.72072
Epsti1,0.0
Dnajc15,16.26667
Rgcc,4.003448
Elf1,4.3517246
Vwa8,8.665518
Kbtbd7,5.903447
Tdrd3,19.232187
Dach1,21.003458
Pibf1,12.040229
Dis3,24.198862
Klf12,16.105745
Tbc1d4,3.0919535
Lmo7,1.7689655
Slain1,8.826438
Mycbp2,72.6954
Scel,0.101149425
4933432I03Rik,0.0
Pou4f1,208.44028
Rbm26,25.182762
1700128A07Rik,0.0
Dzip1,7.4655204
Uggt2,9.294255
Mbnl2,23.43448
Slc15a1,0.0
Farp1,7.027587
Stk24,8.531042
Clybl,2.5931017
Tm9sf2,52.863216
Ubac2,20.557465
Gm5089,0.014942529
Tmtc4,18.489662
Nalcn,16.672419
Fgf14,0.029885057
1700024B18Rik,0.0
Gm2897,0.0689655
Gm5795.2,0.0
D830030K20Rik,0.0057471264
Gm10413,0.0
Gm10408,0.0
Gm10409.1,0.0
Gm3020,0.0
Gm10413.1,0.0
Gm3020.1,0.0
1700110I01Rik.2,0.0
Gm10408.1,0.0
D830030K20Rik.1,0.0
Gm3002,0.0034482758
Gm5796,0.004597701
Gm3264.1,0.0
4930555G01Rik,0.0
Gm3317+Gm3488,0.0011494253
Gm3383,0.0
Gm3317+Gm3488.1,0.0
Gm3500.1,0.0
Gm3383.1,0.0
LOC100861615,0.028735632
Gm10406,0.03448276
Gm3696,0.23448284
Gm5797,0.0
4933406F09Rik,0.0
Gm3558,0.0022988506
Dnase1l3,0.06436781
Rpp14,23.331053
Abhd6,4.6862082
Pdhb,63.372417
Kctd6,13.85518
Fam107a,2.4999995
Oit1,0.07816092
4930455B14Rik,0.0
Mnd1-ps,0.33563218
3830406C13Rik,3.973562
Fezf2,0.0
Sntn,0.0
Thoc7,47.829872
Psmd6,121.54011
Olfr720,0.0
Il3ra,0.30574715
Olfr31,0.009195402
Slc4a7,33.29886
Lrrc3b,0.03333333
Oxsm,0.59999996
Ube2e1,11.210344
Nkiras1,6.1333356
Rpl15,19.921837
Gm5458,0.0
2700060E02Rik,65.90923
D14Ertd670e,0.008045977
Kcnk5,3.0919538
Saysd1,5.32069
Kcnk16,0.004597701
Mrps16,8.078157
Fam149b,11.006902
Ecd,39.86438
Dnajc9,38.60688
Anxa7,4.0563207
Mss51,0.79999983
Ppp3cb,16.263224
1810062O18Rik,0.11609197
Synpo2l,0.3977011
Myoz1,0.031034483
Sec24c,73.51953
6230400D17Rik,0.56206864
Chchd1,30.020683
Fut11,13.429887
Mir6946,0.16666669
Ndst2,7.483911
Camk2g,31.871288
Ap3m1,23.891964
Dusp13,0.020689655
Dupd1,0.022988506
Comtd1,1.9678154
Vdac2,86.501076
Zfp503,4.918392
4930405A10Rik,0.0
Mir7210,0.0
Dlg5,8.411501
E330034G19Rik,0.0
Rps24,49.87817
Polr3a,16.919546
4930572O13Rik,0.0
Mir3075,0.0057471264
4931406H21Rik,2.4643683
Ppif,13.975866
Zcchc24,0.94827574
Ppifos,0.5344824
Plac9a,0.0
Tmem254c,0.0
Tmem254a,0.0
Tmem254c.1,0.0
Plac9b,0.0
Tmem254b,0.0
Tmem254b.1,0.0
Anxa11,0.17241381
Plac9a.1,0.0
Tmem254c.2,0.0
Tmem254c.3,0.0
Tmem254a.1,0.0
Duxbl2,0.0
Plac9b.1,0.0
Tmem254b.2,0.0
Tmem254b.3,0.0
Duxbl1,0.0022988506
Duxbl3,0.0
Plac9a.2,0.0
Duxbl2+Duxbl3,0.0
Tmem254c.4,0.0
Tmem254c.5,0.0
Tmem254a.2,0.0
Tmem254b.4,0.0
Plac9b.2,0.0
Tmem254b.5,0.0
Duxbl1+Duxbl2+Duxbl3,0.0
Cphx2.2,0.0
Cphx1.2,0.0
4933413J09Rik,0.43678164
Arf4,208.89531
Pde12,20.477007
Mir7672,0.0
Asb14,0.18505749
Appl1,33.997726
Il17rd,3.7011483
Fam208a,12.335635
Ccdc66,13.865523
Wnt5a,11.516097
Lrtm1,0.2609195
Selk,61.096565
Il17rb,0.17816095
Actr8,36.79884
Mir6947,0.21149437
Dcp1a,16.63334
Mir3076,0.42413756
Tkt,116.25863
Prkcd,32.20114
Mustn1,0.13908045
Itih3,0.1678161
Tmem110,9.018393
Itih4,0.010344828
Glt8d1,12.414948
Snord69,0.36206886
Nek4,6.197699
Spcs1,36.70577
Snord19,0.097701125
Gnl3,40.213787
Nt5dc2,82.98276
Stab1,0.524138
Smim4,3.9678094
Dnah1,3.2034478
Tnnc1,3.9333296
Bap1,78.15062
Phf7,4.4413805
Sema3g,4.0862055
Sh3bp5,4.4896555
Capn7,29.142532
Eaf1,23.13677
Mettl6,17.385065
Colq,0.1724138
Hacl1,2.0494246
Btd,4.427586
Galnt15,0.0011494253
Dph3,29.112646
Oxnad1,7.033334
Ncoa4,2.596545
Msmb,0.0
Timm23,0.9080433
Ogdhl,10.942529
1700024G13Rik,0.042528734
Chat,0.09425288
Slc18a3,0.27931035
Ercc6,30.048273
3425401B19Rik,0.35977015
Fam170b,0.0011494253
1810011H11Rik,0.0
Lrrc18,0.009195402
Ptpn20,0.012643678
Gdf10,0.56896555
Gdf2,0.05862069
Rbp3,0.009195402
Gm5460,0.0
Zfp488,0.14137931
Antxrl,0.009195402
Anxa8,0.010344828
Gprin2,0.010344828
Npy4r,0.0
Syt15,0.026436782
Fam35a,2.4103444
Fam25c,0.012643678
Mmrn2,0.4022989
Sncg,50.65978
Gm3219,1.0344812
9230112D13Rik,0.0034482758
Ldb3,0.26551723
Opn4,0.0022988506
Mir297-1,0.0
Mir346,0.0
4930596D02Rik,0.0
4930474N05Rik,0.0
Lrit1,0.004597701
Lrit2,1.0942528
Rgr,0.029885057
Ghitm,107.864334
2610528A11Rik,1.4459771
1700109I08Rik,0.0
Sh2d4b,2.0689645
Tspan14,123.91494
Fam213a,12.393095
Dydc2,0.016091954
Dydc1,0.0022988506
Mat1a,0.0
Sftpa1,0.047126435
Sftpd,0.0
Gm10377,0.0
1700091H14Rik,0.0
LOC101056136,0.004597701
Gm10377.1,0.0
Gm10377.2,0.0
1700001F09Rik,0.0
Gm10375,0.0
Ear1,0.0
Ang5,0.0
Ang3,0.0
Ear10,0.0
Ang6,0.0
Ear2,0.0
Ear3,0.0
Ear12,0.0
1700047E10Rik,0.0011494253
BC061237,0.0
Gm8267,0.0
Ptgdr,0.0
Ptger2,0.0
Txndc16,13.125288
Psmc6,116.124146
Ero1l,8.704602
Styx,0.2390806
Gnpnat1,6.1379285
4930527F14Rik,0.0011494253
Mir5131,0.0
Gm1821.1,0.58620626
Gm15217,0.0
Bmp4,0.57241374
Rubie,0.009195402
4933425B07Rik,0.032183908
Cnih1,60.845978
Cdkn3,2.1540225
Cgrrf1,9.219544
Gmfb,60.4506
Socs4,8.074715
Wdhd1,13.812652
Dlgap5,11.790806
Lgals3,0.063218385
Atg14,12.42644
Fbxo34,5.07931
4930447J18Rik,0.0
Gm6498,0.55747104
Otx2,0.075862065
4933429O19Rik,0.0068965517
Ap5m1,11.693109
Naa30,9.07472
1700011H14Rik,0.091954015
3632451O06Rik,35.520687
Olfr722,0.0
Olfr723,0.0
Olfr724,0.0
Olfr725,0.0
Olfr730,0.0057471264
Olfr727,0.0
Olfr729,0.0
Olfr726,0.0
Olfr728,0.0
Olfr732,0.0
Olfr734,0.0034482758
Olfr733,0.0
Olfr731,0.0
Olfr736,0.0011494253
Olfr738,0.0
Olfr739,0.0
Olfr740,0.009195402
Tlr11,0.0
Olfr735,0.0
4930413M19Rik,0.0
Olfr741,0.0011494253
Olfr742,0.0022988506
Olfr743,0.0011494253
Olfr745,0.0022988506
Olfr747,0.0
Olfr746,0.0
Olfr748,0.0
Olfr744,0.0
Parp2,20.698858
Ttc5,35.663235
Ccnb1ip1,0.024137931
Olfr749,0.0
Rpph1,1.0091945
Apex1,28.958628
Pnp2,0.32528737
Klhl33,0.03678161
Pnp,13.085061
Tmem55b,25.029903
Osgep,21.613787
Rnase10,0.0
Eddm3b,0.0
Rnase4,1.3689654
Rnase9,0.0
Ang,0.17126437
Olfr750,0.07126437
Rnase11,0.0
Rnase12,0.0
Rnase2b,0.0
Ang2,0.0068965517
Rnase6,0.0034482758
Rnase1,0.0
Ear14,0.0
Ear4,0.0
4930597G03Rik,0.0
Rnase2a,0.0
Vmn2r88,0.0
Vmn2r89,0.0
Gm5800,0.0034482758
Ear6,0.0011494253
AY358078,0.7528717
Mettl17,15.401153
Slc39a2,0.6149425
Ear7,0.0
Zfp219,25.26206
Arhgef40,5.6747146
Gm16617,0.12988506
Tmem253,0.12068963
Ndrg2,2.0206895
Tppp2,0.0
Rnase13,0.020689655
Rpgrip1,0.33103445
Snord58b,0.0
Hnrnpc,170.66785
Tox4,30.083904
Chd8,37.441357
Snord8,0.16091956
Rab2b,24.912636
Olfr1510,0.0
Olfr1512,0.0
Sall2,18.020687
Olfr1511,0.0
Olfr1513,0.0
Olfr1507,0.011494253
Olfr1509,0.0022988506
Olfr1508,0.0011494253
A430107P09Rik,0.013793103
Dad1,52.068966
Olfr49,0.0
Oxa1l,25.033354
Mmp14,50.27587
Lrp10,16.90229
Mrpl52,13.939089
Rem2,2.5528724
Prmt5,71.41153
4930579G18Rik,1.3275841
Psmb5,24.73793
Cdh24,2.943676
4931414P19Rik,4.7747135
Mir686,0.0
Ajuba,5.6425276
Haus4,9.255171
Psmb11,0.17931034
Mir6948,0.06321839
1700123O20Rik,34.099987
Cebpe,0.0011494253
Slc7a8,0.36091954
Homez,7.7402263
Pabpn1,39.686207
Slc22a17,35.033348
Ppp1r3e,0.14022987
Bcl2l2,5.2390814
Ngdn,22.235647
Mir208b,0.0
Myh6,0.49885064
Cmtm5,0.7689656
Il25,0.01724138
Myh7,1.1333331
Mir208a,0.0
Gm10364,0.98735577
D830015G02Rik,0.0
Ap1g2,2.993103
Zfhx2,18.826445
Zfhx2os,0.14712644
Jph4,0.5977012
Thtpa,16.297709
Dhrs2,0.052873563
Cpne6,3.03793
Nrl,0.71034485
Dcaf11,43.11032
Pck2,4.754024
Dhrs4,16.371267
Lrrc16b,8.273565
Fitm1,0.105747126
Tm9sf1,23.378162
Rnf31,7.7103477
Mdp1,34.29541
Tinf2,15.002306
Tssk4,0.09080459
Nedd8,103.7322
Emc9,1.7080452
Psme2,7.4655232
Rec8,4.0413785
Gmpr2,33.936787
Irf9,4.233333
Psme1,22.896547
Ipo4,59.585083
Nop9,31.027588
Dhrs1,33.544815
Nfatc4,4.363217
Adcy4,0.27011496
Ripk3,0.77816087
Ltb4r1,0.0068965517
Ltb4r2,0.0011494253
Rabggta,13.456321
Cideb,0.0068965517
Cma1,0.0022988506
Khnyn,6.288509
Nynrin,23.719563
Cbln3,0.24022989
Sdr39u1,9.913798
Mcpt-ps1,0.0
Mcpt2,0.0
Mcpt8,0.022988506
Mcpt1,0.0
Mcpt9,0.0
Mcpt4,0.0
Gm5801.1,4.1160793
Cma2,0.0
Mir6949,0.0
Gzme,0.0
Gzmg,0.0
Gzmd,0.0
Gzmf,0.0
Ctsg,0.022988506
Gzmn,0.0
Gzmc,0.0
Gzmb,0.0
Atp12a,0.0057471264
Cenpj,15.337934
Mphosph8,14.709198
Gm16973,6.7551765
Zmym5,20.559772
Zmym2,56.819557
Gja3,0.059770115
Gjb6,0.21609198
Gjb2,0.7954022
Ift88,6.1988583
N6amt2,23.487366
Xpo4,8.882762
Lats2,6.651726
Mir3077,0.011494253
Gm10094,0.0
Zdhhc20,25.089636
Mrpl57,18.04138
Ska3,6.9126477
Fgf9,0.22758621
Rcbtb1,60.189663
1700129C05Rik,0.0
Gm5142,0.0
Phf11d,0.031034483
Phf11b,0.024137931
Phf11a,0.0022988506
Setdb2,5.656321
Phf11c,0.49655166
Cdadc1,15.283915
Shisa2,14.562075
Nupl1,17.657486
Mir719,0.0
Amer2,8.809196
C1qtnf9,0.0068965517
Tnfrsf19,4.929884
Sgcg,0.05287356
Arl11,0.018390805
1700109G14Rik,0.024137931
Kpna3,43.839092
Spryd7,6.616091
4930556J02Rik,0.0
Mir16-1,0.0
Mir15a,0.0011494253
Kcnrg,0.18850575
Rnaseh2b,13.924137
Dleu7,0.06896552
Gucy1b2,0.12413794
Fam124a,6.916093
Ints6,9.92529
Serpine3,0.044827577
Mir8098,0.0
Mir6541,0.0
Defb47,0.0011494253
Defb43,0.0
Defb48,0.0011494253
Defb30,0.0
2700070H01Rik,0.0
Ctsb,50.93447
Defb42,0.0
Gata4,0.26551723
Neil2,0.33333334
Blk,0.012643678
Mtmr9,19.528732
Tdh,0.1367816
Mir598,0.0011494253
Sox7,0.2724138
Pinx1,8.757472
Rp1l1,0.0
Prss55,0.0011494253
4930578I06Rik,0.0
Prss52,0.008045977
4930471C04Rik,0.008045977
Mir124a-1,0.0
Mir3078,0.0
A930011O12Rik,11.560913
Extl3,49.19769
Fzd3,84.22869
Zfp395,2.7896528
Nuggc,0.042528734
Ccdc25,22.85632
Pbk,15.124139
Esco2,2.8666658
Clu,0.56321836
Gulo,0.09655172
Ephx2,0.21839082
Chrna2,0.013793103
1700001G11Rik,0.21379314
Trim35,112.46556
Stmn4,22.839079
Pnma2,13.136785
Gm5464,0.8954022
Ppp2r2a,63.212666
Bnip3l,14.162085
Gm6878,2.8609164
Gnrh1,0.10229884
Cdca2,8.403454
Kctd9,3.6999996
Mir6539,0.0034482758
A230070E04Rik,0.5390805
Nefl,295.08398
Nefm,362.98056
Adam7,0.08735632
Adamdec1,0.0
Adam28,0.051724136
Stc1,0.5448275
1700092C10Rik,0.0
Nkx3-1,0.17701149
Nkx2-6,0.0057471264
Synb,0.0
Slc25a37,4.694252
Entpd4,0.0011494253
Synb.1,0.0
Entpd4.1,0.0
Gm16677.1,0.0
R3hcc1,27.78621
Loxl2,0.7045977
Mir6950,0.004597701
Rhobtb2,8.3367815
Tnfrsf10b,0.6666667
Egr3,0.15057471
Pdlim2,2.4264357
Sorbs3,1.8264359
9930012K11Rik,2.0655167
Ccar2,82.4563
Slc39a14,2.0195398
Polr3d,22.595419
Phyhip,5.7885084
Mir320,0.0011494253
Fam160b2,17.936794
Sftpc,0.0022988506
Dmtn,1.5344826
Fgf17,0.14482757
Hr,1.0045977
Reep4,14.712634
Nudt18,7.543682
Lgi3,0.8218391
Dok2,0.29655176
Xpo7,27.497723
2410012E07Rik,0.0
Gm4251,0.0011494253
4930434J06Rik,0.037931032
Gm9199,0.17241383
Cysltr2,0.0
Lpar6,23.443678
Rcbtb2,72.36898
Mir687,0.0057471264
Itm2b,88.683945
Med4,22.973568
Sucla2,51.95861
4933402J15Rik,0.0
Htr2a,0.024137931
Esd,38.93106
5031414D18Rik,0.0
Gm4278,0.0
Lcp1,0.524138
Zc3h13,36.690826
Cpb2,0.026436782
Spert,0.0
4930564B18Rik,0.018390805
Cog3,21.500008
Snora31,0.4149426
Tpt1,11.555166
Slc25a30,7.029884
Gm4285,0.6482756
Gtf2f2,29.611504
Kctd4,1.0137926
Nufip1,21.339083
Gpalpp1,16.24713
Tsc22d1,137.7344
4930444M15Rik,0.009195402
1700108F19Rik,0.0068965517
Lacc1,0.41494247
Gm6994,0.11494249
Gm1587,0.004597701
Fam216b,0.0
Mir1971,0.0
Tnfsf11,0.035632186
Zfp957,0.060919516
Mtrf1,4.539078
Naa16,12.035625
Wbp4,25.562067
Zbtbd6,1.3057472
Lect1,1.3448274
Sugt1,51.56091
Mir759,0.0
Pcdh8,11.511499
4930452G13Rik,0.1862069
Gm10845,0.080459766
Olfm4,0.12413793
Pcdh17,70.910385
9630013A20Rik,0.50459766
4930529K09Rik,0.0011494253
Pcdh20,11.2816105
Gm5088,0.89654994
4921530L21Rik,0.0
Mzt1,23.317244
Bora,8.48506
Klf5,0.35287356
Prr30,0.0
Commd6,18.283905
Uchl3,14.127584
Mir5130,0.0
Kctd12,1.831034
Fbxl3,9.954037
Irg1,0.004597701
Cln5,9.331038
Slain1os,0.2942528
Ednrb,30.456348
4930432J09Rik,0.026436782
Rnf219,41.573597
Gm17066,6.5747175
Ndfip2,25.771248
5430440P10Rik,0.043678157
4930449E01Rik,0.0
9330188P03Rik,0.008045977
Mir6390,0.0
Spry2,3.5793042
Trim52,0.0011494253
Slitrk1,9.490804
Mir3964,0.0
Slitrk6,0.11149424
Slitrk5,11.711495
Mir466,0.0011494253
4930524C18Rik,0.06551724
Mir17hg,11.696552
Mir19b-1,0.051724136
Mir18,0.010344828
Mir92-1,0.0
Mir20a,0.031034483
Mir19a,0.013793103
Mir17,0.0034482758
4930505G20Rik,0.0022988506
Mir6239,0.0
Dct,0.016091954
Gpr180,11.439081
Tgds,14.78276
Sox21,0.08965517
Gm9376,0.0
Mir6241,0.0
1700044C05Rik,0.0
Mir6391,0.0
Cldn10,0.096551724
Dnajc3,27.38048
1700006F04Rik,0.028735632
Oxgr1,0.009195402
Rap2a,10.193105
Ipo5,73.498825
Gpr18,0.08965515
Gpr183,0.8977011
Timm8a2,0.031034483
A330035P11Rik,0.8482758
1700108J01Rik,0.0
Zic2,0.08735633
Zic5,0.010344828
2610035F20Rik,0.03333333
Ggact,0.7747125
AA536875,0.0
St3gal1,3.9758604
Nipbl,49.2161
Cpq,1.2011492
Cntn1,11.810347
Bin2,0.2045977
Efcab6,0.7045976
Ptger4,0.26896548
Egflam,19.113792
Capsl,0.014942529
Pdzd2,0.65747106
Brix1,40.770115
Cdh10,2.5977008
Cdh18,0.06666667
Dnah5,0.15517242
Sema5a,3.5620687
Ctnnd2,11.2885065
March6,31.455172
Dpys,0.0022988506
Zfpm2,1.1919539
Ncald,4.8195386
Vps13b,15.421854
Nipal2,0.17931035
Csmd3,0.0068965517
Samd12,0.57241374
Mtbp,8.747131
Gm19303,0.0068965517
Fam49b,21.486216
Kcnq3,0.0
Ptk2,81.04137
Zfat,5.2839093
Gtpbp1,29.233322
Tcf20,19.26208
Tnrc6b,39.76554
Apol10b,0.0011494253
Zc3h7b,14.706904
Celsr1,2.639079
Nup50,36.132175
Yaf2,29.74598
Adamts20,1.2632182
Ccnt1,30.688509
Nell2,24.600002
Krt5,0.5701149
Mucl1,0.0011494253
Oxct1,32.94711
Ghr,4.437931
Sepp1,15.105745
Plcxd3,1.0965518
5430437J10Rik,0.0022988506
Dab2,1.4137928
Osmr,0.042528734
Wdr70,14.398849
Nup155,25.168974
2410089E03Rik,18.69542
Slc1a3,3.3816082
Ugt3a1,0.010344828
Ranbp3l,0.031034483
Lmbrd2,2.1505744
Prlr,0.09885057
Spef2,0.07701149
Rai14,91.72878
Adamts12,1.3425286
Slc45a2,0.24597701
4930556M19Rik,0.6770115
Drosha,52.52414
Cdh6,25.410341
4921515E04Rik,0.0011494253
Cdh12,0.2321839
Fam134b,3.075861
Myo10,11.997701
Gm5468,6.1459785
March11,0.5034483
Fbxl7,6.162074
Trio,14.582767
Ank,7.16322
Fam105a,1.1758622
Ankrd33b,0.26206896
Cmbl,0.24252877
Snhg18,1.365517
Sdc2,2.905746
Tspyl5,6.1000004
Erich5,0.008045977
Matn2,1.411494
Stk3,13.071268
Rgs22,0.07701149
Polr2k,1.8172365
Grhl2,0.1724138
Ubr5,38.983906
Atp6v1c1,26.671255
Rims2,6.9954066
Oxr1,15.5390835
Angpt1,0.5735632
Eif3e,78.32417
Emc2,16.852884
Rspo2,0.15632184
Pkhd1l1,0.03908046
Sybu,2.6057463
Eny2,33.47586
Trps1,8.582764
Slc30a8,0.0011494253
Ext1,9.582763
Tnfrsf11b,0.05172414
Col14a1,1.3068963
Taf2,30.696552
Deptor,1.5770112
Enpp2,3.8034475
Sntb1,0.25287357
Slc22a22,0.004597701
Zhx1,28.15174
Tbc1d31,3.7298844
Zhx2,2.381608
Fbxo32,17.339088
Mtss1,1.8563211
Nsmce2,23.95288
D030024E09Rik,0.0
Pvt1,0.5160919
Gsdmc2,0.0
Gm20740,0.0
Asap1,33.303474
Adcy8,0.12643677
Hhla1,0.0
Efr3a,12.970121
Lrrc6,0.016091954
Tg,0.0034482758
Phf20l1,27.934486
1700012I11Rik,0.0011494253
Khdrbs3,9.412647
Gm19782,0.0
Fam135b,0.010344828
Col22a1,1.394253
Trappc9,17.147125
Ago2,18.328747
Dennd3,0.68735623
Mroh5,0.027586207
Bai1,1.7942526
Zc3h3,0.74252796
Spatc1,0.009195402
Mroh1,10.981612
Rbfox2,129.61145
Arhgap39,7.5298905
Ppp1r16a,14.370116
Ncf4,0.055172414
Cacng2,0.31149423
Tex33,0.0034482758
Sh3bp1,1.024138
Pla2g6,14.871267
Csnk1e,64.166695
Gcat,31.618383
Gm10863,0.050574712
Enthd1,0.0068965517
Cacna1i,0.14252874
Npcd,0.0
Npcd.1,0.0
Grap2,0.09080459
St13,63.456314
Sgsm3,15.588509
Mkl1,13.388516
Wbp2nl,0.0
Srebf2,165.50574
Polr3h,19.159775
Scube1,18.660921
1700001L05Rik,0.30574715
Ttll1,29.120693
A4galt,0.1448276
1810041L15Rik,9.021843
Phf21b,23.433332
Parvb,1.8965503
Atxn10,202.39206
AU022754,0.0
Smc1b,0.07586207
Ttc38,2.5758615
Gramd4,10.440229
Tbc1d22a,8.395401
Fam19a5,5.514945
B230214G05Rik,0.0057471264
Mov10l1,0.0
Shank3,0.6505744
Syt10,0.0
Ppp6r2,9.502299
Syce3,0.0
Kif21a,12.348281
Cpne8,0.1735632
Lrrk2,0.4896552
Muc19,0.0
Slc2a13,0.1229885
Pdzrn4,0.5781609
Pphln1,37.97357
Prickle1,2.0114937
Tmem117,3.1160917
D030018L15Rik,0.022988506
Ano6,14.859782
Arid2,43.425327
Slc38a1,130.90799
Pced1b,0.51609194
Senp1,20.375856
Fmnl3,3.4229877
Prkag1,30.334494
Cers5,25.74712
Mir3473a,0.02183908
Larp4,13.935635
Slc11a2,13.742531
Dip2b,40.07014
Tfcp2,10.966678
Slc4a8,9.5034485
1700011A15Rik,0.0034482758
Scn8a,14.356341
Acvr1b,4.9528723
Krt85,0.0
Rarg,1.762069
Pcbp2,50.708065
Tenc1,0.54597694
Map3k12,46.24596
Gtsf1,0.008045977
Smug1,15.372416
Copz1,128.97813
Ccdc152,0.0011494253
A630020A06,0.020689655
AW549877,28.680475
Fbxo4,1.816092
BC037032,0.15862069
C6,0.0034482758
Mroh2b,0.0
Card6,0.3091954
C7,0.013793103
Rpl37,11.410341
Snord72,0.17356323
Ttc33,19.143682
Prkaa1,18.854029
C9,0.016091954
Fyb,0.064367816
Rictor,32.426453
Lifr,13.085063
Gdnf,0.029885057
Nadk2,5.140229
Skp2,21.52759
Ugt3a2,0.0011494253
Il7r,0.0
Dnajc21,7.7160964
Agxt2,0.0011494253
Rad1,12.835635
Gm10389,1.6218381
Ttc23l,0.014942529
Gm19276,0.032183908
C1qtnf3,22.77587
Amacr,14.219543
Rxfp3,14.394246
Tars,71.81609
Npr3,1.5379306
1700047G03Rik,0.0057471264
Sub1,88.66205
Mir1898,0.054022968
Zfr,75.67703
Mtmr12,10.754027
Golph3,29.003456
6030458C11Rik,16.40805
Cdh9,0.06896552
Acot10,2.5747097
Gm5803,0.079310305
Basp1,79.49193
Mir7212,0.0034482758
Zfp622,15.555179
Mir7117,0.03563218
Otulin,6.426439
4930430F21Rik,0.008045977
Dap,8.179316
Ropn1l,0.3091954
Cct5,414.2953
Fam173b,6.4356313
Snord123,0.0
Tas2r119,0.0
1700084J12Rik,0.004597701
4930592A05Rik,0.0034482758
Mtdh,37.218395
Laptm4b,13.464369
Gm12191,0.0
Rpl30,0.10919534
Rpl30.1,2.903438
9430069I07Rik,0.0011494253
Pop1,8.60115
Hrsp12,5.4459777
4930413F20Rik,0.020689655
Kcns2,0.013793103
BC048602,0.025287356
Osr2,0.17011493
Mir875,0.0022988506
Mir599,0.009195402
Cox6c,48.875862
Fbxo43,0.0
Spag1,2.0770106
Rnf19a,36.53562
Mir8097,0.0
Snx31,0.8321839
Ankrd46,40.566654
Pabpc1,70.95178
Ywhaz,126.30689
Zfp706,73.62303
4930447A16Rik,0.0
Gm15941,0.020689655
Rrm2b,3.3494241
Odf1,0.0011494253
Klf10,4.944827
Azin1,47.227615
Mir6951,0.010344828
2310043O21Rik,0.0
Fzd6,0.89425296
Baalc,0.16896552
Cthrc1,10.544829
Dcaf13,31.934471
Slc25a32,2.8356328
Dcstamp,0.02183908
Gm16291,0.010344828
Lrp12,36.334488
AU022793,0.0
9330182O14Rik,0.0034482758
Gm16294,0.0
Abra,0.008045977
Gm10373,0.013793103
Tmem74,2.7597694
Trhr,0.0057471264
Nudcd1,13.977016
Ebag9,6.18046
2310069G16Rik,0.6551724
A930017M01Rik,0.07126437
Kcnv1,0.15977012
1700022A22Rik,0.0
4930523O13Rik,0.0
4930548G14Rik,0.0
Mir1907,0.0011494253
Utp23,6.9183936
Eif3h,86.34252
Rad21,29.411495
Aard,0.14022988
Med30,15.596545
Colec10,0.0
Mal2,0.04597701
Nov,0.020689655
Dscc1,2.364367
Gm9920,0.014942529
Mrpl13,32.901154
Has2,0.79080427
Has2os,0.013793103
Derl1,33.519543
Fam83a,0.012643678
9130401M01Rik,11.252874
Atad2,15.383909
Wdyhv1,6.7505755
Klhl38,0.0816092
D15Ertd621e,22.995415
Anxa13,0.009195402
Tmem65,20.074718
Rnf139,13.508059
Trmt12,12.0241375
Tatdn1,6.763224
Ndufb9,98.879265
Sqle,99.417244
Zfp572,0.08505747
E430025E21Rik,25.23565
Trib1,10.74138
Gm19510,0.0022988506
4933412E24Rik,0.0
A1bg,0.0
9930014A18Rik,0.80574715
Fam84b,2.7103434
Myc,4.3540225
H2afy3,2.7551608
1700065I16Rik,0.0
Gsdmc,0.010344828
Gsdmcl-ps,0.0
Gsdmcl2,0.0068965517
Gsdmcl1,0.0
Gsdmc3,0.0011494253
Gsdmc4,0.0
Oc90,0.059770115
Tmem71,0.022988506
Sla,0.02183908
Ndrg1,28.08276
Wisp1,0.36206895
Mir30d,0.0
Mir30b,0.0
Kcnk9,0.0022988506
Peg13,23.226437
Chrac1,12.204598
Slc45a4,5.4643703
Gpr20,5.3356323
Ptp4a3,9.857473
Arc,0.15172413
Mroh4,0.0
Jrk,8.910345
4933427E11Rik,0.027586207
Lypd2,0.0
Gml,0.0
2300005B03Rik,0.0
Lynx1,0.0034482758
Slurp1,0.0
Ly6k,0.0
Hemt1,0.0
Them6,0.104597695
Cyp11b1,0.0
Ly6d,0.0011494253
Psca,0.0
D730001G18Rik,0.0
Ly6e,84.89428
Cyp11b2,0.0
2010109I03Rik,0.012643678
Ly6c1,0.0
Ly6a,0.008045977
Ly6i,0.0011494253
Ly6c2,0.0
Ly6f,0.0
9030619P08Rik,0.0
Gpihbp1,0.0011494253
Zfp41,40.467785
Ly6h,0.27356324
Rhpn1,2.5482752
Mafa,0.008045977
Top1mt,4.7678156
Gsdmd,9.751722
Mroh6,0.07011494
Zfp623,14.678164
Ccdc166,5.913795
Tigd5,3.9459767
Tsta3,25.58852
Eef1d,59.76553
Zfp707,4.006896
Mapk15,0.5678161
Fam83h,1.6137931
Pycrl,28.143686
Naprt1,0.19080459
Puf60,117.34712
Scrib,19.973557
BC024139,0.23333333
Nrbp2,1.7643673
Eppk1,0.06206897
Mir6952,0.0
Plec,10.767816
Mir1942,0.0
Gm10872,0.0
Grina,55.677017
Parp10,0.09885057
Mir6953,0.09310343
Cyc1,129.51604
Oplah,2.1448271
Gpaa1,36.539112
Fam203a,8.140231
Smpd5,2.680459
Tssk5,0.024137931
Exosc4,32.24714
Maf1,60.970104
Sharpin,17.19541
Dgat1,13.877013
Scx,0.24482757
Hsf1,21.159773
Slc52a2,11.347128
Scrt1,3.1482744
Bop1,44.20921
Fbxl6,21.043686
Mir6954,0.018390805
Cpsf1,62.85061
Adck5,12.078168
Tonsl,5.362068
Slc39a4,0.13333334
Vps28,62.14252
Kifc2,1.7816094
Cyhr1,17.897684
Foxh1,0.026436782
Mfsd3,2.541379
Gpt,1.3413788
C030006K11Rik,3.7758586
Lrrc24,1.1919538
Lrrc14,21.673561
Recql4,2.7724135
Rpl8,376.69922
Zfp7,13.167817
Zfp647,13.352872
Commd5,8.231043
Zfp251,15.56667
Mb,0.07011495
Apol6,0.112643674
1110038F14Rik,17.856327
1700109K24Rik,1.83563
Apol7b,0.0
Apol7a,0.01724138
Apol9a,0.0
Apol10a,0.004597701
1700025B11Rik,0.0
Apol7c,0.0011494253
Apol11a,0.0
Gm8221,0.0
Apol7e,0.0
Apol11b,0.0
Apol8,0.14482759
Myh9,7.779318
Apol9b,0.0
Txn2,69.99998
Eif3d,120.81839
Foxred2,3.7494235
Pvalb,0.050574712
Ift27,19.689661
Csf2rb2,0.0057471264
Csf2rb,0.07816092
Mir7676-2,0.0
Mir7676-2.1,0.0
Mir7676-1,0.0
Mir7676-1.1,0.0
Tst,1.8459771
Mpst,0.41839078
Tmprss6,0.17241378
Il2rb,0.008045977
Kctd17,8.206899
Cyth4,0.028735632
C1qtnf6,1.481609
Rac2,0.14022988
Sstr3,0.20344827
Mfng,111.15519
Elfn2,0.0908046
Lgals2,0.051724136
Gga1,11.44598
Cdc42ep1,3.2678156
Card10,0.6666666
Mir6955,0.037931025
Triobp,16.748276
Lgals1,19.710361
Pdxp,32.229866
Gm10865,0.06206897
Nol12,13.248276
H1f0,125.25869
Mir6956,0.032183908
Micall1,14.275868
Polr2f,46.45978
1700088E04Rik,0.37356332
Sox10,17.042536
Eif3l,159.96085
Galr3,0.01724138
Ankrd54,31.7908
Slc16a8,0.041379306
Pick1,14.60116
Baiap2l2,0.14712644
Mir1943,0.0
Tmem184b,15.497707
Maff,0.11839078
Ddx17,124.78967
Kcnj4,0.010344828
Kdelr3,0.38160917
Dmc1,0.09540229
Cby1,16.654034
Tomm22,45.236767
Fam227a,2.2218385
Josd1,11.842526
Sun2,2.2942514
Dnal4,30.347116
Nptxr,0.055172414
Gm16576,0.5919541
Cbx6,6.117243
Cbx7,1.1482756
Apobec3,0.18045975
D730005E14Rik,0.013793103
Rpl3,26.711481
Snord83b,0.09425286
Pdgfb,0.09080456
Snord43,0.01724138
Mir7213,0.0
Tab1,20.168955
Syngr1,1.9563216
Mgat3,14.858629
Atf4,110.54366
Mief1,25.258648
Rps19bp1,12.964369
Fam83f,1.0505745
A430088P11Rik,0.22413798
Mir6957,0.0
Adsl,53.95975
Mir5113,0.0
4930483J18Rik,0.020689655
Mchr1,0.2218391
8430426J06Rik,0.0
Slc25a17,58.84483
Xpnpep3,6.1551733
Dnajb7,0.17701147
Rbx1,74.02073
Ep300,21.329891
Chadl,0.2689655
Rangap1,88.44945
L3mbtl2,15.45633
Phf5a,62.660927
Tob2,12.07012
Tef,12.879315
Aco2,95.173515
Pmm1,20.89425
Xrcc6,22.163216
Nhp2l1,6.51494
Desi1,30.494242
Csdc2,4.947127
1700029P11Rik,0.0022988506
Mei1,0.10689655
Ccdc134,12.380458
4930407I10Rik,0.04597701
Sept3,93.56781
Cenpm,3.718389
AI848285,0.2908046
Mir33,0.0034482758
Tnfrsf13c,0.245977
1500009C09Rik,0.08275862
Cyp2d22,0.15287356
Fam109b,0.883908
Cyp2d11,0.0
Ndufa6,29.4885
Naga,8.739084
Smdt1,40.82528
Cyp2d10,0.0
Mir7684,0.0
Cyp2d9,0.0011494253
Cyp2d12,0.0068965517
Cyp2d34,0.0011494253
Cyp2d13,0.0
Cyp2d37-ps,0.0022988506
Cyp2d40,0.0
Cyp2d26,0.063218385
Tbrg3,8.840232
Gm20324,0.36436778
Nfam1,1.3931032
Rrp7a,8.0471325
Poldip3,70.75746
Rnu12,0.010344828
Cyb5r3,86.962074
Serhl,1.7632182
Arfgap3,12.721846
Pacsin2,20.243685
Ttll12,29.62069
Bik,0.47011495
Tspo,2.094253
Mcat,10.395401
Mpped1,1.0850574
Sult4a1,27.097708
Pnpla5,0.0
Pnpla3,0.64712644
Samm50,41.77471
Mir6392,0.004597701
Parvg,0.0954023
Ldoc1l,32.548275
Arhgap8,0.060919546
Prr5,3.1931033
Gm20556,0.0
Upk3a,0.0
Mir1249,0.010344828
Fam118a,11.420699
5031439G07Rik,33.75516
Ribc2,0.024137931
Gm19277,0.0011494253
Fbln1,26.525293
Wnt7b,0.27931035
7530416G11Rik,0.0
Mirlet7bhg,0.32183912
Mirlet7b,0.0
Mirlet7c-2,0.0
Cdpf1,5.866669
Pkdrej,0.059770115
Ppara,0.050574712
Gtse1,5.8758616
Trmu,9.779308
Cerk,22.532185
Mir6393,0.0
Zdhhc25,0.0
Brd1,21.208052
Zbed4,3.7310214
Creld2,24.219542
Pim3,19.32414
Alg12,7.7839127
Mlc1,0.04367816
Ttll8,0.0
Selo,10.100005
Hdac10,13.64713
Trabd,20.463226
Tubgcp6,8.787366
Panx2,0.004597701
1810021B22Rik,0.33908054
Mapk12,3.2172403
Mapk11,25.179333
Dennd6b,10.474713
Plxnb2,69.92301
Mir7118,0.0011494253
Mir6958,0.06206894
Adm2,0.0057471264
Miox,0.0011494253
Sco2,0.0
Tymp,0.34942523
Ncaph2,40.61266
Klhdc7b,0.0
Sbf1,42.754025
Lmf2,18.854027
Odf3b,0.08735632
Mir6959,0.016091954
Cpt1b,0.029885057
Arsa,6.1528726
Chkb,2.8747036
Mapk8ip2,27.044836
ChkbCpt1b,0.0
C230037L18Rik,0.06091954
Rabl2,36.87699
Acr,0.018390805
Alg10b,63.67471
Mir7648,0.0
Spn-ps,0.0
Abcd2,47.955166
Smgc,0.0
Mir544.1,0.0
Gxylt1,8.818396
Zcrb1,26.686195
9430014N10Rik,0.0022988506
D630010B17Rik,0.0034482758
Irak4,1.0873564
Twf1,28.925268
Pus7l,6.342532
LOC100043315,0.04367816
Dbx2,0.0862069
2610037D02Rik,0.0011494253
Gm4371,0.032183908
E330033B04Rik,2.9172394
Scaf11,66.77586
Slc38a2,132.91843
Slc38a4,9.313796
Amigo2,0.89770097
Rapgef3,2.7172408
Endou,0.0
Rpap3,13.57817
Hdac7,14.271273
Vdr,0.12988506
Slc48a1,9.134486
Tmem106c,13.810347
Col2a1,42.409203
Pfkm,24.879316
Asb8,21.045977
Ccdc184,0.55862075
H1fnt,0.0
Zfp641,0.5137931
Olfr287,0.0
Olfr288,0.0
Olfr286,0.0
Olfr283,0.004597701
Olfr284,0.0
Olfr257+Olfr285,0.0
1700031M16Rik,0.0022988506
Kansl2,9.585067
Olfr282,0.0068965517
Olfr281,0.0
Snora34,0.081609175
Lalba,0.0034482758
Snora2b,0.041379306
Olfr279,0.0022988506
Mir1291,0.09999997
Ddx23,8.271271
9330020H09Rik,1.3356305
4930415O20Rik,0.026436782
Cacnb3,42.204617
Adcy6,5.0103474
Rnd1,0.2137931
Arf3,35.148293
Ccdc65,0.20804597
Fkbp11,1.5908042
Wnt10b,0.009195402
Ddn,0.044827584
Wnt1,0.35517228
Lmbr1l,3.996549
Tuba1a,1430.0481
Rhebl1,7.5816092
Tuba1b,81.64256
Dhh,0.02183908
Kmt2d,54.674755
Prph,5.1850576
Troap,3.621839
Tuba1c,6.8954062
C1ql4,0.0034482758
4930578M01Rik,0.66206884
Mir6960,0.014942529
Spats2,11.968974
Dnajc22,0.057471264
Mcrs1,9.131037
Kcnh3,1.4482753
Fam186b,0.23448278
1700120C14Rik,0.07931033
Prpf40b,17.18622
Tmbim6,57.157467
Bcdin3d,3.6160905
Nckap5l,10.113799
Faim2,1.7367816
Aqp6,0.05057471
Aqp5,0.068965524
Aqp2,0.0022988506
Asic1,15.454028
Racgap1,85.5977
Cox14,21.474714
Smarcd1,45.22299
Gpd1,0.875862
Lima1,9.908052
2310068J16Rik,0.13448276
1700030F18Rik,0.0
Atf1,4.87931
Mettl7a1,1.7471261
Mettl7a2,0.0011494253
Tmprss12,0.0022988506
Mettl7a3,0.7379308
Mettl7a2Higd1c,0.013793103
Higd1c,0.0022988506
Gm5475,0.0034482758
Letmd1,34.394276
Csrnp2,27.567831
C330013E15Rik,0.16666666
Smagp,0.010344828
Pou6f1,2.6390789
Dazap2,76.88971
Mir6961,0.0
Cela1,0.14597702
I730030J21Rik,0.09540229
Galnt6,0.07126437
Fignl2,0.9448271
Ankrd33,0.0
Acvrl1,0.35747126
Atg101,22.602304
Grasp,97.759796
A330009N23Rik,7.660932
Nr4a1,1.5655167
AU021063,0.0
6030408B16Rik,0.30919546
Mir6962,0.009195402
Krt7,0.17701149
Mir1941,0.0
Krt80,0.0011494253
Krt83,0.0022988506
Krt82,0.0022988506
5430421N21Rik,0.0
Krt84,0.0034482758
Gm6042,0.0
Krt86,0.0
Krt75,0.0
Krt81,0.0068965517
4732456N10Rik,1.2931032
Gm5476,0.0
Krt6b,0.0
Gm5478,0.0
Krt6a,0.008045977
Gm5477,0.0
Gm5414,0.0022988506
Krt71,0.0
Krt73,0.0
Krt72,0.0022988506
Krt2,0.0011494253
Krt74,0.0
Krt78,0.0
Krt79,0.013793103
Krt76,0.016091954
Krt1,0.07356322
Krt4,0.0
Krt77,0.012643678
Eif4b,99.34135
Krt18,0.40344828
Krt8,0.5413792
Itgb7,0.13563219
Spryd3,4.2770123
Csad,7.788509
Soat2,0.08620688
Igfbp6,0.03333333
Zfp740,36.1563
Mfsd5,12.42414
Pfdn5,33.77012
Myg1,24.96784
Espl1,7.3425303
Sp7,0.087356314
Aaas,28.855177
Prr13,19.589659
Amhr2,0.032183908
Sp1,12.13909
Tarbp2,10.173569
Npff,0.84712625
Atf7,3.8206885
Atp5g2,0.11264358
Calcoco1,34.42871
Mir688,0.004597701
Cistr-act,0.004597701
Hoxc5,12.675859
Mir196a-2,0.0057471264
Hoxc6,8.286214
Hoxc10,4.4758615
Hoxc13,0.07816092
Hoxc9,9.195408
Hoxc8,4.429884
Mir615,0.0022988506
Hoxc12,0.051724136
Hoxc11,0.03908046
Hotair,0.10344827
Hoxc4,10.813801
D930007P13Rik,0.37816095
Cbx5,153.02425
Gm5643.1,0.0
Hnrnpa1,13.952871
Nfe2,0.47701144
Gm10052,0.0
Mir421.2,0.0
Gpr84,0.12183908
Itga5,3.4758606
Mir148b,0.0011494253
Zfp385a,8.393118
Mir6963,0.0011494253
BC048502,0.0011494253
Ppp1r1a,2.933333
Pde1b,4.7057467
Nckap1l,0.06091954
Glycam1,0.0
Spt1,0.004597701
Cadm2,0.5402298
Bbx,20.49426
Slc12a8,0.34827587
Spag6,0.20689656
Lsamp,1.4931031
Alg1,6.732184
Rbfox1,1.0885055
Crebbp,44.93106
Parn,22.5
Snx29,2.5816078
Prkdc,13.595413
Ciita,0.13563219
Kng1,0.071264364
Mrpl40,29.572409
Senp2,39.71955
Fgf12,1.8620687
Zdhhc19,0.0057471264
Bdh1,41.7115
Atp13a5,0.011494253
Ildr1,0.031034483
Upk1b,0.1367816
Sema5b,2.187356
Zbtb20,39.655174
Col8a1,0.24367818
Abi3bp,0.31379315
Alcam,8.773566
Htr1f,0.0
Pros1,3.0735617
Epha6,0.2229885
Grik1,0.90229875
Olig2,0.10689656
Pcp4,0.1724138
Erg,0.07241379
Ttc3,235.02531
Trap1,43.290806
Cluap1,10.0747175
Nmral1,45.223015
Ppl,0.21724135
4930562C15Rik,0.20114943
Adcy9,4.519541
Abat,55.804607
Pmm2,21.61381
Atf7ip2,0.08965516
Grin2a,0.031034483
Clec16a,22.45401
Gm4262,0.65057474
Zc3h7a,37.611504
Shisa9,0.06551724
Gm9961,0.0011494253
Mkl2,6.3425336
1700003L19Rik,0.0
2900011O08Rik,5.4068966
Pdxdc1,33.693108
Marf1,25.959757
Abcc1,13.404605
Myh11,0.03563218
Spidr,9.226439
Fgd4,32.926437
Pkp2,1.1206896
Mzt2,12.750573
Med15,26.994276
Mapk1,118.485085
P2rx6,0.0
Ube2l3,38.14368
Ppm1f,8.813804
Pi4ka,21.552887
Arvcf,30.722982
Prodh,3.7643661
Lamp3,0.03563218
Cyp2ab1,0.004597701
Clcn2,9.070123
Yeats2,30.688519
Vps8,10.2827635
Crygs,0.004597701
Fetub,0.0034482758
Dgkg,0.008045977
Igf2bp2,66.72069
Etv5,3.1988506
Bcl6,0.093103446
St6gal1,31.66897
Masp1,5.0873556
Lpp,12.377012
Trp63,0.13908045
Tprg,0.0011494253
Leprel1,0.44827577
Gm20319,0.0
Il1rap,0.56436783
Cldn16,0.0
Gm10823,0.0011494253
Ccdc50,44.973522
Mb21d2,8.34828
Hrasls,0.14367816
Atp13a4,0.014942529
Opa1,31.918394
Lrrc15,0.083908044
4632428C04Rik,0.05402299
Tmem44,24.410353
Xxylt1,7.0839095
Acap2,12.982767
Mir1195,0.0022988506
Fbxo45,17.065527
Dlg1,7.028737
Ubxn7,15.633335
Senp5,20.328762
Zfp148,19.366682
Iqcg,1.0999999
Fyttd1,37.594265
Muc4,0.15402299
Snx4,23.226439
Itgb5,0.9103446
Kalrn,57.174736
Muc13,0.008045977
Heg1,5.6275883
Mylk,0.5448275
Adcy5,1.6172411
Fam162a,27.01148
Hspbap1,11.148281
Stxbp5l,2.3977008
Hgd,0.040229887
Eaf2,0.36321837
Polq,3.727585
Hcls1,0.04942529
Iqcb1,19.626434
Poglut1,38.41841
Arhgap31,3.2712638
Nr1i2,0.0057471264
Pla1a,0.011494253
Gsk3b,149.22423
Lrrc58,61.69083
Igsf11,0.15862067
Gap43,180.8828
4932412D23Rik,0.0
4932412D23Rik.1,0.010344828
2610015P09Rik,5.350577
Drd3,0.0011494253
Sidt1,0.004597701
Cd200r3,0.0034482758
Cd200r4,0.0057471264
Wdr52,0.15517242
Plcxd2,11.139082
Gcsam,0.0034482758
Gm609,0.0
Pvrl3,8.890811
Morc1,0.0022988506
Trat1,0.0
Myh15,0.03908046
Gm4827,0.0034482758
4930542D17Rik,0.0
Cblb,12.495407
Nfkbiz,1.2517238
Senp7,16.756329
Rpl24,1.2471231
Impg2,0.16206896
Cmss1,7.2206936
Gpr128,0.011494253
Tmem45a,0.15632184
Tomm70a,66.37585
Tmem30c,0.031034483
Filip1l,5.3689666
Dcbld2,35.06095
Crybg3,27.425306
4930547E14Rik,0.089655176
Arl6,16.443682
Nsun3,0.9896549
Epha3,3.2931027
Speer2,0.0
Gbe1,3.2816083
Robo1,24.468975
Robo2,34.46324
Samsn1,0.01954023
Hspa13,18.674713
4930578N18Rik,0.010344828
Usp25,27.936783
2810055G20Rik,2.4770083
Tmprss15,0.037931032
Ncam2,1.5425285
Jam2,9.689658
App,103.305725
Cyyr1,0.06781608
Ltn1,22.396568
Map3k7cl,0.0
Tiam1,5.140231
Hunk,4.394253
Eva1c,0.5011494
Synj1,11.643677
Ifnar1,32.418407
Itsn1,34.89426
Runx1,0.62988496
Rcan1,9.663224
Clic6,0.099999994
Dopey2,12.811497
Sim2,0.085057475
Morc3,19.460926
1700029J03Rik,0.0011494253
Setd4,1.8448266
Hlcs,5.848274
Cldn14,0.6632183
Kcnj15,0.09080459
Dscr3,30.300003
Dyrk1a,16.190817
Kcnj6,0.102298856
Brwd1,90.68394
Sh3bgr,1.3586203
Dscam,0.32068965
Bace2,0.16321838
C2cd2,2.687356
Olfr161,0.022988506
Zfp263,18.421846
Mefv,0.0011494253
Olfr15,0.012643678
1700037C18Rik,1.2632182
Zfp597,3.586205
Naa60,43.301178
Zfp174,1.0804597
Slx4,8.304603
Nlrc3,0.04482758
Dnase1,1.0597694
4930455F16Rik,0.0
Gm5766,0.018390805
Tfap4,2.3551695
Srl,13.245979
Coro7,18.93564
Pam16,0.9965499
Glis2,46.485065
Dnaja3,21.110348
Vasn,2.724137
Hmox2,19.394249
Cdip1,48.781616
Nudt16l1,31.204575
Ubald1,9.367818
4930451G09Rik,1.1977009
Anks3,15.997704
Mgrn1,36.443687
Gm16861,0.7034473
Smim22,0.013793103
Ubn1,25.847149
Rogdi,14.328739
Sept12,0.004597701
Glyr1,80.95865
AU021092,0.0
Nagpa,4.9885054
Sec14l5,0.009195402
Fam86,2.7183895
1700123O21Rik,0.0011494253
Mettl22,7.4333324
Cldn26,0.1402299
Tmem186,19.043686
Carhsp1,169.46542
Usp7,35.144806
1810013L24Rik,11.749434
Rpl39l,0.009195402
Emp2,0.44827583
Tekt5,0.035632186
Nubp1,17.641376
Tvp23a,14.216099
Dexi,4.1310306
Prm1,0.008045977
Rmi2,1.2908038
Socs1,0.3264368
Prm2,0.0
Tnp2,0.0
Prm3,0.0011494253
Litaf,51.224148
Txndc11,14.513805
Snn,64.345985
Mir1945,0.0
Gspt1,72.37932
Rsl1d1,95.20349
2610020C07Rik,1.1597692
Tnfrsf17,0.0034482758
Cpped1,13.488508
Ercc4,11.650582
Mir365-1,0.0
Mir193b,0.0
Mir6365,0.0
2310015D24Rik,0.008045977
3110001I22Rik,4.540231
Pla2g10,0.020689655
Bfar,28.028742
Pla2g10os,0.0022988506
Rrn3,88.7782
Ntan1,27.83907
Ifitm7,0.037931032
Mpv17l,0.9689656
Nde1,43.38622
Mir484,0.0057471264
Fopnl,33.536762
A630010A05Rik,0.0011494253
Snai2,1.1873561
Efcab1,0.17126438
Ube2v2,5.1517253
Mcm4,62.45749
Cebpd,0.13333333
Yars2,13.5390835
Dnm1l,43.64596
4933404G15Rik,0.0011494253
Olfr19,0.0
Top3b,21.534489
Rpl31-ps12,0.018390805
Vpreb1,0.05287356
Igll1,0.028735632
Ccdc116,0.9310344
2610318N02Rik,12.152875
Mir301b,0.01954023
Ppil2,45.509193
Ypel1,51.92529
Ydjc,4.8482766
Sdf2l1,23.454018
Mir130b,0.020689655
Hic2,20.257473
Tmem191c,0.70114934
Rimbp3,1.4827585
Serpind1,0.44597697
Snap29,10.609195
Thap7,9.232185
Lztr1,64.926445
Crkl,60.96092
4930451C15Rik,0.008045977
Aifm3,0.056321837
Smpd4,30.665527
Ccdc74a,0.46206897
Slc7a4,1.3
Klhl22,24.256327
Scarf2,0.7643678
Dgcr2,89.18621
B830017H08Rik,0.042528734
Tssk2,0.06666666
Tssk1,0.048275862
Dgcr14,24.505758
Slc25a1,36.01265
Gsc2,0.013793103
Car15,1.1344824
Dgcr6,20.912647
Vpreb2,0.0
Rtn4r,0.6850574
4933432I09Rik,0.018390805
Mir6366,0.0
Mir185,0.0
Tango2,24.748278
Trmt2a,43.286213
Ranbp1,154.02649
Dgcr8,15.88162
Zdhhc8,10.904598
Mir1306,0.0
Txnrd2,7.756323
Comt,22.626451
Tbx1,0.18160921
Gnb1l,3.0574706
Gp1bb,2.5632172
Sept5,20.368975
Ufd1l,55.94254
Cdc45,14.493104
Cldn5,0.5505747
2510002D24Rik,6.6551733
Hira,9.514956
Olfr164,0.0
Olfr165,0.0
Olfr166,0.0
Olfr167,0.009195402
Olfr168,0.0
Olfr171,0.0022988506
Olfr170,0.0
Olfr169,0.027586207
B3gnt5,22.667822
A930003A15Rik,0.0
Klhl6,0.05287356
Mir684-1.8,0.0
Klhl24,23.894264
Map6d1,0.7735632
Parl,30.888498
Abcc5,29.566677
Eif2b5,64.46669
Gm15760,1.2068961
Abcf3,31.071276
Ap2m1,19.843678
Dvl3,36.07703
Ece2,15.348272
Eif4g1,137.00461
Mir1224,0.031034483
Psmd2,149.92189
Fam131a,5.2080464
Vwa5b2,6.997704
Alg3,30.202307
Camk2n2,0.31839076
Snord66,0.012643678
Chrd,3.0563219
Thpo,0.20229885
Polr2h,24.1747
Ephb3,2.9241378
2310042E22Rik,0.0034482758
Gm16863,0.07126437
Mir7680,0.0
2510009E07Rik,24.682749
1300002E11Rik,10.782759
Ehhadh,1.3770115
Map3k13,16.522999
Liph,0.14712644
Tmem41a,73.37353
Tra2b,34.578167
Mir8095,0.0
Ahsg,0.17011495
Dnajb11,52.165512
Tbccd1,11.550579
LOC102632430,0.022988506
Kng2,0.011494253
Hrg,0.0034482758
Rfc4,23.88275
Eif4a2,83.964355
Snord2,0.22528741
Snora81,0.60229844
Adipoq,0.009195402
Rtp1,0.0034482758
Rtp4,0.7034483
Rtp2,0.0011494253
Sst,13.85173
1110054M08Rik,0.3597701
A730098P11Rik,0.71264243
A230028O05Rik,0.014942529
Cldn1,0.23333333
Tmem207,0.0
Gmnc,0.0
Uts2b,0.008045977
Ostn,0.0
Mir690,0.0022988506
Gm1968,0.0011494253
Hes1,2.6597695
9030404E10Rik,0.0
Cpn2,0.010344828
Atp13a3,7.4436855
Gp5,0.057471268
Fam43a,1.0827585
Lsg1,35.012676
Apod,1.4597701
Ppp1r2,33.648296
Ncbp2,62.423008
0610012G03Rik,22.310343
Mfi2,0.06206896
Pigz,0.87126434
Cep19,10.371263
LOC101669761,0.72988486
Pigx,33.53449
Pak2,49.03679
Nrros,0.86321837
Bex6,0.0034482758
Smco1,0.01954023
Wdr53,4.0505724
Mir1946a,0.0
Rnf168,7.7793126
Slc51a,0.04827586
Pcyt1a,24.074722
Tm4sf19,0.0034482758
Tctex1d2,3.249422
Tfrc,54.391968
Tnk2,13.401146
Tnk2os,0.032183908
1700021K19Rik,11.062072
Muc20,0.04367816
Gm933,0.0
Lrch3,18.14484
Rpl35a,22.014925
Mir1947,0.0011494253
Lmln,1.9712635
Osbpl11,19.982779
1700007L15Rik,0.775862
Umps,29.349438
Ccdc14,5.0816092
Ropn1,0.004597701
E130310I04Rik,0.004597701
1700119H24Rik,0.0
Ptplb,6.160922
Sec22a,13.84597
Pdia5,5.3735647
1600019K03Rik,0.0011494253
Dirc2,10.237933
Parp14,0.1942529
Kpna1,38.720703
Wdr5b,4.679311
Parp9,0.18505748
Dtx3l,0.1367816
Csta1,0.0
Stfa2l1,0.0011494253
Ccdc58,8.764374
2010005H15Rik,0.0
Gm5483,0.0
Stfa1,0.004597701
Gm5416,0.0
Gm6815,0.008045977
BC100530,0.009195402
Stfa2,0.0
BC117090,0.0
Casr,0.012643678
Stfa3,0.0
Cd86,0.047126435
Slc15a2,16.952873
4930565N06Rik,0.05862069
Golgb1,36.68159
Fbxo40,0.012643678
Rabl3,11.990801
Gtf2e1,25.43333
Ndufb4,4.1620574
Fstl1,24.308056
Gpr156,6.886207
BC031361,1.1356318
4930542C21Rik,0.0
Popdc2,0.4103448
Maats1,0.042528734
Cox17,11.548278
Cd80,0.011494253
Adprh,77.22987
Timmdc1,13.73794
Tmem39a,16.76552
B4galt4,2.903447
4930435E12Rik,0.0
Mir6540,0.0057471264
Gm19522,0.24482761
BC002163.1,8.00804
Gm15713,0.088505745
Mir568,0.39080468
Tigit,0.04942529
Qtrtd1,4.704601
Gramd1c,0.17816092
Zdhhc23,0.0011494253
Atp6v1a,55.542507
Naa50,26.427591
Gm608,12.813795
Spice1,7.9919577
Mir3081,0.0034482758
Boc,8.835633
Gtpbp8,4.991958
Cd200r1,0.010344828
BC027231,8.995407
Cd200r2,0.0
Ccdc80,1.4839078
Slc35a5,6.5137944
Atg3,35.66669
Btla,0.077011496
Cd200,3.0574703
Slc9c1,0.0022988506
Abhd10,24.689657
Tagln3,253.73668
BC016579,0.012643678
Tmprss7,0.56206894
Phldb2,98.596596
Cd96,0.0
Dppa2,0.0068965517
Dppa4,0.0
Gm5485,0.0
Retnlb,0.0
Retnlg,0.0
Retnla,0.0022988506
Dzip3,21.59656
C330027C09Rik,11.119544
Ift57,13.847129
Cd47,27.93448
Gm6936,0.0
G730013B05Rik,0.008045977
Ccdc54,0.009195402
5330426P16Rik,3.9287345
Mir6363,0.0
4930404A05Rik,0.0
Zpld1,0.09885057
Nxpe3,1.4126433
Cep97,18.857483
2310061J03Rik,0.5793102
Zbtb11,8.9000025
Trmt10c,22.513794
Pcnp,12.755183
Tfg,74.84713
2310005G13Rik,0.0011494253
Nit2,18.808043
Tbc1d23,7.6689677
St3gal6,0.37126434
Gm813,0.0
Gpr15,0.0
Cpox,3.4241374
E330017A01Rik,0.0011494253
Cldn25,38.47358
Olfr175-ps1,0.0
Olfr172,0.0
Olfr173,0.0
Olfr176,0.0
Olfr178,0.0
Olfr181,0.0034482758
Olfr177,0.0
Olfr180,0.0
Olfr186,0.0
Olfr190,0.0
Olfr192,0.0
Olfr183,0.0
Olfr193,0.0
Olfr191,0.0
Olfr187,0.0
Olfr195,0.0
Olfr196,0.0022988506
Olfr197,0.0
Olfr198,0.0
Olfr194,0.0
Olfr199,0.0
Olfr201,0.0
Olfr204,0.0
Olfr207+Olfr208+Olfr209,0.0
Olfr203,0.0
Olfr206,0.0
Olfr202,0.0
Olfr205,0.0
Mina,9.064369
Gabrr3,0.02183908
1700022E09Rik,0.0
Stx19,0.6344827
Arl13b,11.195403
Csnka2ip,0.0
Zfp654,3.7724133
Cggbp1,33.858643
4930453N24Rik,12.42759
Pou1f1,0.0
Chmp2b,14.94368
Vgll3,0.20574713
1700010K23Rik,0.0011494253
D16Ertd519e,0.0011494253
4931420L22Rik,0.0011494253
4930567J20Rik,0.0
Mir691,0.04022988
Rbm11,0.491954
Lipi,0.0
Nrip1,10.973571
1700041M19Rik,0.0
Mir99a,0.0
Mir125b-2,0.0057471264
Mirlet7c-1,0.0
Btg3,0.0034482758
Cxadr,10.563223
E330011O21Rik,0.03333333
Gm7334,0.0
D16Ertd472e,11.928741
4930478L05Rik,1.127586
Chodl,0.39999998
4930553E22Rik,0.009195402
Mrpl39,31.754017
Mir155,0.0
4930529L06Rik,0.0
Gabpa,16.150576
Atp5j,104.03335
Gm10791,1.0482756
Adamts1,2.841378
4930556C24Rik,0.004597701
Adamts5,9.302299
N6amt1,5.1942544
B130034C11Rik,0.65862066
Usp16,19.274723
Rwdd2b,5.103448
Cct8,393.04465
Bach1,9.820696
Cldn17,0.0
Cldn8,0.05402299
Krtap26-1,0.0022988506
2310079G19Rik,0.0
Krtap27-1,0.0
Krtap24-1,0.0
2310061N02Rik,0.0
Krtap13-1,0.0
2310034C09Rik,0.0
Krtap15,0.0
Krtap14,0.031034483
2310057N15Rik,0.0
Gm20741,0.0
Krtap13,0.0
Krtap19-1,0.0
Krtap19-4,0.0
Krtap16-3,0.0
Krtap19-5,0.0
Krtap19-9b,0.0
Krtap16-1,0.0
Krtap19-3,0.0
Gm10228,0.0011494253
Krtap6-1,0.0
Krtap6-5,0.0022988506
Krtap22-2,0.0
Gm10229,0.004597701
1110025L11Rik,0.0
Krtap20-2,0.0
Krtap7-1,0.011494253
Krtap21-1,0.0
Krtap8-1,0.0
Krtap6-2,0.0
Krtap11-1,0.0
Gm10789,0.6264361
Sod1,104.28503
Scaf4,16.380468
Urb1,13.833334
Mrap,0.014942529
Mis18a,6.0712643
1110004E09Rik,10.212647
Paxbp1,24.713806
4930404I05Rik,0.21379314
4932438H23Rik,0.004597701
Olig1,0.07356322
Il10rb,0.40804595
Ifnar2,9.901153
A930006K02Rik,0.65976983
Dnajc28,3.416092
Ifngr2,8.581615
Tmem50b,21.472422
Gm10785,0.6885055
Son,139.42993
Donson,10.777015
Gart,50.57358
Cryzl1,16.726446
Atp5o,88.09081
Mrps6,16.586199
Slc5a3,5.38621
LOC101056236,0.0057471264
Kcne1,0.027586207
Kcne2,0.01954023
Smim11,10.135643
4930563D23Rik,0.0068965517
1700048M11Rik,0.014942529
2410124H12Rik,0.0022988506
1810053B23Rik,0.0022988506
Mir802,0.0
Cbr3,0.085057475
Cbr1,31.91953
Chaf1b,20.575857
Pigp,9.871266
Ripply3,0.16666667
Ets2,10.059773
1600002D24Rik,0.016091954
Psmg1,21.237926
Wrb,36.662075
Hmgn1,109.52868
Lca5l,0.50000006
B3galt5,0.06091954
Igsf5,0.0034482758
Itgb2l,0.0
Fam3b,0.0
Mx1,0.0011494253
Mx2,0.052873567
Tmprss2,0.013793103
Ripk4,0.28965515
Prdm15,10.844836
Mir6964,0.008045977
Zbtb21,12.217254
A630089N07Rik,2.924135
Ptprm,6.234481
Ccdc154,0.03678161
T2,0.09655171
Gm16702,0.014942529
Rasgrp3,0.26551726
Tcp10a,0.0011494253
Scaf8,27.15171
Arid1b,27.870136
Tmem181a,2.21379
Park2,0.20114943
Chd1,30.526443
Pacrg,1.0114942
Thbs2,0.33908045
A230009B12Rik,0.040229887
Pdpk1,22.334492
Itfg3,9.489657
Btbd9,23.486206
Pde9a,36.573578
Rnf5,47.304592
Rn45s,11661.101
Rsph9,5.622989
Supt3,3.6206877
Trem1,0.0
Trerf1,4.462069
Mir669a-1,0.0
Mir669a-12,0.0
Mir669a-11,0.0
Mir669a-10,0.0
Mir669p-2,0.0
Mir669a-9,0.0
Mir669a-8,0.0
Mir669p-1,0.0
Mir669a-7,0.0
Mir669a-6,0.0
Mir669a-5,0.0
Mir669a-4,0.0
Lonp1,48.14369
Fert2,17.216084
Ankrd12,10.3138
Nlrc4,0.0022988506
Alk,0.063218385
Emilin2,0.9241379
Epb4.1l3,41.18736
1110020A21Rik,0.7885056
Fshr,0.004597701
Cript,49.95059
Nrxn1,9.604601
4930470H14Rik,0.0
Tfb1m,4.083907
Tiam2,10.378162
Nox3,0.0
Zdhhc14,2.7977002
Synj2,1.0022987
Tulp4,25.02645
Snx9,3.8758607
Gm1604b,0.0
Rsph3b,0.40689653
Rps6ka2,26.649412
Sytl3,0.43448275
Pde10a,5.8011503
Qk,30.542524
Agpat4,33.121857
Slc22a3,0.024137931
4732491K20Rik,2.095402
2700054A10Rik,0.7551724
Wtap,28.557476
Mas1,0.06781609
Igf2r,20.429892
Tcp10c,0.0
Airn,0.9804597
Smoc2,1.6149426
Mllt4,17.818405
Wdr27,0.018390805
Lix1,0.88735616
Lnpep,6.789656
Vmn2r91,0.0
Vmn2r103,0.0
Vmn2r100,0.0
Vmn2r102,0.0
Vmn2r110,0.0
Zfp53,7.6574717
2210404O09Rik,2.77816
Zfp947,0.43908042
Gm16386,2.9471238
Vmn2r117,0.0011494253
Zfp13,10.665522
Prss32,0.016091954
Mapk8ip3,71.85403
Traf7,61.8368
Abca3,17.524149
Slc9a3r2,2.021839
Ccnf,19.516088
Ift140,16.732191
Decr2,8.28966
Cacna1h,11.055172
Fbxl16,44.76896
Crebrf,4.0999994
Uqcc2,16.578152
Ergic1,34.24485
Anks1,19.591965
D17Wsu92e,23.748274
Pacsin1,1.4735628
Zfp523,10.180463
Mapk14,23.236788
Fkbp5,14.174713
Cdkn1a,22.08966
Brpf3,5.8195415
Cpne5,0.36206904
Kctd20,45.651733
Zfand3,20.667809
Mdga1,11.949422
Rnf8,37.575893
Pim1,0.9218379
Dnah8,0.14137931
Abcg1,16.374712
Slc37a1,5.3632193
Glp1r,0.0
Tmprss3,0.0
Hsf2bp,0.24597698
Pknox1,26.84944
Brd4,43.883923
Sik1,12.874719
Wiz,22.542545
Zfp763,14.5747175
Zfp871,45.788517
Zfp955b,4.781611
Kank3,3.1241384
Tap2,0.0034482758
Wdr46,27.582767
H2-Eb2,0.06896552
Btnl4,0.0
C4b,0.0034482758
C2,0.17126437
Cchcr1,2.0609188
D17H6S53E,4.5793104
Mrps18b,10.017251
Gm6034,0.0
Znrd1as,1.3839078
Olfr91,0.0022988506
Crisp3,0.0
Esp3,0.0011494253
Ptchd4,0.029885057
Gpr111,0.02183908
Cd2ap,8.108055
Opn5,0.0
Slc25a27,16.358635
Rcan2,2.8528733
Runx2,0.46091956
Cul7,16.447136
Zfp318,18.180464
Tjap1,26.203453
Cul9,3.5999987
Prph2,0.10229885
AI661453,0.01954023
Ccnd3,18.941381
Treml1,0.039080456
Lrfn2,0.016091954
Rftn1,0.32758623
Kif6,1.0321836
Daam2,1.7643675
Plcl2,2.5873554
Tbc1d5,9.850576
Gm20098,0.0
Satb1,16.97471
Kcnh8,5.935631
Kat2b,3.1839066
Emr4,0.03563218
Hdgfrp2,42.364376
Ccdc94,5.1712656
Kdm4b,59.95171
Pot1b,3.1218357
Nrtn,0.12988505
Cd70,0.0
Emr1,0.12873563
1700061G19Rik,0.24942526
Vmn2r120,0.0
Cntnap5c,0.0068965517
2610034M16Rik,0.105747126
Mir466g.1,0.0
Efna5,14.817251
Fbxl17,8.518397
Man2a1,1.5942518
Ppp4r1,31.175861
Twsg1,41.827568
Tmem232,0.06666666
Rab31,39.987347
Themis3,0.0
Lama1,1.5390804
Arhgap28,29.05747
L3mbtl4,0.0034482758
A330050F15Rik,0.024137931
Myom1,0.37011498
Dlgap1,0.308046
Spdya,0.14827587
Clip4,2.1494248
Trmt61b,2.979308
Smchd1,29.155172
Fam179a,0.0057471264
Lclat1,7.3586235
Dpy30,28.770117
Galnt14,2.0701146
Xdh,0.11609195
Birc6,71.763245
Ltbp1,3.0804589
Ttc27,13.733339
Fez2,22.424143
Crim1,4.2172427
Vit,0.36666667
Heatr5b,14.218398
Sult6b1,0.014942529
Sos1,17.014952
Ttc39d,0.04827586
Map4k3,14.552884
Arhgef33,0.06091953
Slc8a1,4.832184
Eml4,35.604603
Kcng3,0.0
Mta3,7.3206916
Thada,8.086214
Plekhh2,0.52643687
Abcg5,0.07356322
Prepl,24.642538
Camkmt,2.6045964
Prkce,24.131048
Srbd1,12.603454
Epas1,0.38390803
Msh2,36.056324
1700011E24Rik,0.013793103
Ttc7,0.98620677
Foxn2,5.833336
2700099C18Rik,2.1080444
Gm1976,2.7252858
Pisd-ps2,2.989651
Cldn20,0.06091954
1700102H20Rik,0.087356314
4930548J01Rik,0.0
Ldhal6b,0.020689655
Tmem242,20.128725
Gm8363,0.24597739
3300005D01Rik,0.03333333
Gtf2h5,35.371254
Serac1,9.556324
Dynlt1a,7.9528723
Dynlt1b,6.7080445
Tmem181b-ps,9.426443
Dynlt1c,0.0
Dynlt1c.1,0.0
Dynlt1f,0.0
Dynlt1f.1,0.5448271
Tmem181c-ps,0.27241388
Ezr,66.18045
Mir692-1,0.013793103
Rnaset2b,0.7379297
Tagap1,5.175861
Gm9992,0.0
Ttll2,0.0
Fndc1,0.14252874
Rsph3a,1.4080435
Tagap,0.058620684
Gm1604b.1,0.0
Rnaset2b.1,0.0
Ccr6,0.05747126
Rnaset2a,0.0
Fgfr1op,13.111498
Sft2d1,0.8022977
Prr18,0.59885055
Mpc1,3.2068865
4930506C21Rik,0.45057473
T,0.026436782
1700010I14Rik,1.3793098
6530411M01Rik,0.04137931
Pabpc6,0.0011494253
4930452A19Rik,0.004597701
1700110C19Rik,0.05747126
B930003M22Rik,0.25172415
D17Ertd648e,0.0
Map3k4,12.572425
Plg,0.063218385
C030013G03Rik,0.0
Slc22a2,0.0
Slc22a1,0.10344827
Snora20,0.06436781
Tcp1,319.18744
Mrpl18,30.819513
Acat2,75.22992
Acat3,0.5724135
Pnldc1,0.6022988
Mrgprh,0.010344828
Tcp10b,0.01954023
Sod2,51.05174
Gpr31b,0.0
Gm11166,0.0
Unc93a,0.0011494253
Smok2a,0.010344828
Smok2b,0.03333333
Gm10512,0.0
Smok4a,0.050574712
Tcte2,1.094253
Gm7168,0.0
Dact2,0.32183906
4930474M22Rik,0.008045977
1600012H06Rik,12.8908205
Tcte3,0.0
Gm3417,0.0
Gm3417+Gm3448+Tcte3,0.0
Gm3448,0.0
Gm3448.1,0.0
Gm3435,0.16896552
9030025P20Rik,0.26091957
Gm3417.1,0.0
LOC106740,1.8609188
Ermard,4.9494267
Phf10,4.6747127
Gm5091,0.0011494253
Dll1,35.618393
Fam120b,39.041386
Gm10510,0.0011494253
Tbp,27.40575
Pdcd2,12.031034
Psmb1,133.23799
Prdm9,1.3643672
4933401D09Rik,0.0
Rgmb,58.658615
Zfp960,0.5114942
Zfp97,0.37011486
Riok2,22.970135
Vmn2r90,0.0
Spaca6,1.4643663
Mir99b,0.0011494253
Fpr1,0.0
Has1,0.28275868
Mir125a,0.018390805
Fpr2,0.0
Mirlet7e,0.010344828
Fpr3,0.0068965517
Fpr-rs4,0.0
Vmn2r124,0.0
Vmn2r92,0.0
Vmn2r94,0.0
Vmn2r93,0.0011494253
Vmn2r95,0.0022988506
Vmn2r96,0.0
Vmn2r97,0.0
Vmn2r98,0.0
Vmn2r99,0.0
Vmn2r101,0.0
Vmn2r104,0.0
Fpr-rs6,0.0
Vmn2r106,0.004597701
Vmn2r105,0.0
Vmn1r224,0.0
Vmn2r107,0.0
Vmn1r225,0.0
Vmn2r108,0.0
Vmn2r109,0.0022988506
Fpr-rs3,0.0
Vmn1r226,0.0
Vmn1r229,0.0
Vmn1r227,0.0
Vmn1r228,0.0
Vmn1r231,0.0034482758
Vmn1r232,0.0
Ppp2r1a,196.07478
Vmn1r230,0.0
Vmn1r233,0.0
Zfp160,9.519541
Vmn1r234,0.0
Vmn1r237,0.0
Vmn1r235,0.0
Vmn1r236,0.0011494253
Zfp677,1.7149419
Zfp54,2.1609194
Zfp51,6.606899
Zfp52,1.1195401
Zfp948,14.665517
3110052M02Rik,4.2402277
Zfp760,10.808049
Zfp229,4.68161
Gm10509,3.8287356
Zfp820,1.7528732
Zfp942,7.8195415
Zfp943,6.820694
Gm4944,2.702299
Zfp758,3.355171
Zfp944,8.375864
Zfp946,6.6333337
Vmn2r112,0.0
Vmn2r111,0.0
Zfp945,9.6448345
Vmn2r113,0.0
Vmn2r-ps129,0.0022988506
Zfp40,7.989657
Vmn2r114,0.0034482758
Vmn2r115,0.0022988506
Vmn2r116,0.0
Zfp213,6.9298854
Cldn6,0.36781606
Tnfrsf12a,0.654023
Cldn9,0.73103446
Zscan10,0.08850575
Thoc6,23.065517
Hcfc1r1,14.328734
Mmp25,0.08275862
Ccdc64b,0.02183908
Flywch2,2.6931002
Srrm2,265.94485
Prss41,0.14482757
Paqr4,8.650576
Pkmyt1,4.063218
Prss33,0.0068965517
9530082P21Rik,15.873562
Tceb2,22.974709
Kremen2,0.39080456
Flywch1,42.134518
Sbp,0.0
Prss30,0.0
Sbpl,0.004597701
Dcpp3,0.0
Dcpp1,0.0
Dcpp2,0.0
Prss21,0.0
Kctd5,66.56554
Prss27,0.04827586
Prss22,0.0068965517
Tbc1d24,9.185061
Atp6v0c-ps2,0.0
1600002H07Rik,12.927594
Ntn3,26.045982
Atp6v0c,0.14022985
Amdhd2,12.444831
Mir5134,0.0011494253
Mir6965,0.0
Abca17,0.010344828
Caskin1,4.436783
Pgp,12.18046
Mlst8,14.43104
Eci1,11.418387
Rnps1,28.249434
Dnase1l2,1.421839
E4f1,17.732187
D330041H03Rik,0.14252873
Bricd5,0.0
Rab26,0.27586207
Tsc2,36.801163
Nthl1,4.203447
Pkd1,29.903458
Rab26os,0.950574
Rpl3l,0.009195402
Msrb1,1.6114913
Zfp598,8.305752
Rps2,69.47014
Gfer,10.214946
Noxo1,0.6885054
Tbl3,67.48508
Snora64,1.9195372
Snora78,0.09310341
Syngr3,6.687355
Npw,0.0034482758
Ndufb10,45.272408
Hs3st6,0.09770115
Rnf151,0.01954023
Snhg9,0.24252893
Hagh,17.314938
Igfals,0.118390806
Spsb3,21.766666
Eme2,6.0816116
Nubp2,44.170128
Meiob,0.014942529
Nme3,7.933336
Mrps34,20.391964
Fahd1,4.082758
Cramp1l,24.30116
Hn1l,77.01611
Telo2,16.629885
Clcn7,17.77932
Ptx4,0.0022988506
Tmem204,0.7436781
Unkl,1.6471254
BC003965,20.842514
Ube2i,18.093105
Baiap3,0.17471266
Gnptg,24.618395
Gm17801,0.07356319
Tsr3,16.65517
Mir3547,0.0
Prss28,0.012643678
Prss34,0.09080459
Prss29,0.0034482758
Tpsab1,0.0022988506
Tpsb2,0.0022988506
Tpsg1,0.020689655
Sstr5,0.15402299
Tekt4,0.01954023
Lmf1,10.334486
Sox8,2.3160918
2810468N07Rik,1.0425285
Haghl,14.426442
Ccdc78,0.75057465
Rpusd1,14.294252
Mslnl,0.0816092
Gng13,0.59310335
Fam173a,9.759782
Chtf18,8.012645
Metrn,8.013792
Narfl,19.239084
Msln,0.46896547
Mir6966,0.1390804
0610011F06Rik,12.231043
Wdr90,8.296553
Rhot2,12.298854
Jmjd8,34.29656
Rhbdl1,1.3068962
Rab40c,11.172416
Gm10012,0.013793103
Wfikkn1,3.0804586
Nhlrc4,0.01954023
Fam195a,0.3689655
Stub1,28.9885
Pigq,37.050594
Mir3082,0.0
Wdr24,16.57242
Capn15,6.7023053
Rab11fip3,20.704592
Nme4,18.44943
Axin1,10.782768
Rgs11,0.113793105
Pdia2,0.17241378
Arhgdig,2.1379306
Tmem8,0.08390805
Mrpl28,52.671253
Luc7l,68.32413
Neurl1b,0.40804598
Dusp1,37.031025
Atp6v0e,54.864372
Bnip1,13.093099
Nkx2-5,0.032183908
Syngap1,0.6425286
Cuta,23.68736
Phf1,2.2448254
Zbtb9,6.345977
Kifc5b,0.4655172
Mir3083,0.0
Mir6968,0.0068965517
Ggnbp1,0.291954
Itpr3,1.0804597
Bak1,0.8942519
Mir7677,0.0
Lemd2,9.677018
Ip6k3,0.12988506
Mir7214,0.0
Mir7216,0.0
Mir7217,0.0
Mir7218,0.0
Grm4,0.6862068
Hmga1,1.8609151
Hmga1-rs1,0.0
Hmga1-rs1.1,0.0
Nudt3,32.183895
Rps10,20.499987
AI413582,4.5689673
Spdef,0.040229887
Uhrf1bp1,11.84713
Taf11,21.56208
Snrpc,7.344831
Scube3,0.64597684
Tcp11,0.44827595
Ppard,0.5195401
1810013A23Rik,0.0022988506
Def6,0.7149427
Fance,9.894257
Rpl10a,3.1264215
Tead3,1.0459768
Tulp1,0.1494253
Clps,0.014942529
Clpsl2,0.0011494253
Armc12,0.0022988506
Mir6969,0.0
Slc26a8,0.15172413
Lhfpl5,0.7252873
Srpk1,37.76551
Mapk13,0.27356324
1700030A11Rik,0.02183908
4930539E08Rik,0.0011494253
Pxt1,0.03908046
Pnpla1,0.042528737
Stk38,53.35977
Srsf3,152.17355
Trp53cor1,0.3057471
Rab44,0.0
Mtch1,129.41606
Ppil1,35.69538
Pi16,0.4758621
BC004004,20.651737
Fgd2,0.57586205
Tbc1d22b,11.059775
Tbc1d22bos,0.121839054
Tmem217,0.01954023
Ccdc167,13.656339
Cmtr1,63.829926
Mir6412,0.0
Gm6402,2.7195308
Glo1,17.51494
1700097N02Rik,0.0011494253
Umodl1,0.101149425
Tff2,0.0
Tff1,0.0
Tff3,0.2873563
LOC102631757,0.0
Rsph1,0.35172415
Ubash3a,0.0034482758
Ndufv3,100.647156
Wdr4,27.955173
Cbs,2.0264366
U2af1,3.440218
Cryaa,0.07816091
Pdxk-ps,0.04597701
Rrp1b,16.835634
Ephx3,0.38390806
Notch3,4.0218368
Gm4432,0.8333332
Akap8l,30.866684
Akap8,57.849392
Cyp4f39,0.44367817
Rasal3,0.0
Pglyrp2,0.0011494253
A530088E08Rik,0.0011494253
Cyp4f37,0.010344828
Cyp4f16,7.288506
Cyp4f17,0.89885044
Cyp4f15,0.2367816
Cyp4f40,0.0068965517
Zfp811,15.212645
Zfp799,28.714945
Zfp870,8.721839
Cyp4f13,0.778161
Cyp4f14,0.0011494253
Zfp952,8.10575
Zfp472,8.431037
Cyp4f41-ps,0.23218395
4921501E09Rik,0.026436782
Morc2b,0.19770123
Zfp563,8.354026
Olfr63,0.0
Olfr239,0.0
Gm4461,0.0
Olfr55,0.0
Zfp955a,4.8034525
Zfp81,7.005748
Zfp101,11.217246
Actl9,0.018390805
Adamts10,12.404608
Hnrnpm,221.14487
Pram1,0.30804598
Myo1f,0.057471268
Zfp414,6.458624
Angptl4,1.5758619
Rab11b,22.911491
March2,11.129891
Daxx,19.47357
Zbtb22,5.435634
Kifc1,0.6781607
BC033916,0.04252873
Rps28,5.0999966
Tapbp,2.8310337
Pfdn6,25.565504
Cd320,25.724142
Ndufa7,51.44369
Rgl2,15.522987
BC051226,0.6149424
AA388235,4.966667
Rxrb,13.194251
B3galt4,1.1758621
Slc39a7,78.8563
Ring1,3.4781559
H2-Ke6,8.277013
Vps52,26.695417
Rps18,25.171253
Mir219a-1,0.0034482758
Col11a2,0.63678145
H2-K2,0.07816091
Mir219c,0.0
H2-K1,0.6252873
Brd2,85.49661
H2-DMa,1.643678
Tap1,0.08275862
H2-DMb2,0.0
H2-DMb1,0.0
H2-Oa,0.004597701
Psmb8,0.0011494253
BC051537,0.0
Psmb9,0.010344828
H2-Eb1,0.19885057
H2-Ab1,0.4413793
H2-Aa,0.026436782
H2-Ob,0.0
Btnl2,0.0
Btnl1,0.0
BC051142,0.27126434
H2-Ea-ps,0.0
Notch4,1.0195402
Ager,0.683908
Gpsm3,0.3172414
Pbx2,4.8448277
Btnl6,0.0
Btnl5-ps,0.0
Atf6b,28.870089
Fkbpl,6.1241393
Prrt1,0.020689655
Agpat1,32.58966
Egfl8,0.34597707
Ppt2,5.6816096
Tnxb,0.026436782
Stk19,5.4229894
Dxo,12.193103
Skiv2l,25.687357
Nelfe,24.455173
Cfb,0.8425286
C4a,0.16666667
Cyp21a1,0.0
Mir6971,0.0
Mir6970,0.1873564
Mir6972,0.039080456
Neu1,9.118391
Lsm2,21.9138
Hspa1l,1.6425288
Snord52,0.6873553
1110038B12Rik,34.62643
Ehmt2,42.912647
Slc44a4,0.0
Hspa1a,0.44367817
Hspa1b,0.027586207
Zbtb12,0.39195392
Ddah2,150.29546
Abhd16a,34.924145
G6b,0.40459767
Sapcd1,1.5321826
Msh5,0.59540224
Ly6g5c,0.1045977
Gpank1,7.1551733
Vwa7,0.24367824
Ly6g6f,0.0816092
Vars,86.424194
Clic1,70.74941
Ly6g6c,0.19655173
Ly6g6e,0.0068965517
Ly6g5b,0.7229885
G6bos,0.01724138
Csnk2b,77.14823
Ly6g6d,0.04942529
Lta,0.03333333
Tnf,0.0034482758
Bag6,25.544811
Ddx39b,256.83325
Atp6v1g2,4.290804
Prrc2a,49.76667
Nfkbil1,2.4367788
Ltb,0.02183908
Aif1,0.044827588
Apom,0.4850575
Lst1,0.04597701
Mir6973a,0.0011494253
Mir6974,0.0
Mir6975,0.83333105
Mir8094,0.02183908
H2-D1,2.4103441
H2-Q2,0.009195402
H2-Q4,0.041379303
H2-Q1,0.0
H2-L,0.0
Tcf19,4.129885
H2-Q9,0.0
H2-Q7,0.0
H2-Q5,0.014942529
Pou5f1,0.03678161
H2-Q8,0.0
H2-Q6,0.0
H2-Q10,0.0816092
Dpcr1,0.052873563
Psors1c2,0.029885057
Sfta2,0.016091954
Gm9573,0.0022988506
Cdsn,0.012643678
2300002M23Rik,0.0
4833427F10Rik,0.016091954
Ddr1,61.895416
Gtf2h4,24.58389
Vars2,4.91609
Tubb5,2249.1375
Mdc1,9.7758665
Ppp1r18,12.986212
Atat1,66.70808
Nrm,10.865517
2310061I04Rik,7.778169
Flot1,26.018393
Dhx16,24.655167
Ier3,1.2333332
Ppp1r10,38.742554
Prr3,14.825288
A930015D03Rik,0.7367815
Mir877,0.08275859
Mir1894,0.10574709
Abcf1,68.66549
H2-T9,0.0
Gnl1,12.963221
H2-T24,6.704599
H2-T23,1.2724134
H2-T22,0.03678161
Gm8801,0.117241345
Gm7030,0.0
H2-T10,0.013793103
H2-Bl,0.03333333
C920025E04Rik,0.11724137
Gm8909,0.012643678
Gm11127,0.0
2410017I17Rik,0.004597701
Trim39,10.33793
H2-T3,0.0011494253
Gm6623,0.34137917
Rpp21,8.275867
H2-M10.2,0.12758622
H2-M10.1,0.0
H2-M10.3,0.0
H2-M11,0.01954023
H2-M10.4,0.0034482758
H2-M1,0.0
H2-M9,0.0
H2-M10.5,0.0
H2-M10.6,0.0
1700031A10Rik,0.0
Trim26,23.17128
Trim40,0.010344828
Znrd1,15.222991
Ppp1r11,33.497684
Trim31,0.0
Rnf39,0.024137931
Trim15,0.07241379
Trim10,0.14712644
Zfp57,30.490826
Mog,0.16206896
Olfr90,0.0011494253
Gabbr1,16.82529
H2-M5,0.5218391
2410137M14Rik,0.024137931
Ubd,0.0
Olfr95,0.0
Olfr92,0.0
Olfr93,0.0
Olfr94,0.0
Olfr99,0.0
Olfr97,0.0
Olfr100,0.0
Olfr103,0.0
Olfr101,0.0
H2-M3,0.02183908
Olfr98,0.0
Olfr96,0.0
Olfr102,0.0
Olfr107,0.0
Olfr109,0.0
H2-M2,0.0
Olfr108,0.0
Olfr114,0.0
Olfr113,0.0
Olfr112,0.0
Olfr115,0.0
Olfr111,0.0
Olfr110,0.0
Olfr118,0.0022988506
Olfr119,0.0
Olfr117,0.0
Olfr116,0.0
Olfr120,0.0
Olfr124,0.0
Olfr125,0.0
Olfr122,0.0
Olfr121,0.0
Olfr123,0.0
Olfr126,0.0
Olfr127,0.0
Olfr128,0.0
Olfr761,0.0
Olfr131,0.0
Olfr130,0.0
Olfr132,0.0
Olfr129,0.0
Olfr134,0.0
Olfr133,0.0057471264
Olfr135,0.0
Olfr137,0.0
Olfr136,0.0
Olfr138,0.0
Esp36,0.0
Esp31,0.0
Esp34,0.0
Esp24,0.0011494253
Esp23,0.0
Esp18,0.0
Esp16,0.0
Esp15,0.0
Esp38,0.0
Pgk2,0.014942529
Crisp1,0.0011494253
Esp6,0.0
Esp4,0.0
Esp8,0.0
Esp6-esp5,0.0
Esp5,0.0
Esp1,0.0
Rhag,0.23218392
9130008F23Rik,0.16896552
Crisp2,0.0
Cenpq,5.5873575
Mut,13.304598
Glyatl3,0.011494253
Gpr115,0.027586207
Tnfrsf21,28.848263
E130008D07Rik,0.8482758
Gpr110,0.0
Gpr116,0.2954023
Mep1a,0.0
1700071M16Rik,0.020689655
Tdrd6,0.1896552
Ankrd66,0.0
Pla2g7,0.16896555
Cyp39a1,5.104599
Enpp5,3.4908042
Enpp4,5.975863
Clic5,0.008045977
4930564C03Rik,0.0022988506
Spats1,0.07241379
Cdc5l,19.798859
Gm7325,1.0321839
Slc29a1,46.491955
Nfkbie,3.1413789
Tmem151b,6.286206
Hsp90ab1,1660.8663
Tcte1,0.01724138
Aars2,14.074711
Slc35b2,34.01956
Mrpl14,14.245984
Tmem63b,31.142538
Capn11,0.4
1600014C23Rik,0.009195402
Vegfa,0.9574707
Mrps18a,23.305752
Mad2l1bp,15.298855
Lrrc73,1.6356304
Polr1c,42.645966
Gtpbp2,14.129892
Yipf3,32.960915
Mir693,0.0
Polh,3.356321
Xpo5,33.872414
Dlk2,2.2022982
Abcc10,4.4793105
Crip3,0.145977
Slc22a7,0.11149424
Ttbk1,5.1218405
Dnph1,17.313805
Srf,8.689653
Mrpl2,23.551718
Klc4,25.603447
Ptk7,74.82763
Mir6976,0.0057471264
Cnpy3,15.803455
Ppp2r5d,54.38391
Ptcra,0.0
Rpl7l1,38.124134
Pex6,11.801161
Klhdc3,65.72068
Mea1,26.62413
Gnmt,0.18505745
Rrp36,11.843681
2310039H08Rik,4.708046
Gltscr1l,3.5862057
Tbcc,19.655165
Ubr2,35.10115
Guca1b,0.24252874
Mrps10,11.319545
1700001C19Rik,0.0011494253
Guca1a,0.07586207
Taf8,13.91035
Frs3os,0.026436782
Med20,28.331045
Tomm6,23.136778
Bysl,36.517235
Usp49,6.511503
Tomm6os,0.5965513
Frs3,1.2091949
Prickle4,0.12643676
Pgc,0.0034482758
Tfeb,0.59885055
Mdfi,1.5977006
Foxp4,13.286229
A730006G06Rik,0.14712642
1700067P10Rik,0.059770115
1700122O11Rik,0.0011494253
A530064D06Rik,0.0
9830107B12Rik,0.0011494253
Trem2,0.055172414
Treml4,0.011494253
Treml2,0.020689655
Trem3,0.0
B430306N03Rik,0.0
Nfya,5.0080447
Apobec2,0.40459776
Tspo2,0.029885057
Oard1,18.193104
Unc5cl,0.014942529
1700008K24Rik,0.0
Gm17830,0.0011494253
Mocs1,3.6770113
Dazl,0.016091954
C330011F03Rik,0.0
Efhb,0.22413793
Rab5a,17.090807
Pp2d1,0.20229885
Sgol1,6.8149433
4932415M13Rik,0.048275862
Sult1c2,0.0
Sult1c1,0.0
1700025K24Rik,0.0034482758
Slc5a7,0.2954023
St6gal2,1.0402299
Vmn2r118,0.01954023
Zfp959,3.4379313
Gm16712,0.36551717
Ebi3,0.14942528
Zfp119b,1.1494253
Zfp119a,2.2839077
Ubxn6,26.765514
Chaf1a,19.295399
Fsd1,18.229889
Mpnd,25.82644
Shd,10.436783
Stap2,1.6402297
Sh3gl1,48.188496
Lrg1,0.014942529
Sema6b,2.270113
Plin5,0.040229887
D17Wsu104e,26.551685
Tnfaip8l1,5.9643693
Dpp9,39.64136
Plin4,0.04942528
Arrdc5,0.014942529
Plin3,17.719536
Mir7b,0.0034482758
Fem1a,19.440239
Uhrf1,34.38619
Ticam1,3.7908044
Ptprs,152.42186
Mir6977,0.0022988506
Safb2,22.012646
Safb,56.473564
Rpl36,0.65861964
2410015M20Rik,26.993084
Znrf4,0.004597701
Ranbp3,58.552895
Ndufa11,37.24711
Vmac,6.7390785
Fut4-ps1,0.0
Catsperd,0.56206894
Rfx2,0.6103448
Acsbg2,0.010344828
Prr22,0.5942528
Dus3l,21.878166
Clpp,42.779316
Alkbh7,7.4885063
Mllt1,15.387363
Pspn,0.07701149
Gtf2f1,52.87245
Acer1,0.0
Slc25a23,7.564372
Tnfsf9,1.7183902
Crb3,0.07011494
Slc25a41,0.022988506
Khsrp,14.267826
Tubb4a,120.05056
Dennd1c,0.71264374
Gm11110,0.88965493
Tnfsf14,0.0068965517
C3,0.21264367
Trip10,4.5839076
Gpr108,12.342538
Mir6978,0.0
Vav1,0.010344828
Nudt12,2.1172414
Pja2,42.801163
Mir6420,0.0
AU016765,0.0
Dreh,0.0
Txndc2,0.11609195
Vapa,111.70926
Ralbp1,23.319551
Wash,8.1356325
Ndufv2,71.11609
Ddx11,6.294256
Mtcl1,36.372433
Rab12,4.760921
Mir5709,0.0
Lrrc30,0.004597701
Tmem200c,1.154023
2410021H03Rik,0.45057464
Zbtb14,5.6023016
C030034I22Rik,1.0264367
Tgif1,9.465518
Myl12b,49.447144
Myl12a,41.798878
Lpin2,10.010351
Gm4566,0.026436782
Ndc80,6.5023
Snord92,0.05862069
Snord53.1,0.039080456
Snord53.2,0.004597701
Wdr43,38.85633
BC027072,0.0
Ypel5,26.201145
Lbh,20.450577
Capn13,0.0022988506
Ehd3,11.78506
Srd5a2,0.029885057
Memo1,34.694244
Spast,30.550568
Slc30a6,10.129889
Yipf4,16.479303
Fam98a,16.033344
Gm4710,0.0
Strn,1.7172408
Eif2ak2,1.2160916
Gpatch11,11.64828
Gm6548,14.1942425
Ndufaf7,18.678165
Prkd3,22.471287
Cebpz,25.267836
Cebpzos,4.1287303
Qpct,0.5103448
Cdc42ep3,6.8034487
4930429F11Rik,0.008045977
Gm10494,0.0068965517
Rmdn2,1.47931
Cyp1b1,0.254023
Atl2,13.304594
Hnrnpll,87.337845
Srsf7,217.46423
Galm,2.9850574
Dhx57,22.86437
Morn2,3.898846
Gemin6,6.006897
Gm10190,0.26896554
Cdkl4,2.0252872
Tmem178,2.594253
Thumpd2,3.116091
Gm19689,0.12068965
Pkdcc,11.344829
Cox7a2l,33.47588
Haao,0.050574712
4933433H22Rik,0.0011494253
Zfp36l2,1.1206888
Dync2li1,11.360923
Abcg8,0.0057471264
Lrpprc,43.12069
Ppm1b,14.014945
Slc3a1,0.22758624
Six2,0.36321837
Six3os1,0.043678157
Six3,0.0
2010106C02Rik,0.19655174
Rhoq,9.5402355
Atp6v1e2,0.0011494253
Tmem247,0.0
Pigf,8.117246
Socs5,7.836783
C330024C12Rik,0.0
Mcfd2,34.289642
4833418N02Rik,0.80344826
Calm2,312.20004
Epcam,0.92988497
Kcnk12,0.5609195
Msh6,28.44829
Fbxo11,25.80461
Gm4832,0.04252872
Ppp1r21,8.808046
Ston1,1.9425284
Gtf2a1l,0.011494253
Lhcgr,0.055172414
4933400B14Rik,0.0
Gm4719,0.0022988506
4930480K15Rik,0.5390803
Adcyap1,3.725286
Mettl4,7.8804584
Gm20939,0.55517226
Gnal,3.2068958
Cdh2,106.53561
Prelid2,1.3977009
Tpgs2,30.888506
Ctif,6.1275864
Zfp438,3.5517237
Lama3,0.043678157
Ss18,63.108036
Ccny,14.631039
Greb1l,6.062067
Ccdc178,0.0011494253
Rnf125,0.16781607
Ino80c,15.196547
Pcdha4-g,0.0
Pcdhga4,4.0436773
Pcdhga3,3.2425284
Pcdhga2,2.9586208
Pcdhga1,0.64827585
Brd8,51.037937
Pcdhga10,1.3057467
Pcdhga9,0.9563219
Pcdhga8,2.755172
Pcdhga7,9.224138
Pcdhga6,1.5827584
Pcdhga5,3.1862063
Prob1,1.0666666
Pcdhgb1,1.1988506
Pcdhgb6,4.390803
Pcdhgb5,1.6701146
Pcdhgb4,2.2827578
Pcdhgb2,1.027586
Ppp2r2b,1.9954021
Prdm6,0.11954022
1700011I03Rik,0.0
Tcof1,20.744837
Ccbe1,0.14367816
Ablim3,1.0517241
Nedd4l,46.47355
Wdr7,14.6149435
Dcc,9.097705
Myo5b,62.29084
Ldlrad4,0.28735632
Atp9b,20.098848
Rttn,4.089654
Crem,5.7080464
Cul2,36.103466
Gm10556,0.0022988506
Svil,33.364395
Zeb1,70.16779
Arhgap12,26.663248
Gm10125,0.33103448
Mkx,1.626436
Armc4,0.010344828
Mpp7,4.408047
Colec12,0.621839
Rock1,23.410328
Thoc1,34.13334
Mib1,11.343683
Rbbp8,10.644834
3110002H16Rik,15.7057495
Cables1,1.2942525
Npc1,17.781614
Tmem241,5.024137
Osbpl1a,8.921844
Ttc39c,2.6379309
Impact,24.183918
Zfp521,8.2942505
Chst9,0.013793103
Taf4b,2.0068965
Kctd1,2.8448272
Dsg1a,0.0011494253
Dsg4,0.059770115
Dsg2,0.17701149
B4galt6,5.337932
Trappc8,12.774717
Dsc2,0.26091954
Garem,2.2620685
Klhl14,0.18045977
Nol4,1.0034482
Asxl3,9.889655
Dtna,0.8540228
Mapre2,26.601156
Fhod3,2.0459762
Galnt1,13.310348
Rprd1a,5.7459793
Celf4,17.231045
AW554918,5.26322
4930474G06Rik,0.0011494253
4930578E11Rik,0.0011494253
Pik3c3,20.818392
Rit2,0.063218385
Wdr33,49.482765
Sap130,19.821842
A830052D11Rik,0.31609198
Ercc3,23.62527
Slc25a46,40.22182
Myo7b,0.75402296
4930455D15Rik,0.0
Camk4,0.48045978
Epb4.1l4a,42.70805
Fam13b,9.712646
Gm10548,0.29080462
Ctnna1,86.185005
Cdc25c,10.481612
Sil1,4.9724145
Nrg2,0.026436782
Ube2d2a,17.03218
Ankhd1,32.682777
Pfdn1,31.719532
Pcdha5,0.10689655
Pcdha11,0.6597701
Pcdha12,0.46896553
Pcdha3,0.21034482
Pcdha9,0.20344827
Pcdhb17,1.7172412
Pcdha7,0.43678162
Pcdha8,0.48850572
Pcdha1,0.009195402
Pcdha2,0.3298851
Pcdha6,0.45287356
Pcdha10,0.2735632
Pcdhb8,0.28620687
Pcdha4,0.0011494253
Pcdhac1,0.35517243
Pcdh12,0.12183908
Diap1,6.270118
Nr3c1,0.50459766
Arhgap26,1.9356316
Gm5820,0.0068965517
Kctd16,0.27241376
Rbm27,17.70921
Sh3rf2,0.0011494253
Lars,57.64484
Dpysl3,229.6977
Jakmip2,14.3092
Gm94,0.0011494253
Stk32a,0.5367816
Mcc,39.94368
Spinkl,0.0
Kcnn2,0.7114942
A330093E20Rik,0.044827588
Commd10,21.827595
Arl14epl,0.0022988506
Pggt1b,10.449427
G630055G22Rik,0.012643678
Gm5095,0.0
Sema6a,63.186222
1700065O20Rik,0.0
Tnfaip8,4.2275863
Dmxl1,8.970124
Prr16,0.16551724
Sncaip,13.316098
Snx24,2.664368
Snx2,18.14254
Cep120,25.464378
Csnk1g3,28.795397
Zfp608,7.9057517
Gramd3,9.116092
March3,0.04367816
Megf10,1.0344826
Slc27a6,0.29770115
Fbn2,10.389659
Slc12a2,8.343679
Chsy3,0.20689653
Adamts19,0.5287356
Ndst1,45.566685
Dctn4,43.83679
A530050N04Rik,0.0022988506
Slc26a2,4.4034476
Pdgfrb,1.1666665
Camk2a,0.91724133
Ppargc1b,0.029885057
Afap1l1,3.4793096
Fbxo38,29.104618
Spink13,0.011494253
Spink10,0.9885055
Htr4,0.0
Sh3tc2,1.329885
Piezo2,0.56896544
St8sia3os,0.0068965517
Fech,12.3954115
Onecut2,31.156311
Atp8b1,0.008045977
Alpk2,0.05402299
Zfp532,40.772415
Mir466p,0.0
Mir3473f.1,0.022988506
Spire1,43.57358
Mppe1,1.9609187
Cep76,12.43909
Mc2r,0.0
4930546C10Rik,0.012643678
Fam210a,15.517251
Tcf4,57.827568
Rab27b,0.09770114
Poli,3.8758607
Me2,28.948254
Smad4,22.674736
Mapk4,7.1689663
Ccdc11,0.09195402
Dym,12.650574
9030625G05Rik,0.0
Zbtb7c,0.01954023
Smad2,39.45634
St8sia5,0.15172413
Pias2,30.951742
Ier3ip1,32.214943
Rnf165,32.209198
Loxhd1,0.016091954
Slc14a1,0.24482758
Slc14a2,0.05402299
Pstpip2,0.65402293
Epg5,13.251729
Setbp1,32.59426
Pard6g,17.256317
Txnl4a,138.37239
Nfatc1,0.6413793
Kcng2,0.10229885
Mbp,8.478167
Zfp516,20.572428
Cndp2,45.954025
Tshz1,26.209215
Zfp407,12.086215
Cd226,0.0
Dok6,0.16666666
Vmn1r238,0.0
Gm6225,0.16666666
Bambi,1.9770116
Lyzl1,0.0
Mtpap,19.120687
Map3k8,0.027586207
4833419F23Rik,0.004597701
9430020K01Rik,2.8735633
Kif5b,102.695465
Epc1,21.79082
Mir1893,0.0
4921524L21Rik,0.0
Rab18,69.6276
Wac,29.802305
Fzd8,0.5149425
Gjd4,0.016091954
Cetn1,0.004597701
Usp14,82.87133
Esco1,8.098855
Snrpd1,44.17697
Abhd3,0.20229886
4930563E18Rik,0.0
Mir1b,0.052873556
Mir133a-1,0.0
Mir1a-2,0.0
1010001N08Rik,0.035632186
Gata6,0.11034483
Mir1901,0.0
Gm6277,0.057471268
Riok3,61.970146
Ankrd29,0.86321837
Mir1948,0.0
Cabyr,0.40574715
Hrh4,0.0
8430422H06Rik,0.008045977
Psma8,0.09080459
4933424G05Rik,0.15632184
Aqp4,0.05747126
Gm15328,0.0816092
4921533I20Rik,0.13908044
4930545E07Rik,0.0011494253
Dsc3,0.0057471264
Dsc1,0.0
Dsg1c,0.0
Dsg1b,0.0011494253
Dsg3,0.0011494253
Ttr,0.4310345
Rnf138,14.859765
Mep1b,0.0034482758
4930426D05Rik,0.0
Gm7788,0.0068965517
Mir6360,0.0011494253
Zfp397,28.918388
Zfp191,27.725294
Zfp35,30.685062
2700062C07Rik,8.967818
Mir187,0.0
Slc39a6,77.5644
Elp2,92.2058
Mocos,0.0011494253
4930527G23Rik,0.0011494253
Syt4,6.0712647
Ammecr1l,31.524147
Polr2d,40.59888
Lims2,0.49425286
Sft2d3,4.947127
Gpr17,0.19540232
Iws1,36.256348
Map3k2,6.741383
Proc,0.018390805
Bin1,36.308075
Gypc,4.9229875
Tslp,0.12643677
Wdr36,31.891958
Mir6361,0.0022988506
Stard4,6.886209
Nrep,253.47229
Gm10549,0.04137931
2410004N09Rik,5.680464
Apc,55.073574
Srp19,36.281593
Pkd2l2,0.9977
Reep5,51.53104
Wnt8a,0.1275862
Nme5,0.8988506
4933408B17Rik,0.3298851
Cdc23,66.042496
Kif20a,23.502312
Gfra3,6.12069
Kdm3b,25.718403
Reep2,20.579325
Egr1,21.499998
Fam53c,36.08392
Hspa9,158.63669
Etf1,57.467804
Lrrtm2,4.468967
Snhg4,6.7069016
Paip2,114.59767
Mir1949,0.1655173
Slc23a1,0.5045978
Snora74a,0.09655173
Matr3,183.85527
Mzb1,0.07816092
Dnajc18,17.35517
Tmem173,11.040227
1700066B19Rik,0.04367816
Spata24,1.5816082
Ecscr,0.4321839
Cxxc5,19.094255
Psd2,0.63793105
4930471G03Rik,0.0
Pura,1.7080454
Igip,0.38850576
Cystm1,3.042528
Slc4a9,0.06206897
Hbegf,0.691954
Apbb3,15.41839
Sra1,38.03218
Slc35a4,47.142525
Eif4ebp3,2.782756
E230025N22Rik,0.075862065
Tmco6,5.865518
Dnd1,0.4873562
Wdr55,16.936771
Cd14,0.008045977
Ik,88.3942
Ndufa2,57.393124
Hars2,18.172419
Vaultrc5,0.17011495
Hars,60.126503
Zmat2,61.574707
Gm6756,0.009195402
Pcdhac2,0.70804596
Pcdhb7,1.4574713
Pcdhb6,0.5735632
Pcdhb5,0.6586207
Pcdhb4,0.9402299
Pcdhb3,1.2770114
Pcdhb2,0.18850574
Pcdhb1,0.0
Pcdhb11,0.18160918
Pcdhb9,0.72643685
Pcdhb15,0.29885057
Pcdhb13,0.14597702
Pcdhb12,0.22413792
Pcdhb10,0.445977
Pcdhb14,0.30459768
Pcdhb16,1.1793103
Pcdhb21,0.53678167
Pcdhb22,0.73908037
Pcdhb20,0.6103448
Pcdhb19,0.9160919
Pcdhb18,0.42758626
Slc25a2,0.13793103
Taf7,15.333329
Pcdhgc5,0.78965515
Pcdhgc4,5.6023
Pcdhgb8,0.5678161
Pcdhga12,5.8390822
Pcdhga11,7.054024
Pcdhgc3,8.810348
Pcdhgb7,2.53793
Mir6979,0.0
Arap3,0.6712644
Hdac3,75.39772
Rell2,0.079310335
Fchsd1,0.97126424
Mir6981,0.0
Mir6980,0.0
1700086O06Rik,2.7045944
0610009O20Rik,16.628748
Pcdh1,1.3310345
Rnf14,53.87699
Gnpda1,5.418393
Ndfip1,37.7713
Spry4,0.41839084
Fgf1,0.28850573
Pabpc2,0.0034482758
Yipf5,17.040232
2900055J20Rik,0.35287353
Grxcr2,0.0057471264
Plac8l1,0.009195402
Gm4013,0.20574713
Pou4f3,0.56436783
Gpr151,0.0954023
Tcerg1,66.60344
Spink3,0.0068965517
Scgb3a2,0.0
Spink14,0.0
Spink5,0.042528737
Gm10267,0.0022988506
Spink12,0.0
Spink6,0.0
Npy6r,0.0
Spink11,0.0
Myot,0.0
Dcp2,13.903456
A930012L18Rik,0.4321839
Ythdc2,6.1011553
Trim36,20.810368
Ccdc112,2.1287346
Fem1c,17.380465
Mospd4,0.018390805
Tmed7,36.47356
Ticam2,0.48735633
Eif1a,36.79886
Cdo1,2.0103443
Ap3s1,9.158631
Atg12,42.325302
4833403I15Rik,0.013793103
9130209A04Rik,0.0
Eno1b.1,1.5540205
1700044K03Rik,0.0
Dtwd2,3.5333328
Hsd17b4,56.259785
Fam170a,0.0
Hdhd1a,0.0
Mir28a,0.0
Ftmt,0.0
Lox,0.67586195
Srfbp1,9.897705
Zfp474,0.0011494253
1700034E13Rik,0.0
Gykl1,0.009195402
Mir467f,0.014942529
Ppic,27.427588
Gm19466,0.5839081
Redrum,0.15632182
9330117O12Rik,0.052873563
Phax,41.07127
Tex43,0.011494253
Aldh7a1,26.71608
Mir1258,0.0011494253
Lmnb1,29.859789
Gm10536,0.037931032
C330018D20Rik,7.8643713
Prrc1,13.67127
Ctxn3,0.04367816
1700066O22Rik,0.0
4930511M06Rik,0.0022988506
2210409D07Rik,0.0
Isoc1,16.289658
A730017C20Rik,14.911504
Mir6355,0.0
Gm4841,0.0
Gm4951,0.004597701
Iigp1,0.0022988506
F830016B08Rik,0.0
Smim3,1.5298849
Myoz3,0.25632185
G630071F17Rik,0.035632186
Synpo,169.92308
Rbm22,28.947105
Cd74,0.032183908
Rps14,161.91258
Mir5107,0.0
Arsi,0.30574712
Cdx1,0.2367816
Slc6a7,0.022988506
Mir7220,0.0
Mir6982,0.0011494253
Csf1r,0.13448276
Hmgxb3,27.601152
Mir6983,0.0
Pde6a,0.013793103
Arhgef37,0.10689655
Csnk1a1,156.45068
Mir143hg,0.051724136
Mir143,0.0011494253
Il17b,0.08045977
Grpel2,15.035636
1500015A07Rik,2.441379
Mir145a,0.0
Gm20748,0.7425286
Pcyox1l,24.901157
Adrb2,0.075862065
Spink7,0.0057471264
2700046A07Rik,0.6885057
Napg,13.673573
Apcdd1,0.6022988
Txnl1,55.8023
St8sia3,11.966668
Nars,90.756325
Mir122a,0.0011494253
Malt1,2.7425275
Oacyl,0.13908045
Sec11c,12.539082
Grp,0.02183908
Cplx4,0.0022988506
Lman1,25.470106
Rax,0.0
Mir694,0.0
Pmaip1,0.80919546
Gm9926,0.0034482758
Gm19784,0.004597701
Mc4r,0.088505745
Chmp1b,40.74484
Impa2,1.5551721
Cidea,0.65172416
B430212C06Rik,0.0057471264
Tubb6,9.8551855
Slmo1,23.512638
Afg3l2,24.56553
Ptpn2,19.234493
Psmg2,16.136786
4930549G23Rik,0.5149424
Seh1l,56.572395
Cep192,12.775868
Mir7219,0.0
Rnmt,35.19538
Mc5r,0.04137931
Mir6356,0.0
Mir145b,0.0
Ccdc68,0.024137931
Dynap,0.0
Stard6,0.062068954
4930503L19Rik,9.042534
Mbd2,2.4862049
Mir6357,0.0
Mex3c,18.167837
Elac1,4.5816073
Mro,0.25402302
D730045A05Rik,0.050574712
Ska1,3.5862052
Cxxc1,35.552883
Mbd1,7.849427
1700120E14Rik,0.004597701
Acaa2,21.478172
Scarna17,0.0011494253
Lipg,0.21839081
Snord58b.1,0.055172406
Rpl17,1.5091915
BC031181,50.448296
2010010A06Rik,0.016091954
Smad7,1.7287349
Gm10532,0.06091954
2900057B20Rik,0.0034482758
Mir6358,0.0
Skor2,0.012643678
Hdhd2,29.655174
Katnal2,2.0333326
4930465K10Rik,0.072413795
8030462N17Rik,2.0873559
Atp5a1,473.23557
Haus1,12.709198
Siglec15,0.012643678
Rbfa,11.047133
Adnp2,10.17012
Pqlc1,12.289651
Hsbp1l1,0.17931035
Ctdp1,21.693113
Gm2176,0.0
Sall3,1.8724138
Mir5127,0.0
Galr1,0.010344828
Zfp236,13.266672
2210420H20Rik,0.0034482758
Mir5112,0.0
4930592I03Rik,0.07586206
4921531P14Rik,0.0
Zadh2,7.535635
Cndp1,0.0
Fam69c,0.052873567
Cyb5a,74.88165
Timm21,16.97701
Fbxo15,0.13908046
Neto1,0.101149425
Cbln2,1.1126435
Socs6,8.248279
Mir6359,0.0011494253
Tmx3,14.632192
Slc22a30,0.0
Vps13a,6.667817
Sorcs1,0.70689654
Zdhhc16,26.690804
Dock8,0.104597695
Mark2,18.03105
Ppp1ca,255.83562
Ehd1,35.61381
Pacs1,14.112645
Fam111a,7.133337
Tjp2,7.271268
Pcsk5,5.3264384
Trpm6,0.087356314
Prkg1,26.645979
Plgrkt,11.8080435
Glis3,0.04597701
Minpp1,31.389654
Cyp2c69,0.0
Noc3l,4.908048
Erlin1,5.595404
Neurl1a,4.086206
Sorcs3,0.16896552
Hpse2,0.06551725
Pitx3,0.07816092
Vti1a,11.458627
Atrnl1,6.9747133
Fam45a,7.848275
Ppp6r3,40.743675
Lrp5,2.9367776
Suv420h1,24.0115
Ighmbp2,7.981611
Syt12,0.047126435
Sptbn2,75.527596
Klc2,3.379303
Pcx,12.821846
Kdm2a,34.877064
Scyl1,22.877012
Snx32,5.2091966
Dpf2,67.596535
Nrxn2,5.8977046
Bad,10.995404
Macrod1,0.38390812
Lgals12,0.0011494253
Rtn3,212.58519
Slc22a28,0.0022988506
Ahnak,2.5919538
Ganab,121.28272
Taf6l,7.3310337
Fads2,28.579323
Myrf,1.5390799
Ms4a18,0.0068965517
A430093F15Rik,0.04827586
Tmem109,22.743675
4930526L06Rik,0.004597701
1700025F22Rik,0.0057471264
Ddb1,267.98724
Stx3,2.4114935
Mir466f-1,0.0
Patl1,13.981608
Keg1,0.0
Tle4,7.9678197
Gnaq,22.509209
Gna14,0.2183908
C130060C02Rik,0.33678162
Prune2,8.564366
Ostf1,7.4781604
Rorb,0.9758619
Tmc1,0.39080462
Aldh1a7,0.05977011
1110059E24Rik,18.835629
Trpm3,0.23563221
Mamdc2,0.17701149
Fam189a2,0.18390803
Apba1,1.3126435
1700028P14Rik,0.010344828
Pgm5,0.39080456
Pip5k1b,0.04942528
Kank1,1.9126437
Dmrt1,0.011494253
Smarca2,9.144834
Rfx3,31.69082
D19Bwg1357e,43.235657
Slc1a1,0.027586207
D930032P07Rik,0.012643678
Gldc,5.62414
9930021J03Rik,12.120694
Ermp1,8.035636
Sgms1,4.403449
Rnls,1.8045965
Pten,13.848286
Papss2,0.57816094
Lipn,0.0
Stambpl1,0.6517241
Pank1,2.9839067
Slc16a12,0.020689655
Hectd2,1.6471256
Htr7,0.01724138
Pcgf5,0.3091954
Cpeb3,2.4850562
March5,46.701164
Btaf1,23.93678
Exoc6,5.5827584
Slc35g1,3.0885046
Pde6c,0.004597701
Plce1,7.334483
Lgi1,0.020689655
Myof,0.14137931
Cyp2c29,0.0
Cyp2c38,0.0
Cyp2c68,0.0068965517
Sorbs1,16.701157
Cyp2c50,0.0
Pdlim1,3.6298828
Tll2,0.008045977
Pik3ap1,0.0
Lcor,10.82414
Slit1,2.6712637
Loxl4,0.04827586
Crtac1,2.8919535
Pyroxd2,0.18735632
Dnmbp,5.6689672
Got1,30.11839
Pkd2l1,0.9252873
Pax2,0.12298851
Fam178a,19.650581
Scd2,426.83783
Hif1an,23.39081
Btrc,22.666695
9130011E15Rik,8.839083
Fbxw4,2.010344
Sufu,26.247139
Nt5c2,37.990803
Gbf1,33.047146
Cnnm2,3.4643674
Ccdc147,0.008045977
Sh3pxd2a,5.3057504
Add3,3.2298841
Mxi1,14.045976
1700054A03Rik,0.0057471264
Rbm20,0.28965518
Smc3,60.829884
Shoc2,27.713802
Zdhhc6,19.749428
Tectb,0.0
Tcf7l2,3.8735602
Nrap,0.029885057
Ablim1,5.1850586
Vwa2,4.6804614
Gfra1,29.168966
4930506M07Rik,5.551724
Hspa12a,46.604603
2700089I24Rik,0.0034482758
Cacul1,27.474707
E330013P04Rik,0.1275862
Grk5,3.141378
1700030N03Rik,0.0
Cpt1a,7.287357
Mtl5,0.043678164
Mrpl21,14.273566
Mir6984,0.13103437
Gal,14.510343
1810055G02Rik,22.471258
Aldh3b1,0.004597701
Chka,35.98966
Ndufs8,45.108013
Tcirg1,3.465517
Aldh3b2,0.0034482758
Unc93b1,0.9022987
Ndufv1,84.02761
Doc2g,2.03908
Tbx10,0.03448276
BC021614,0.008045977
Gstp2,0.028735632
Nudt8,5.729887
Gstp1,44.243664
Acy3,0.6954024
1700055N04Rik,0.013793103
Cabp2,0.067816086
Coro1b,55.681625
Tbc1d10c,0.8091954
Ptprcap,0.1827586
Aip,21.63333
Carns1,3.2494247
Cdk2ap2,13.704604
Pitpnm1,0.8632183
Rps6kb2,17.75173
Tmem134,19.289652
Cabp4,0.05287356
Gpr152,0.13103448
Ssh3,0.60229874
Adrbk1,9.18736
Clcf1,0.026436782
Ankrd13d,1.9517239
Pold4,3.0816064
Rad9a,20.736769
Mir6985,0.0011494253
Rhod,3.6827579
A930001C03Rik,0.025287356
2010003K11Rik,0.004597701
Gm960,0.16321838
Rce1,17.870125
Lrfn4,6.0931034
Mir6986,0.01954023
Ccs,19.21149
Ccdc87,0.09425287
Rbm14,46.62989
Rbm4b,25.685074
Rbm4,2.9321744
Rbm14-rbm4,0.0
Rbm14-rbm4.1,0.0
Bbs1,3.580459
Ctsf,38.013813
Peli3,0.63793105
Zdhhc24,13.442531
Dpp3,92.32646
Actn3,8.68391
Mrpl11,35.198837
Yif1a,35.471264
Rin1,0.8195401
Cnih2,6.2701178
Cd248,2.9206898
Rab1b,73.6459
Brms1,26.883902
Slc29a2,3.2413783
B3gnt1,15.9954
Tmem151a,0.101149425
Npas4,0.28735632
Catsper1,0.0
Eif1ad,61.981598
Sf3b2,116.83452
Banf1,87.96094
Cst6,0.057471264
Gal3st3,4.6517253
D330050I16Rik,1.0804595
Drap1,11.094265
1700020D05Rik,0.21034482
Fibp,21.296549
AI837181,6.241385
Fosl1,0.0034482758
Ccdc85b,7.9862123
Efemp2,5.2597685
Mus81,16.058626
4930481A15Rik,0.90114933
Ctsw,0.20804596
Sart1,26.595398
Cfl1,251.72069
Kat5,16.782766
Ap5b1,1.1195402
Rnaseh2c,15.082771
Ovol1,0.17471263
Ehbp1l1,2.9827573
Sipa1,3.866665
Ltbp3,2.1126428
Kcnk7,0.018390805
Fam89b,53.382782
Map3k11,17.757465
Rela,21.186214
Pcnxl3,19.854042
Sssca1,18.617249
Mir6987,0.004597701
Neat1,0.42643675
Tigd3,1.0471263
Slc25a45,0.16896552
Frmd8,22.897709
Malat1,894.7173
Gm10814,0.044827588
Slc22a20,0.008045977
Pola2,23.418396
Capn1,0.17586207
Cdc42ep2,4.2034483
Tm7sf2,17.804594
Mrpl49,37.719574
Fau,4.7839003
Syvn1,22.349424
Cdca5,9.421839
BC048609,0.060919523
Zfpl1,13.886206
Vps51,29.682755
Arl2,20.889652
Znhit2,9.13679
Sac3d1,25.025284
Naaladl1,0.46666673
Snx15,15.268968
Mir6988,0.037931032
Atg2a,12.016099
Mir194-2,0.0011494253
1700123I01Rik,0.07356322
Mir192,0.004597701
Ppp2r5b,36.983902
Gpha2,0.08620689
Batf2,0.042528734
Men1,45.714966
Map4k2,4.9172425
Pygm,0.31724137
Sf1,89.84486
Rasgrp2,0.30804592
Cdc42bpg,0.58505726
Slc22a12,0.20689657
Prdx5,17.87702
Trmt112,6.0252852
Gpr137,8.471265
Rps6ka4,1.3551722
Kcnk4,0.0011494253
Tex40,0.03678161
Esrra,2.9471245
Ccdc88b,5.120688
Mir5046,0.0
Mir6990,0.027586207
Vegfb,2.4390793
Trpt1,3.1482747
Fkbp2,9.649425
Dnajc4,1.7172409
Stip1,193.1174
Ppp1r14b,11.718397
Plcb3,18.708052
Fermt3,0.6275861
Nudt22,3.2183897
Otub1,110.55523
Flrt1,49.685112
Naa40,40.144836
Rcor2,47.863213
Cox8a,64.23562
AI846148,13.143684
2700081O15Rik,41.999996
1700105P06Rik,0.09195402
Mir6991,0.0034482758
Pla2g16,1.2275857
Snord118,0.04482758
Atl3,2.6885042
Slc22a19,0.0
Hrasls5,0.0
Slc22a26,0.0
Slc22a27,0.0022988506
Slc22a29,0.0011494253
Slc22a6,0.014942529
Slc22a8,0.16896553
Tmem179b,12.594248
Stx5a,34.709183
Chrm1,0.0034482758
Wdr74,27.731035
9830166K06Rik,0.016091954
Slc3a2,81.946014
Tmem223,21.410345
Snhg1,21.509201
Snord22,1.0425278
Nxf1,98.09653
1700092M07Rik,0.24827588
Gm2518,0.19655177
Mir6992,0.42528725
5730408K05Rik,1.1022973
1810009A15Rik,3.1057353
Bscl2,26.35403
Zbtb3,2.683908
Hnrnpul2,12.319544
LOC102308570,0.004597701
Mir5136,0.0034482758
Ubxn1,62.577053
Ttc9c,25.07358
Polr2g,61.69191
Gng3,64.9598
AI462493,13.300006
Lrrn4cl,0.50229883
Ints5,13.243679
Eml3,3.373562
Eef1g,38.257465
Tut1,21.76666
B3gat3,8.421844
Rom1,0.2264368
Mta2,82.98737
Mir6367,0.0
Asrgl1,7.8574753
Scgb1a1,0.0
Stxbp3b,0.53908026
Incenp,15.768975
Best1,0.44942525
Rab3il1,5.5057473
Fads3,2.2781608
Fth1,191.88176
Tmem258,34.89424
Fen1,30.25172
Fads1,90.24485
Mir6993,0.20344836
Dagla,0.6183907
Lrrc10b,0.31954026
Syt7,1.333333
Ppp1r32,0.058620688
Dak,8.000004
Tmem216,12.736786
Cyb561a3,6.816092
Cpsf7,22.540234
Sdhaf2,30.66783
Tmem138,11.852877
Vps37c,22.04254
Vwce,0.21264365
Pga5,0.0
Cd5,0.2873563
4930524O05Rik,0.0057471264
Slc15a3,0.3551724
Tmem132a,73.49307
Cd6,0.009195402
Prpf19,15.041383
Zp1,0.024137931
Ms4a10,0.0
Ms4a15,0.0011494253
Ptgdr2,0.057471264
Ccdc86,17.556322
1700017D01Rik,0.0
Ms4a8a,0.0011494253
AW112010,0.0
Ms4a13,0.0011494253
Ms4a1,0.042528734
Ms4a7,0.0
Ms4a5,0.0022988506
Gm8369,0.0
Ms4a6c,0.013793103
Ms4a4b,0.0011494253
Ms4a6b,0.049425285
Ms4a4c,0.0
Ms4a6d,0.0
Ms4a4d,0.01724138
Ms4a3,0.0
Ms4a2,0.0
Oosp2,0.0
Gif,0.0011494253
Oosp3,0.0
Oosp1,0.0
Mrpl16,15.550573
Olfr1417,0.0
Olfr1420,0.0
Olfr1419,0.0
Olfr1418,0.0
Mir6994,0.027586207
Osbp,20.808054
Olfr1423,0.0
Olfr76,0.0
Olfr1428,0.0
Olfr1426,0.0
Olfr1427,0.0022988506
Olfr1424,0.0
Olfr1425,0.0
Olfr1433,0.0
Olfr1436,0.0
Olfr262,0.0011494253
Olfr235,0.0
Olfr1431,0.0
Olfr1434,0.0
Pfpl,0.0068965517
Olfr1440,0.0
Olfr1441,0.0
Olfr1437,0.0
Dtx4,6.383912
Mpeg1,0.10229884
Gm4952,0.0
A330040F15Rik,0.03908046
Olfr1443,0.0
Olfr1442,0.0068965517
Glyat,0.0
Cntf,0.047126435
Lpxn,0.17356321
Zfp91,11.560917
Zfp91Cntf,0.0
Olfr1449,0.0
Olfr1444,0.0
Olfr1450,0.0
Gm5512.1,2.87126
Olfr1447,0.008045977
Olfr1448,0.028735632
Olfr1446,0.0011494253
Olfr1445,0.0
Olfr1457,0.004597701
Olfr1454,0.0
Olfr1453,0.0
Olfr1451,0.0
Olfr1462,0.0
Olfr1461,0.0
Olfr1459,0.0
Olfr1463,0.011494253
Olfr1466,0.0
Olfr1467,0.0
Olfr1465,0.0057471264
Olfr1471,0.0
Olfr1475,0.0
Olfr1472,0.0
Olfr1469,0.0
Olfr1474,0.0
Olfr1477,0.0
Olfr1487,0.0
Olfr1484,0.0
Olfr1480,0.0
Olfr1489,0.0
Olfr1491,0.0011494253
Olfr1494,0.0
Olfr1490,0.0
Olfr1502,0.0
Olfr1500,0.0
Olfr1495,0.0
Olfr1499,0.0011494253
Olfr1501,0.0
Olfr1497,0.0
Olfr1504,0.0
Olfr1496,0.004597701
Olfr1505,0.0
Rnu6,0.0
Psat1,83.04366
Cep78,24.695415
E030024N20Rik,6.609204
Mir496b,0.020689655
Foxb2,0.004597701
Rfk,39.82417
Gcnt1,0.48275858
Nmrk1,1.9873558
D030056L22Rik,19.377008
2410127L17Rik,0.43333334
1500015L24Rik,0.0
Anxa1,0.10344827
C730002L08Rik,0.0011494253
E030003E18Rik,0.0
Aldh1a1,0.14022988
Zfand5,50.014965
Gda,0.0011494253
Abhd17b,11.5528755
Tmem2,290.97357
Mir204,0.0
Klf9,1.0160916
Mir1192,0.0034482758
Smc5,19.621843
Ptar1,2.2252867
Fxn,4.144825
Fam122a,5.960922
Tmem252,0.0022988506
Foxd4,0.0034482758
Mir3084+Mir3084-2+Snora19,0.0
Cbwd1,6.006899
Dmrt2,0.24367817
Dmrt3,0.0034482758
2610016A17Rik,0.01954023
4931403E22Rik,0.031034483
Gm815,0.011494253
Vldlr,1.9827582
Kcnv2,0.059770115
C030016D13Rik,0.013793103
4430402I18Rik,0.07126437
Ppapdc2,3.0034482
1700018L02Rik,0.11034479
Cdc37l1,11.436784
Ak3,44.902287
Gm9895,0.054022986
Mir101b,0.0
Rcl1,26.214947
Rln1,0.32528737
Insl6,1.0287355
Jak2,6.06437
Cd274,0.41609192
Pdcd1lg2,0.0011494253
C030046E11Rik,5.0172415
A930007I19Rik,0.24022993
Mlana,0.010344828
Ranbp6,18.664366
Il33,0.22298852
Trpd52l3,0.004597701
Uhrf2,33.160927
Mbl2,0.01954023
Ppp1r2-ps3,0.01724138
Dkk1,0.2954023
Gm6642,1.3011492
Cstf2t,30.805737
8430431K14Rik,1.3678159
A1cf,0.07011494
Asah2,0.37011492
2700046G09Rik,0.9643677
Atad1,51.0333
Lipo1,3.009194
Lipk,0.0011494253
Lipf,0.0
Lipm,0.0
Ankrd22,0.0
Fas,0.020689655
Acta2,3.9275851
Gm14446,0.0
Ch25h,0.22068965
Ifit2,1.0781608
Lipa,8.672414
Ifit3,0.0
Ifit1,0.18620689
2010002M12Rik,0.008045977
I830012O16Rik,0.0
Mir107,0.0
Kif20b,8.180464
Rpp30,13.2356415
Ankrd1,0.3114942
1500017E21Rik,0.020689655
Ppp1r3c,0.91264373
Tnks2,65.428764
Fgfbp3,1.1310344
A330032B11Rik,0.043678164
4931408D14Rik,0.07816093
Ide,21.96321
Hhex,0.104597695
Kif11,15.790804
Cyp26c1,0.0
Cyp26a1,0.09195402
Cep55,4.220689
Rbp4,0.7988504
Ffar4,0.0
Fra10ac1,7.6885056
Tbc1d12,2.7712624
Hells,16.768982
Cyp2c55,0.02183908
Cyp2c65,0.031034483
Cyp2c66,0.0
Cyp2c53-ps,0.0
Cyp2c39,0.0068965517
Cyp2c67,0.0011494253
Cyp2c40,0.0
Cyp2c54,0.0011494253
Cyp2c37,0.0011494253
Cyp2c70,0.0
Aldh18a1,49.331028
Tctn3,5.066667
Entpd1,0.15402299
Ccnj,15.526448
E030044B06Rik,0.0068965517
Blnk,0.088505745
Zfp518a,9.775866
Mir8092,0.0
Opalin,0.0
Dntt,0.018390805
Tm9sf3,39.58274
Mir8091,0.014942529
Gm19424,0.049425285
Arhgap19,9.147123
Exosc1,16.943672
Pgam1,2.55861
Frat2,3.1011493
Rrp12,13.780465
Frat1,5.0160937
Ubtd1,2.0517235
Hoga1,0.44137934
Mms19,27.906904
4933411K16Rik,0.03448276
Ankrd2,0.048275862
Sfrp5,0.28850576
Pi4k2a,13.990802
Marveld1,0.73218364
Morn4,39.629906
Zfyve27,22.51955
Avpi1,2.25747
Golga7b,3.0689645
Mir3085,0.0
R3hcc1l,12.621842
Hps1,9.616092
Cnnm1,0.12873563
Nkx2-3,0.016091954
Cox15,20.109201
Slc25a28,2.3551702
Cutc,3.0172408
Entpd7,7.3517303
BC037704,0.35977015
Abcc2,0.051724136
Gm10768,0.0
Cyp2c44,0.014942529
Cpn1,0.08275863
Chuk,27.854027
Bloc1s2,4.013781
Cwf19l1,11.336784
Scd3,0.04712643
Scd1,26.297712
Scd4,0.093103446
Mir5114,0.0
Sec31b,0.370115
Ndufb8,95.92994
Wnt8b,0.018390805
Mir6405,0.0
1700039E22Rik,0.0
Lzts2,21.47587
Peo1,20.282759
Sema4g,3.814939
Sfxn3,32.821846
Kazald1,0.064367816
4930414N06Rik,0.022988506
Mrpl43,30.906893
Pdzd7,0.42298847
Tlx1,0.10344827
Lbx1,0.020689655
Poll,10.616091
Dpcd,12.549424
Fgf8,0.1413793
4933429K18Rik,0.0
Kcnip2,0.97241366
Mgea5,47.42529
Npm3,0.7896544
Hps6,1.4172412
Ldb1,28.449442
Nolc1,63.97353
Elovl3,0.022988506
Pprc1,19.299992
Mir146b,0.0022988506
Cuedc2,74.89659
2310034G01Rik,0.537931
Actr1a,138.74939
Nfkb2,1.5241374
Psd,1.1977007
Fbxl15,3.2091913
Tmem180,3.1620684
Trim8,10.835635
Arl3,20.214933
Sfxn2,7.11035
Wbp1l,28.594265
Cyp17a1,0.013793103
2010012O05Rik,10.633336
As3mt,5.640229
Pcgf6,18.34713
Ina,114.89888
Calhm2,1.4275863
Calhm1,0.027586207
Taf5,6.1850586
Usmg5,9.210338
Pdcd11,16.278166
Mir6995,0.0
Gm19557,0.25517243
Obfc1,20.997705
Slk,12.349434
Col17a1,0.6321839
Wdr96,0.029885057
Sfr1,71.85746
Gsto1,23.325306
Gsto2,0.45172414
Itprip,9.051726
Ins1,0.009195402
AA387883,0.13103448
Xpnpep1,56.889652
Mir6407,0.0011494253
1700001K23Rik,0.004597701
5830416P10Rik,0.008045977
Smndc1,18.66899
Dusp5,1.2896544
Pdcd4,14.185068
Bbip1,17.396551
Adra2a,0.21494253
Gpam,5.92529
Gucy2g,0.048275854
Acsl5,10.411498
Mir6715,0.0
4930552P12Rik,0.06551724
Habp2,0.024137931
Plekhs1,0.025287356
Casp7,2.4609194
Dclre1a,4.566666
Nhlrc2,12.189656
Adrb1,0.004597701
Ccdc186,19.848282
Tdrd1,0.4183908
Afap1l2,0.4413793
4930449E18Rik,0.0
B230217O12Rik,0.27356324
Fam160b1,16.625294
Trub1,16.939095
6720468P15Rik,0.044827588
Mir5623,0.0034482758
Gm10007,0.08045977
Ccdc172,0.0
Pnlip,0.037931036
1810007D17Rik,0.04597701
1810018F18Rik,0.0
Pnliprp1,0.06551724
Pnliprp2,0.01724138
1700019N19Rik,0.004597701
Mir3086,0.0
Eno4,0.38735637
Kcnk18,0.0011494253
Vax1,0.0
Slc18a2,9.568968
Pdzd8,13.69426
Emx2os,0.283908
Emx2,0.18620689
Rab11fip2,4.480458
Fam204a,11.863218
Prlhr,0.0
Eif3a,184.75983
Nanos1,3.21494
Mir3084+Mir3084-2+Snora19.1,0.0
Prdx3,44.605747
Sfxn4,5.434485
Gm7102,0.5367812
Csf2ra,4.608048
Pisd-ps3,0.0
Csprs,0.0
Dhrsx,0.0
Ccl21b+Ccl21c+Gm10591+Gm13304+Gm21541.4,0.0
4933409K07Rik.2,0.0
Ccl21b+Ccl21c+Gm10591+Gm13304+Gm21541.5,0.0
Gm13298.3,0.0
Gm21586.3,0.0
Gm20878.3,0.0
Gm13308.3,0.0
Vmn2r122,0.0
4933409K07Rik.3,0.0
Ccl27b+Gm13305+Gm13306+Gm2002+Gm2506+Il11ra2+LOC100861978.1,0.0
Ccl21b+Ccl21c+Gm10591+Gm13304+Gm21541.6,0.0
Ccl19.1,0.0
Ccl27b+Gm13305+Gm13306+Gm2002+Gm2506+Il11ra2+LOC100861978.2,0.0
Gm1987.1,0.0
Ccl21a.1,0.0
A430089I19Rik.2,0.0
Gm3286.3,0.0
E330014E10Rik.1,0.0
BC061212+Gm7978.2,0.0
Gm3139.1,0.0
Gm3139.2,0.0
AU018829.2,0.0
Gm16367.2,0.0
A430089I19Rik.3,0.0
AU018829.3,0.0
Gm16367.3,0.0
Gm16367.4,0.0
Gm6367.1,0.0
AU018829.4,0.0
Gm16367.5,0.0
Gm16367.6,0.0
Vmn1r62.1,0.0
Vmn1r186.1,0.0
Vmn1r63.1,0.0
Vmn1r187.1,0.0
Tmlhe,0.0
Vamp7,0.0
Spry3,0.0
Zf12,0.0
